year,age,sex,n_asthma
2001,0,F,0
2001,0,M,0
2001,1,F,0
2001,1,M,0
2001,2,F,0
2001,2,M,0
2001,3,F,205
2001,3,M,270
2001,4,F,299
2001,4,M,521
2001,5,F,359
2001,5,M,545
2001,6,F,405
2001,6,M,614
2001,7,F,459
2001,7,M,706
2001,8,F,543
2001,8,M,778
2001,9,F,640
2001,9,M,953
2001,10,F,714
2001,10,M,1016
2001,11,F,768
2001,11,M,1159
2001,12,F,771
2001,12,M,1249
2001,13,F,809
2001,13,M,1228
2001,14,F,818
2001,14,M,1273
2001,15,F,899
2001,15,M,1296
2001,16,F,882
2001,16,M,1289
2001,17,F,853
2001,17,M,1292
2001,18,F,887
2001,18,M,1235
2001,19,F,910
2001,19,M,1182
2001,20,F,907
2001,20,M,1096
2001,21,F,871
2001,21,M,1034
2001,22,F,802
2001,22,M,930
2001,23,F,774
2001,23,M,843
2001,24,F,759
2001,24,M,750
2001,25,F,698
2001,25,M,739
2001,26,F,632
2001,26,M,620
2001,27,F,636
2001,27,M,575
2001,28,F,562
2001,28,M,498
2001,29,F,618
2001,29,M,487
2001,30,F,583
2001,30,M,461
2001,31,F,586
2001,31,M,464
2001,32,F,575
2001,32,M,378
2001,33,F,533
2001,33,M,352
2001,34,F,495
2001,34,M,337
2001,35,F,563
2001,35,M,337
2001,36,F,567
2001,36,M,348
2001,37,F,597
2001,37,M,300
2001,38,F,562
2001,38,M,331
2001,39,F,508
2001,39,M,307
2001,40,F,570
2001,40,M,303
2001,41,F,484
2001,41,M,290
2001,42,F,544
2001,42,M,263
2001,43,F,511
2001,43,M,250
2001,44,F,503
2001,44,M,235
2001,45,F,502
2001,45,M,240
2001,46,F,486
2001,46,M,266
2001,47,F,480
2001,47,M,204
2001,48,F,425
2001,48,M,221
2001,49,F,447
2001,49,M,238
2001,50,F,419
2001,50,M,227
2001,51,F,428
2001,51,M,252
2001,52,F,427
2001,52,M,235
2001,53,F,406
2001,53,M,260
2001,54,F,450
2001,54,M,265
2001,55,F,385
2001,55,M,219
2001,56,F,335
2001,56,M,225
2001,57,F,352
2001,57,M,217
2001,58,F,344
2001,58,M,249
2001,59,F,321
2001,59,M,219
2001,60,F,353
2001,60,M,212
2001,61,F,326
2001,61,M,205
2001,62,F,294
2001,62,M,202
2001,63,F,273
2001,63,M,168
2001,64,F,257
2001,64,M,136
2001,65,F,248
2001,65,M,146
2001,66,F,248
2001,66,M,155
2001,67,F,266
2001,67,M,155
2001,68,F,259
2001,68,M,157
2001,69,F,253
2001,69,M,147
2001,70,F,225
2001,70,M,158
2001,71,F,263
2001,71,M,116
2001,72,F,235
2001,72,M,127
2001,73,F,215
2001,73,M,115
2001,74,F,234
2001,74,M,99
2001,75,F,226
2001,75,M,103
2001,76,F,188
2001,76,M,89
2001,77,F,217
2001,77,M,90
2001,78,F,222
2001,78,M,105
2001,79,F,189
2001,79,M,71
2001,80,F,194
2001,80,M,85
2001,81,F,161
2001,81,M,58
2001,82,F,143
2001,82,M,46
2001,83,F,134
2001,83,M,52
2001,84,F,117
2001,84,M,39
2001,85,F,107
2001,85,M,34
2001,86,F,93
2001,86,M,27
2001,87,F,70
2001,87,M,19
2001,88,F,65
2001,88,M,22
2001,89,F,54
2001,89,M,19
2001,90,F,49
2001,90,M,16
2001,91,F,33
2001,91,M,12
2001,92,F,27
2001,92,M,8
2001,93,F,20
2001,93,M,4
2001,94,F,21
2001,94,M,6
2001,95,F,17
2001,95,M,0
2001,96,F,16
2001,96,M,0
2001,97,F,4
2001,97,M,1
2001,98,F,4
2001,98,M,0
2001,99,F,3
2001,99,M,0
2001,100,F,1
2001,100,M,1
2001,101,F,0
2001,101,M,0
2001,102,F,0
2001,102,M,0
2001,103,F,0
2001,103,M,0
2001,104,F,0
2001,104,M,0
2001,105,F,0
2001,105,M,0
2001,106,F,0
2001,106,M,0
2001,107,F,0
2001,107,M,0
2001,108,F,0
2001,108,M,0
2001,109,F,0
2001,109,M,0
2001,110,F,0
2001,110,M,0
2002,0,F,0
2002,0,M,0
2002,1,F,0
2002,1,M,0
2002,2,F,0
2002,2,M,0
2002,3,F,217
2002,3,M,289
2002,4,F,313
2002,4,M,457
2002,5,F,371
2002,5,M,666
2002,6,F,436
2002,6,M,686
2002,7,F,478
2002,7,M,698
2002,8,F,531
2002,8,M,801
2002,9,F,601
2002,9,M,850
2002,10,F,705
2002,10,M,997
2002,11,F,748
2002,11,M,1081
2002,12,F,815
2002,12,M,1198
2002,13,F,808
2002,13,M,1282
2002,14,F,830
2002,14,M,1228
2002,15,F,836
2002,15,M,1258
2002,16,F,927
2002,16,M,1296
2002,17,F,922
2002,17,M,1296
2002,18,F,872
2002,18,M,1289
2002,19,F,907
2002,19,M,1271
2002,20,F,935
2002,20,M,1204
2002,21,F,929
2002,21,M,1107
2002,22,F,886
2002,22,M,1049
2002,23,F,810
2002,23,M,946
2002,24,F,799
2002,24,M,849
2002,25,F,782
2002,25,M,748
2002,26,F,714
2002,26,M,738
2002,27,F,658
2002,27,M,638
2002,28,F,660
2002,28,M,594
2002,29,F,586
2002,29,M,526
2002,30,F,630
2002,30,M,508
2002,31,F,621
2002,31,M,487
2002,32,F,619
2002,32,M,480
2002,33,F,582
2002,33,M,403
2002,34,F,570
2002,34,M,380
2002,35,F,547
2002,35,M,357
2002,36,F,596
2002,36,M,375
2002,37,F,606
2002,37,M,387
2002,38,F,637
2002,38,M,330
2002,39,F,603
2002,39,M,369
2002,40,F,561
2002,40,M,341
2002,41,F,616
2002,41,M,330
2002,42,F,530
2002,42,M,325
2002,43,F,572
2002,43,M,294
2002,44,F,540
2002,44,M,289
2002,45,F,540
2002,45,M,262
2002,46,F,551
2002,46,M,266
2002,47,F,519
2002,47,M,290
2002,48,F,534
2002,48,M,237
2002,49,F,461
2002,49,M,231
2002,50,F,474
2002,50,M,260
2002,51,F,455
2002,51,M,241
2002,52,F,455
2002,52,M,283
2002,53,F,456
2002,53,M,249
2002,54,F,427
2002,54,M,277
2002,55,F,485
2002,55,M,274
2002,56,F,400
2002,56,M,236
2002,57,F,350
2002,57,M,245
2002,58,F,379
2002,58,M,239
2002,59,F,377
2002,59,M,267
2002,60,F,359
2002,60,M,230
2002,61,F,380
2002,61,M,235
2002,62,F,358
2002,62,M,224
2002,63,F,310
2002,63,M,215
2002,64,F,296
2002,64,M,171
2002,65,F,276
2002,65,M,140
2002,66,F,264
2002,66,M,157
2002,67,F,256
2002,67,M,155
2002,68,F,281
2002,68,M,175
2002,69,F,269
2002,69,M,162
2002,70,F,271
2002,70,M,158
2002,71,F,248
2002,71,M,169
2002,72,F,270
2002,72,M,135
2002,73,F,248
2002,73,M,135
2002,74,F,226
2002,74,M,119
2002,75,F,245
2002,75,M,95
2002,76,F,235
2002,76,M,106
2002,77,F,203
2002,77,M,86
2002,78,F,218
2002,78,M,96
2002,79,F,229
2002,79,M,110
2002,80,F,201
2002,80,M,71
2002,81,F,198
2002,81,M,81
2002,82,F,170
2002,82,M,56
2002,83,F,148
2002,83,M,43
2002,84,F,135
2002,84,M,52
2002,85,F,113
2002,85,M,37
2002,86,F,102
2002,86,M,31
2002,87,F,93
2002,87,M,27
2002,88,F,69
2002,88,M,20
2002,89,F,60
2002,89,M,17
2002,90,F,51
2002,90,M,17
2002,91,F,49
2002,91,M,13
2002,92,F,34
2002,92,M,11
2002,93,F,25
2002,93,M,6
2002,94,F,17
2002,94,M,3
2002,95,F,14
2002,95,M,4
2002,96,F,14
2002,96,M,0
2002,97,F,13
2002,97,M,0
2002,98,F,1
2002,98,M,0
2002,99,F,2
2002,99,M,0
2002,100,F,5
2002,100,M,0
2002,101,F,1
2002,101,M,1
2002,102,F,0
2002,102,M,0
2002,103,F,0
2002,103,M,0
2002,104,F,0
2002,104,M,0
2002,105,F,0
2002,105,M,0
2002,106,F,0
2002,106,M,0
2002,107,F,0
2002,107,M,0
2002,108,F,0
2002,108,M,0
2002,109,F,0
2002,109,M,0
2002,110,F,0
2002,110,M,0
2003,0,F,0
2003,0,M,0
2003,1,F,0
2003,1,M,0
2003,2,F,0
2003,2,M,0
2003,3,F,227
2003,3,M,297
2003,4,F,302
2003,4,M,464
2003,5,F,384
2003,5,M,593
2003,6,F,447
2003,6,M,783
2003,7,F,519
2003,7,M,785
2003,8,F,550
2003,8,M,770
2003,9,F,596
2003,9,M,866
2003,10,F,662
2003,10,M,908
2003,11,F,767
2003,11,M,1025
2003,12,F,806
2003,12,M,1118
2003,13,F,870
2003,13,M,1220
2003,14,F,841
2003,14,M,1288
2003,15,F,857
2003,15,M,1232
2003,16,F,870
2003,16,M,1259
2003,17,F,947
2003,17,M,1292
2003,18,F,943
2003,18,M,1301
2003,19,F,897
2003,19,M,1300
2003,20,F,921
2003,20,M,1279
2003,21,F,951
2003,21,M,1196
2003,22,F,936
2003,22,M,1111
2003,23,F,881
2003,23,M,1065
2003,24,F,825
2003,24,M,944
2003,25,F,818
2003,25,M,858
2003,26,F,789
2003,26,M,763
2003,27,F,723
2003,27,M,748
2003,28,F,683
2003,28,M,656
2003,29,F,679
2003,29,M,619
2003,30,F,604
2003,30,M,548
2003,31,F,661
2003,31,M,537
2003,32,F,653
2003,32,M,497
2003,33,F,652
2003,33,M,498
2003,34,F,603
2003,34,M,420
2003,35,F,595
2003,35,M,406
2003,36,F,574
2003,36,M,378
2003,37,F,630
2003,37,M,398
2003,38,F,637
2003,38,M,420
2003,39,F,678
2003,39,M,367
2003,40,F,666
2003,40,M,416
2003,41,F,605
2003,41,M,361
2003,42,F,666
2003,42,M,352
2003,43,F,563
2003,43,M,352
2003,44,F,600
2003,44,M,326
2003,45,F,580
2003,45,M,305
2003,46,F,579
2003,46,M,282
2003,47,F,579
2003,47,M,292
2003,48,F,547
2003,48,M,307
2003,49,F,571
2003,49,M,267
2003,50,F,481
2003,50,M,251
2003,51,F,515
2003,51,M,276
2003,52,F,482
2003,52,M,259
2003,53,F,491
2003,53,M,308
2003,54,F,474
2003,54,M,274
2003,55,F,459
2003,55,M,293
2003,56,F,507
2003,56,M,304
2003,57,F,425
2003,57,M,247
2003,58,F,378
2003,58,M,256
2003,59,F,398
2003,59,M,262
2003,60,F,399
2003,60,M,290
2003,61,F,385
2003,61,M,246
2003,62,F,421
2003,62,M,257
2003,63,F,366
2003,63,M,227
2003,64,F,337
2003,64,M,224
2003,65,F,303
2003,65,M,179
2003,66,F,290
2003,66,M,143
2003,67,F,281
2003,67,M,170
2003,68,F,269
2003,68,M,161
2003,69,F,291
2003,69,M,173
2003,70,F,279
2003,70,M,168
2003,71,F,282
2003,71,M,170
2003,72,F,264
2003,72,M,166
2003,73,F,281
2003,73,M,140
2003,74,F,250
2003,74,M,139
2003,75,F,233
2003,75,M,128
2003,76,F,246
2003,76,M,99
2003,77,F,235
2003,77,M,109
2003,78,F,209
2003,78,M,93
2003,79,F,214
2003,79,M,90
2003,80,F,239
2003,80,M,102
2003,81,F,206
2003,81,M,67
2003,82,F,191
2003,82,M,73
2003,83,F,176
2003,83,M,52
2003,84,F,146
2003,84,M,40
2003,85,F,129
2003,85,M,46
2003,86,F,108
2003,86,M,39
2003,87,F,98
2003,87,M,29
2003,88,F,90
2003,88,M,27
2003,89,F,63
2003,89,M,15
2003,90,F,57
2003,90,M,20
2003,91,F,41
2003,91,M,18
2003,92,F,41
2003,92,M,10
2003,93,F,30
2003,93,M,11
2003,94,F,25
2003,94,M,5
2003,95,F,13
2003,95,M,4
2003,96,F,11
2003,96,M,5
2003,97,F,12
2003,97,M,1
2003,98,F,7
2003,98,M,0
2003,99,F,1
2003,99,M,0
2003,100,F,8
2003,100,M,0
2003,101,F,4
2003,101,M,0
2003,102,F,1
2003,102,M,1
2003,103,F,0
2003,103,M,0
2003,104,F,0
2003,104,M,0
2003,105,F,0
2003,105,M,0
2003,106,F,0
2003,106,M,0
2003,107,F,0
2003,107,M,0
2003,108,F,0
2003,108,M,0
2003,109,F,0
2003,109,M,0
2003,110,F,0
2003,110,M,0
2004,0,F,0
2004,0,M,0
2004,1,F,0
2004,1,M,0
2004,2,F,0
2004,2,M,0
2004,3,F,195
2004,3,M,308
2004,4,F,326
2004,4,M,498
2004,5,F,396
2004,5,M,605
2004,6,F,443
2004,6,M,698
2004,7,F,511
2004,7,M,890
2004,8,F,594
2004,8,M,856
2004,9,F,625
2004,9,M,838
2004,10,F,649
2004,10,M,921
2004,11,F,727
2004,11,M,939
2004,12,F,816
2004,12,M,1053
2004,13,F,824
2004,13,M,1140
2004,14,F,905
2004,14,M,1229
2004,15,F,857
2004,15,M,1294
2004,16,F,881
2004,16,M,1240
2004,17,F,901
2004,17,M,1252
2004,18,F,955
2004,18,M,1278
2004,19,F,960
2004,19,M,1299
2004,20,F,919
2004,20,M,1302
2004,21,F,939
2004,21,M,1283
2004,22,F,962
2004,22,M,1207
2004,23,F,943
2004,23,M,1114
2004,24,F,895
2004,24,M,1070
2004,25,F,833
2004,25,M,955
2004,26,F,833
2004,26,M,864
2004,27,F,792
2004,27,M,775
2004,28,F,735
2004,28,M,768
2004,29,F,700
2004,29,M,671
2004,30,F,713
2004,30,M,639
2004,31,F,633
2004,31,M,570
2004,32,F,687
2004,32,M,552
2004,33,F,677
2004,33,M,515
2004,34,F,689
2004,34,M,512
2004,35,F,621
2004,35,M,446
2004,36,F,637
2004,36,M,427
2004,37,F,601
2004,37,M,407
2004,38,F,652
2004,38,M,418
2004,39,F,680
2004,39,M,451
2004,40,F,728
2004,40,M,392
2004,41,F,716
2004,41,M,447
2004,42,F,650
2004,42,M,393
2004,43,F,709
2004,43,M,383
2004,44,F,613
2004,44,M,386
2004,45,F,637
2004,45,M,357
2004,46,F,622
2004,46,M,327
2004,47,F,619
2004,47,M,305
2004,48,F,629
2004,48,M,318
2004,49,F,578
2004,49,M,332
2004,50,F,600
2004,50,M,297
2004,51,F,525
2004,51,M,276
2004,52,F,549
2004,52,M,291
2004,53,F,515
2004,53,M,285
2004,54,F,501
2004,54,M,318
2004,55,F,518
2004,55,M,290
2004,56,F,494
2004,56,M,311
2004,57,F,540
2004,57,M,318
2004,58,F,453
2004,58,M,270
2004,59,F,401
2004,59,M,280
2004,60,F,424
2004,60,M,285
2004,61,F,424
2004,61,M,312
2004,62,F,417
2004,62,M,269
2004,63,F,438
2004,63,M,255
2004,64,F,391
2004,64,M,226
2004,65,F,344
2004,65,M,218
2004,66,F,317
2004,66,M,179
2004,67,F,302
2004,67,M,156
2004,68,F,303
2004,68,M,170
2004,69,F,281
2004,69,M,160
2004,70,F,304
2004,70,M,179
2004,71,F,296
2004,71,M,167
2004,72,F,301
2004,72,M,191
2004,73,F,272
2004,73,M,166
2004,74,F,291
2004,74,M,148
2004,75,F,257
2004,75,M,140
2004,76,F,247
2004,76,M,135
2004,77,F,250
2004,77,M,104
2004,78,F,258
2004,78,M,113
2004,79,F,215
2004,79,M,101
2004,80,F,214
2004,80,M,90
2004,81,F,230
2004,81,M,92
2004,82,F,197
2004,82,M,67
2004,83,F,191
2004,83,M,72
2004,84,F,180
2004,84,M,49
2004,85,F,149
2004,85,M,35
2004,86,F,122
2004,86,M,41
2004,87,F,111
2004,87,M,36
2004,88,F,91
2004,88,M,31
2004,89,F,86
2004,89,M,27
2004,90,F,57
2004,90,M,14
2004,91,F,50
2004,91,M,20
2004,92,F,38
2004,92,M,15
2004,93,F,37
2004,93,M,8
2004,94,F,27
2004,94,M,10
2004,95,F,18
2004,95,M,3
2004,96,F,14
2004,96,M,4
2004,97,F,7
2004,97,M,3
2004,98,F,8
2004,98,M,0
2004,99,F,4
2004,99,M,0
2004,100,F,9
2004,100,M,0
2004,101,F,8
2004,101,M,0
2004,102,F,4
2004,102,M,0
2004,103,F,0
2004,103,M,0
2004,104,F,0
2004,104,M,0
2004,105,F,0
2004,105,M,0
2004,106,F,0
2004,106,M,0
2004,107,F,0
2004,107,M,0
2004,108,F,0
2004,108,M,0
2004,109,F,0
2004,109,M,0
2004,110,F,0
2004,110,M,0
2005,0,F,0
2005,0,M,0
2005,1,F,0
2005,1,M,0
2005,2,F,0
2005,2,M,0
2005,3,F,244
2005,3,M,326
2005,4,F,305
2005,4,M,510
2005,5,F,385
2005,5,M,649
2005,6,F,472
2005,6,M,701
2005,7,F,519
2005,7,M,796
2005,8,F,578
2005,8,M,965
2005,9,F,655
2005,9,M,914
2005,10,F,684
2005,10,M,891
2005,11,F,697
2005,11,M,969
2005,12,F,767
2005,12,M,969
2005,13,F,871
2005,13,M,1076
2005,14,F,865
2005,14,M,1146
2005,15,F,931
2005,15,M,1228
2005,16,F,886
2005,16,M,1291
2005,17,F,891
2005,17,M,1254
2005,18,F,908
2005,18,M,1238
2005,19,F,955
2005,19,M,1301
2005,20,F,959
2005,20,M,1316
2005,21,F,941
2005,21,M,1296
2005,22,F,958
2005,22,M,1282
2005,23,F,969
2005,23,M,1202
2005,24,F,941
2005,24,M,1110
2005,25,F,911
2005,25,M,1062
2005,26,F,845
2005,26,M,955
2005,27,F,852
2005,27,M,874
2005,28,F,817
2005,28,M,785
2005,29,F,752
2005,29,M,784
2005,30,F,717
2005,30,M,680
2005,31,F,745
2005,31,M,645
2005,32,F,671
2005,32,M,585
2005,33,F,723
2005,33,M,570
2005,34,F,702
2005,34,M,543
2005,35,F,715
2005,35,M,548
2005,36,F,673
2005,36,M,471
2005,37,F,663
2005,37,M,440
2005,38,F,632
2005,38,M,429
2005,39,F,691
2005,39,M,440
2005,40,F,725
2005,40,M,482
2005,41,F,772
2005,41,M,424
2005,42,F,765
2005,42,M,472
2005,43,F,694
2005,43,M,420
2005,44,F,743
2005,44,M,407
2005,45,F,674
2005,45,M,408
2005,46,F,688
2005,46,M,385
2005,47,F,676
2005,47,M,353
2005,48,F,650
2005,48,M,334
2005,49,F,653
2005,49,M,342
2005,50,F,611
2005,50,M,357
2005,51,F,639
2005,51,M,324
2005,52,F,568
2005,52,M,296
2005,53,F,582
2005,53,M,315
2005,54,F,540
2005,54,M,306
2005,55,F,526
2005,55,M,339
2005,56,F,544
2005,56,M,298
2005,57,F,510
2005,57,M,336
2005,58,F,567
2005,58,M,330
2005,59,F,481
2005,59,M,283
2005,60,F,440
2005,60,M,295
2005,61,F,451
2005,61,M,306
2005,62,F,467
2005,62,M,339
2005,63,F,433
2005,63,M,290
2005,64,F,447
2005,64,M,275
2005,65,F,407
2005,65,M,231
2005,66,F,354
2005,66,M,220
2005,67,F,323
2005,67,M,182
2005,68,F,308
2005,68,M,168
2005,69,F,316
2005,69,M,179
2005,70,F,301
2005,70,M,164
2005,71,F,307
2005,71,M,176
2005,72,F,303
2005,72,M,181
2005,73,F,297
2005,73,M,190
2005,74,F,283
2005,74,M,166
2005,75,F,294
2005,75,M,159
2005,76,F,265
2005,76,M,140
2005,77,F,249
2005,77,M,132
2005,78,F,265
2005,78,M,105
2005,79,F,257
2005,79,M,115
2005,80,F,213
2005,80,M,97
2005,81,F,209
2005,81,M,88
2005,82,F,233
2005,82,M,93
2005,83,F,195
2005,83,M,62
2005,84,F,196
2005,84,M,65
2005,85,F,181
2005,85,M,49
2005,86,F,142
2005,86,M,34
2005,87,F,120
2005,87,M,32
2005,88,F,101
2005,88,M,31
2005,89,F,82
2005,89,M,30
2005,90,F,77
2005,90,M,23
2005,91,F,52
2005,91,M,11
2005,92,F,43
2005,92,M,16
2005,93,F,36
2005,93,M,10
2005,94,F,30
2005,94,M,8
2005,95,F,21
2005,95,M,9
2005,96,F,12
2005,96,M,3
2005,97,F,10
2005,97,M,4
2005,98,F,5
2005,98,M,4
2005,99,F,7
2005,99,M,0
2005,100,F,11
2005,100,M,1
2005,101,F,4
2005,101,M,0
2005,102,F,9
2005,102,M,0
2005,103,F,5
2005,103,M,0
2005,104,F,0
2005,104,M,0
2005,105,F,0
2005,105,M,0
2005,106,F,0
2005,106,M,0
2005,107,F,0
2005,107,M,0
2005,108,F,0
2005,108,M,0
2005,109,F,0
2005,109,M,0
2005,110,F,0
2005,110,M,0
2006,0,F,0
2006,0,M,0
2006,1,F,0
2006,1,M,0
2006,2,F,0
2006,2,M,0
2006,3,F,211
2006,3,M,386
2006,4,F,334
2006,4,M,497
2006,5,F,375
2006,5,M,656
2006,6,F,458
2006,6,M,779
2006,7,F,525
2006,7,M,790
2006,8,F,566
2006,8,M,883
2006,9,F,638
2006,9,M,1022
2006,10,F,703
2006,10,M,970
2006,11,F,730
2006,11,M,942
2006,12,F,750
2006,12,M,991
2006,13,F,807
2006,13,M,988
2006,14,F,905
2006,14,M,1084
2006,15,F,898
2006,15,M,1130
2006,16,F,948
2006,16,M,1243
2006,17,F,913
2006,17,M,1293
2006,18,F,909
2006,18,M,1261
2006,19,F,942
2006,19,M,1236
2006,20,F,961
2006,20,M,1290
2006,21,F,969
2006,21,M,1308
2006,22,F,956
2006,22,M,1278
2006,23,F,959
2006,23,M,1283
2006,24,F,993
2006,24,M,1200
2006,25,F,953
2006,25,M,1116
2006,26,F,912
2006,26,M,1059
2006,27,F,864
2006,27,M,971
2006,28,F,887
2006,28,M,884
2006,29,F,846
2006,29,M,801
2006,30,F,790
2006,30,M,792
2006,31,F,739
2006,31,M,697
2006,32,F,774
2006,32,M,653
2006,33,F,706
2006,33,M,602
2006,34,F,748
2006,34,M,581
2006,35,F,740
2006,35,M,562
2006,36,F,743
2006,36,M,579
2006,37,F,708
2006,37,M,493
2006,38,F,697
2006,38,M,465
2006,39,F,658
2006,39,M,453
2006,40,F,725
2006,40,M,465
2006,41,F,772
2006,41,M,509
2006,42,F,810
2006,42,M,448
2006,43,F,805
2006,43,M,495
2006,44,F,745
2006,44,M,445
2006,45,F,782
2006,45,M,428
2006,46,F,699
2006,46,M,434
2006,47,F,724
2006,47,M,407
2006,48,F,712
2006,48,M,382
2006,49,F,679
2006,49,M,354
2006,50,F,700
2006,50,M,367
2006,51,F,657
2006,51,M,387
2006,52,F,664
2006,52,M,348
2006,53,F,615
2006,53,M,314
2006,54,F,608
2006,54,M,336
2006,55,F,580
2006,55,M,323
2006,56,F,553
2006,56,M,356
2006,57,F,580
2006,57,M,314
2006,58,F,537
2006,58,M,355
2006,59,F,591
2006,59,M,348
2006,60,F,506
2006,60,M,310
2006,61,F,472
2006,61,M,321
2006,62,F,481
2006,62,M,326
2006,63,F,481
2006,63,M,341
2006,64,F,451
2006,64,M,313
2006,65,F,446
2006,65,M,268
2006,66,F,421
2006,66,M,237
2006,67,F,379
2006,67,M,218
2006,68,F,336
2006,68,M,195
2006,69,F,328
2006,69,M,172
2006,70,F,335
2006,70,M,180
2006,71,F,317
2006,71,M,178
2006,72,F,325
2006,72,M,176
2006,73,F,309
2006,73,M,181
2006,74,F,302
2006,74,M,183
2006,75,F,291
2006,75,M,168
2006,76,F,294
2006,76,M,157
2006,77,F,274
2006,77,M,136
2006,78,F,262
2006,78,M,136
2006,79,F,267
2006,79,M,100
2006,80,F,264
2006,80,M,117
2006,81,F,209
2006,81,M,93
2006,82,F,214
2006,82,M,87
2006,83,F,232
2006,83,M,93
2006,84,F,195
2006,84,M,63
2006,85,F,188
2006,85,M,57
2006,86,F,177
2006,86,M,44
2006,87,F,137
2006,87,M,32
2006,88,F,115
2006,88,M,31
2006,89,F,87
2006,89,M,24
2006,90,F,84
2006,90,M,24
2006,91,F,71
2006,91,M,16
2006,92,F,47
2006,92,M,11
2006,93,F,36
2006,93,M,15
2006,94,F,30
2006,94,M,6
2006,95,F,29
2006,95,M,5
2006,96,F,17
2006,96,M,9
2006,97,F,12
2006,97,M,0
2006,98,F,7
2006,98,M,2
2006,99,F,6
2006,99,M,1
2006,100,F,9
2006,100,M,0
2006,101,F,7
2006,101,M,1
2006,102,F,4
2006,102,M,0
2006,103,F,7
2006,103,M,0
2006,104,F,2
2006,104,M,0
2006,105,F,0
2006,105,M,0
2006,106,F,0
2006,106,M,0
2006,107,F,0
2006,107,M,0
2006,108,F,0
2006,108,M,0
2006,109,F,0
2006,109,M,0
2006,110,F,0
2006,110,M,0
2007,0,F,0
2007,0,M,0
2007,1,F,0
2007,1,M,0
2007,2,F,0
2007,2,M,0
2007,3,F,258
2007,3,M,424
2007,4,F,282
2007,4,M,501
2007,5,F,399
2007,5,M,656
2007,6,F,443
2007,6,M,766
2007,7,F,530
2007,7,M,874
2007,8,F,590
2007,8,M,865
2007,9,F,636
2007,9,M,933
2007,10,F,696
2007,10,M,1060
2007,11,F,745
2007,11,M,1031
2007,12,F,771
2007,12,M,983
2007,13,F,785
2007,13,M,1027
2007,14,F,840
2007,14,M,1004
2007,15,F,928
2007,15,M,1080
2007,16,F,915
2007,16,M,1136
2007,17,F,959
2007,17,M,1235
2007,18,F,928
2007,18,M,1281
2007,19,F,946
2007,19,M,1243
2007,20,F,962
2007,20,M,1237
2007,21,F,979
2007,21,M,1295
2007,22,F,985
2007,22,M,1292
2007,23,F,952
2007,23,M,1280
2007,24,F,972
2007,24,M,1283
2007,25,F,1005
2007,25,M,1193
2007,26,F,969
2007,26,M,1120
2007,27,F,930
2007,27,M,1058
2007,28,F,880
2007,28,M,978
2007,29,F,910
2007,29,M,892
2007,30,F,859
2007,30,M,822
2007,31,F,807
2007,31,M,798
2007,32,F,762
2007,32,M,699
2007,33,F,795
2007,33,M,667
2007,34,F,728
2007,34,M,622
2007,35,F,795
2007,35,M,603
2007,36,F,787
2007,36,M,589
2007,37,F,790
2007,37,M,589
2007,38,F,751
2007,38,M,509
2007,39,F,740
2007,39,M,482
2007,40,F,689
2007,40,M,472
2007,41,F,771
2007,41,M,489
2007,42,F,802
2007,42,M,533
2007,43,F,840
2007,43,M,487
2007,44,F,843
2007,44,M,527
2007,45,F,783
2007,45,M,468
2007,46,F,821
2007,46,M,461
2007,47,F,729
2007,47,M,458
2007,48,F,767
2007,48,M,439
2007,49,F,767
2007,49,M,404
2007,50,F,710
2007,50,M,392
2007,51,F,726
2007,51,M,395
2007,52,F,686
2007,52,M,422
2007,53,F,688
2007,53,M,374
2007,54,F,646
2007,54,M,340
2007,55,F,626
2007,55,M,354
2007,56,F,594
2007,56,M,341
2007,57,F,591
2007,57,M,367
2007,58,F,612
2007,58,M,337
2007,59,F,582
2007,59,M,382
2007,60,F,626
2007,60,M,360
2007,61,F,542
2007,61,M,333
2007,62,F,500
2007,62,M,339
2007,63,F,502
2007,63,M,329
2007,64,F,497
2007,64,M,349
2007,65,F,467
2007,65,M,319
2007,66,F,453
2007,66,M,276
2007,67,F,430
2007,67,M,234
2007,68,F,391
2007,68,M,217
2007,69,F,345
2007,69,M,211
2007,70,F,344
2007,70,M,179
2007,71,F,348
2007,71,M,185
2007,72,F,314
2007,72,M,177
2007,73,F,330
2007,73,M,181
2007,74,F,311
2007,74,M,182
2007,75,F,319
2007,75,M,186
2007,76,F,300
2007,76,M,170
2007,77,F,311
2007,77,M,150
2007,78,F,288
2007,78,M,131
2007,79,F,267
2007,79,M,141
2007,80,F,268
2007,80,M,100
2007,81,F,271
2007,81,M,117
2007,82,F,204
2007,82,M,91
2007,83,F,218
2007,83,M,89
2007,84,F,228
2007,84,M,89
2007,85,F,191
2007,85,M,56
2007,86,F,190
2007,86,M,50
2007,87,F,174
2007,87,M,39
2007,88,F,125
2007,88,M,31
2007,89,F,102
2007,89,M,27
2007,90,F,86
2007,90,M,22
2007,91,F,81
2007,91,M,22
2007,92,F,59
2007,92,M,14
2007,93,F,43
2007,93,M,10
2007,94,F,35
2007,94,M,12
2007,95,F,25
2007,95,M,6
2007,96,F,25
2007,96,M,4
2007,97,F,9
2007,97,M,6
2007,98,F,8
2007,98,M,0
2007,99,F,7
2007,99,M,2
2007,100,F,14
2007,100,M,1
2007,101,F,5
2007,101,M,0
2007,102,F,4
2007,102,M,1
2007,103,F,2
2007,103,M,0
2007,104,F,4
2007,104,M,0
2007,105,F,2
2007,105,M,0
2007,106,F,0
2007,106,M,0
2007,107,F,0
2007,107,M,0
2007,108,F,0
2007,108,M,0
2007,109,F,0
2007,109,M,0
2007,110,F,0
2007,110,M,0
2008,0,F,0
2008,0,M,0
2008,1,F,0
2008,1,M,0
2008,2,F,0
2008,2,M,0
2008,3,F,257
2008,3,M,478
2008,4,F,320
2008,4,M,558
2008,5,F,355
2008,5,M,618
2008,6,F,467
2008,6,M,764
2008,7,F,511
2008,7,M,857
2008,8,F,589
2008,8,M,941
2008,9,F,643
2008,9,M,930
2008,10,F,677
2008,10,M,976
2008,11,F,721
2008,11,M,1112
2008,12,F,774
2008,12,M,1069
2008,13,F,804
2008,13,M,1014
2008,14,F,819
2008,14,M,1049
2008,15,F,873
2008,15,M,1004
2008,16,F,955
2008,16,M,1094
2008,17,F,934
2008,17,M,1118
2008,18,F,968
2008,18,M,1216
2008,19,F,960
2008,19,M,1280
2008,20,F,960
2008,20,M,1238
2008,21,F,981
2008,21,M,1236
2008,22,F,975
2008,22,M,1276
2008,23,F,988
2008,23,M,1290
2008,24,F,955
2008,24,M,1268
2008,25,F,992
2008,25,M,1268
2008,26,F,1017
2008,26,M,1199
2008,27,F,982
2008,27,M,1113
2008,28,F,929
2008,28,M,1062
2008,29,F,893
2008,29,M,976
2008,30,F,925
2008,30,M,909
2008,31,F,865
2008,31,M,831
2008,32,F,856
2008,32,M,813
2008,33,F,791
2008,33,M,710
2008,34,F,825
2008,34,M,687
2008,35,F,762
2008,35,M,647
2008,36,F,837
2008,36,M,615
2008,37,F,822
2008,37,M,601
2008,38,F,830
2008,38,M,609
2008,39,F,805
2008,39,M,533
2008,40,F,774
2008,40,M,505
2008,41,F,724
2008,41,M,495
2008,42,F,809
2008,42,M,513
2008,43,F,842
2008,43,M,553
2008,44,F,881
2008,44,M,519
2008,45,F,874
2008,45,M,571
2008,46,F,821
2008,46,M,496
2008,47,F,859
2008,47,M,494
2008,48,F,768
2008,48,M,484
2008,49,F,797
2008,49,M,475
2008,50,F,810
2008,50,M,433
2008,51,F,739
2008,51,M,425
2008,52,F,761
2008,52,M,418
2008,53,F,722
2008,53,M,440
2008,54,F,707
2008,54,M,390
2008,55,F,685
2008,55,M,361
2008,56,F,658
2008,56,M,370
2008,57,F,623
2008,57,M,355
2008,58,F,623
2008,58,M,389
2008,59,F,649
2008,59,M,371
2008,60,F,625
2008,60,M,392
2008,61,F,671
2008,61,M,381
2008,62,F,570
2008,62,M,351
2008,63,F,510
2008,63,M,346
2008,64,F,507
2008,64,M,339
2008,65,F,508
2008,65,M,357
2008,66,F,471
2008,66,M,325
2008,67,F,461
2008,67,M,274
2008,68,F,434
2008,68,M,241
2008,69,F,399
2008,69,M,217
2008,70,F,353
2008,70,M,211
2008,71,F,355
2008,71,M,183
2008,72,F,359
2008,72,M,188
2008,73,F,316
2008,73,M,174
2008,74,F,325
2008,74,M,176
2008,75,F,323
2008,75,M,183
2008,76,F,332
2008,76,M,183
2008,77,F,315
2008,77,M,172
2008,78,F,323
2008,78,M,140
2008,79,F,301
2008,79,M,129
2008,80,F,268
2008,80,M,135
2008,81,F,271
2008,81,M,97
2008,82,F,266
2008,82,M,114
2008,83,F,204
2008,83,M,84
2008,84,F,216
2008,84,M,82
2008,85,F,227
2008,85,M,82
2008,86,F,187
2008,86,M,52
2008,87,F,168
2008,87,M,43
2008,88,F,162
2008,88,M,34
2008,89,F,111
2008,89,M,32
2008,90,F,93
2008,90,M,23
2008,91,F,78
2008,91,M,17
2008,92,F,66
2008,92,M,16
2008,93,F,47
2008,93,M,15
2008,94,F,38
2008,94,M,12
2008,95,F,33
2008,95,M,8
2008,96,F,24
2008,96,M,6
2008,97,F,19
2008,97,M,2
2008,98,F,9
2008,98,M,5
2008,99,F,5
2008,99,M,0
2008,100,F,16
2008,100,M,2
2008,101,F,11
2008,101,M,1
2008,102,F,3
2008,102,M,0
2008,103,F,3
2008,103,M,0
2008,104,F,2
2008,104,M,0
2008,105,F,2
2008,105,M,0
2008,106,F,1
2008,106,M,0
2008,107,F,0
2008,107,M,0
2008,108,F,0
2008,108,M,0
2008,109,F,0
2008,109,M,0
2008,110,F,0
2008,110,M,0
2009,0,F,0
2009,0,M,0
2009,1,F,0
2009,1,M,0
2009,2,F,0
2009,2,M,0
2009,3,F,266
2009,3,M,483
2009,4,F,322
2009,4,M,552
2009,5,F,391
2009,5,M,691
2009,6,F,418
2009,6,M,739
2009,7,F,533
2009,7,M,861
2009,8,F,568
2009,8,M,938
2009,9,F,647
2009,9,M,998
2009,10,F,689
2009,10,M,975
2009,11,F,728
2009,11,M,1018
2009,12,F,764
2009,12,M,1157
2009,13,F,818
2009,13,M,1101
2009,14,F,825
2009,14,M,1025
2009,15,F,830
2009,15,M,1066
2009,16,F,895
2009,16,M,1016
2009,17,F,980
2009,17,M,1097
2009,18,F,952
2009,18,M,1123
2009,19,F,995
2009,19,M,1219
2009,20,F,995
2009,20,M,1255
2009,21,F,967
2009,21,M,1225
2009,22,F,992
2009,22,M,1213
2009,23,F,970
2009,23,M,1265
2009,24,F,1003
2009,24,M,1276
2009,25,F,953
2009,25,M,1270
2009,26,F,1025
2009,26,M,1252
2009,27,F,1028
2009,27,M,1211
2009,28,F,990
2009,28,M,1123
2009,29,F,947
2009,29,M,1057
2009,30,F,902
2009,30,M,986
2009,31,F,948
2009,31,M,920
2009,32,F,890
2009,32,M,847
2009,33,F,882
2009,33,M,809
2009,34,F,817
2009,34,M,716
2009,35,F,853
2009,35,M,691
2009,36,F,804
2009,36,M,675
2009,37,F,874
2009,37,M,633
2009,38,F,863
2009,38,M,629
2009,39,F,867
2009,39,M,643
2009,40,F,840
2009,40,M,552
2009,41,F,798
2009,41,M,523
2009,42,F,760
2009,42,M,518
2009,43,F,838
2009,43,M,540
2009,44,F,879
2009,44,M,572
2009,45,F,924
2009,45,M,540
2009,46,F,921
2009,46,M,596
2009,47,F,865
2009,47,M,526
2009,48,F,892
2009,48,M,520
2009,49,F,811
2009,49,M,524
2009,50,F,837
2009,50,M,504
2009,51,F,849
2009,51,M,457
2009,52,F,765
2009,52,M,443
2009,53,F,777
2009,53,M,448
2009,54,F,741
2009,54,M,459
2009,55,F,742
2009,55,M,419
2009,56,F,716
2009,56,M,382
2009,57,F,686
2009,57,M,398
2009,58,F,653
2009,58,M,370
2009,59,F,652
2009,59,M,412
2009,60,F,684
2009,60,M,393
2009,61,F,664
2009,61,M,396
2009,62,F,711
2009,62,M,405
2009,63,F,572
2009,63,M,366
2009,64,F,522
2009,64,M,352
2009,65,F,523
2009,65,M,344
2009,66,F,516
2009,66,M,359
2009,67,F,493
2009,67,M,326
2009,68,F,468
2009,68,M,281
2009,69,F,440
2009,69,M,246
2009,70,F,408
2009,70,M,225
2009,71,F,369
2009,71,M,219
2009,72,F,359
2009,72,M,182
2009,73,F,370
2009,73,M,191
2009,74,F,328
2009,74,M,172
2009,75,F,323
2009,75,M,175
2009,76,F,331
2009,76,M,190
2009,77,F,337
2009,77,M,182
2009,78,F,327
2009,78,M,171
2009,79,F,317
2009,79,M,142
2009,80,F,301
2009,80,M,127
2009,81,F,266
2009,81,M,138
2009,82,F,269
2009,82,M,97
2009,83,F,261
2009,83,M,114
2009,84,F,199
2009,84,M,81
2009,85,F,216
2009,85,M,86
2009,86,F,218
2009,86,M,74
2009,87,F,181
2009,87,M,44
2009,88,F,166
2009,88,M,44
2009,89,F,151
2009,89,M,29
2009,90,F,99
2009,90,M,27
2009,91,F,90
2009,91,M,22
2009,92,F,72
2009,92,M,14
2009,93,F,56
2009,93,M,13
2009,94,F,42
2009,94,M,10
2009,95,F,32
2009,95,M,6
2009,96,F,30
2009,96,M,7
2009,97,F,14
2009,97,M,3
2009,98,F,14
2009,98,M,1
2009,99,F,7
2009,99,M,3
2009,100,F,17
2009,100,M,0
2009,101,F,11
2009,101,M,1
2009,102,F,4
2009,102,M,0
2009,103,F,2
2009,103,M,0
2009,104,F,2
2009,104,M,0
2009,105,F,1
2009,105,M,0
2009,106,F,2
2009,106,M,0
2009,107,F,0
2009,107,M,0
2009,108,F,0
2009,108,M,0
2009,109,F,0
2009,109,M,0
2009,110,F,0
2009,110,M,0
2010,0,F,0
2010,0,M,0
2010,1,F,0
2010,1,M,0
2010,2,F,0
2010,2,M,0
2010,3,F,309
2010,3,M,542
2010,4,F,313
2010,4,M,580
2010,5,F,396
2010,5,M,675
2010,6,F,474
2010,6,M,797
2010,7,F,515
2010,7,M,817
2010,8,F,583
2010,8,M,918
2010,9,F,618
2010,9,M,995
2010,10,F,695
2010,10,M,1043
2010,11,F,730
2010,11,M,1019
2010,12,F,770
2010,12,M,1042
2010,13,F,808
2010,13,M,1176
2010,14,F,851
2010,14,M,1117
2010,15,F,865
2010,15,M,1030
2010,16,F,847
2010,16,M,1077
2010,17,F,908
2010,17,M,1015
2010,18,F,1000
2010,18,M,1120
2010,19,F,975
2010,19,M,1147
2010,20,F,999
2010,20,M,1214
2010,21,F,1006
2010,21,M,1247
2010,22,F,969
2010,22,M,1213
2010,23,F,1007
2010,23,M,1202
2010,24,F,978
2010,24,M,1259
2010,25,F,1014
2010,25,M,1265
2010,26,F,971
2010,26,M,1272
2010,27,F,1049
2010,27,M,1244
2010,28,F,1056
2010,28,M,1210
2010,29,F,1006
2010,29,M,1131
2010,30,F,979
2010,30,M,1058
2010,31,F,918
2010,31,M,988
2010,32,F,967
2010,32,M,929
2010,33,F,926
2010,33,M,854
2010,34,F,899
2010,34,M,819
2010,35,F,853
2010,35,M,727
2010,36,F,877
2010,36,M,712
2010,37,F,831
2010,37,M,680
2010,38,F,911
2010,38,M,652
2010,39,F,887
2010,39,M,644
2010,40,F,892
2010,40,M,669
2010,41,F,882
2010,41,M,572
2010,42,F,824
2010,42,M,544
2010,43,F,785
2010,43,M,539
2010,44,F,869
2010,44,M,558
2010,45,F,914
2010,45,M,594
2010,46,F,971
2010,46,M,554
2010,47,F,958
2010,47,M,627
2010,48,F,911
2010,48,M,540
2010,49,F,920
2010,49,M,549
2010,50,F,846
2010,50,M,549
2010,51,F,885
2010,51,M,529
2010,52,F,892
2010,52,M,476
2010,53,F,798
2010,53,M,469
2010,54,F,813
2010,54,M,473
2010,55,F,779
2010,55,M,489
2010,56,F,787
2010,56,M,438
2010,57,F,742
2010,57,M,403
2010,58,F,714
2010,58,M,424
2010,59,F,698
2010,59,M,383
2010,60,F,676
2010,60,M,435
2010,61,F,719
2010,61,M,409
2010,62,F,694
2010,62,M,410
2010,63,F,734
2010,63,M,413
2010,64,F,583
2010,64,M,382
2010,65,F,534
2010,65,M,362
2010,66,F,536
2010,66,M,349
2010,67,F,534
2010,67,M,367
2010,68,F,502
2010,68,M,332
2010,69,F,469
2010,69,M,282
2010,70,F,449
2010,70,M,258
2010,71,F,426
2010,71,M,226
2010,72,F,390
2010,72,M,220
2010,73,F,358
2010,73,M,188
2010,74,F,378
2010,74,M,196
2010,75,F,336
2010,75,M,176
2010,76,F,326
2010,76,M,179
2010,77,F,337
2010,77,M,184
2010,78,F,342
2010,78,M,176
2010,79,F,327
2010,79,M,165
2010,80,F,306
2010,80,M,145
2010,81,F,302
2010,81,M,122
2010,82,F,267
2010,82,M,133
2010,83,F,268
2010,83,M,96
2010,84,F,258
2010,84,M,97
2010,85,F,194
2010,85,M,64
2010,86,F,198
2010,86,M,79
2010,87,F,211
2010,87,M,69
2010,88,F,164
2010,88,M,40
2010,89,F,148
2010,89,M,43
2010,90,F,134
2010,90,M,28
2010,91,F,81
2010,91,M,19
2010,92,F,76
2010,92,M,23
2010,93,F,70
2010,93,M,12
2010,94,F,47
2010,94,M,10
2010,95,F,30
2010,95,M,8
2010,96,F,26
2010,96,M,4
2010,97,F,24
2010,97,M,5
2010,98,F,12
2010,98,M,4
2010,99,F,8
2010,99,M,0
2010,100,F,10
2010,100,M,3
2010,101,F,13
2010,101,M,0
2010,102,F,6
2010,102,M,0
2010,103,F,4
2010,103,M,0
2010,104,F,1
2010,104,M,0
2010,105,F,1
2010,105,M,0
2010,106,F,1
2010,106,M,0
2010,107,F,0
2010,107,M,0
2010,108,F,0
2010,108,M,0
2010,109,F,0
2010,109,M,0
2010,110,F,0
2010,110,M,0
2011,0,F,0
2011,0,M,0
2011,1,F,0
2011,1,M,0
2011,2,F,0
2011,2,M,0
2011,3,F,303
2011,3,M,513
2011,4,F,367
2011,4,M,633
2011,5,F,373
2011,5,M,683
2011,6,F,454
2011,6,M,797
2011,7,F,530
2011,7,M,865
2011,8,F,569
2011,8,M,874
2011,9,F,629
2011,9,M,977
2011,10,F,668
2011,10,M,1052
2011,11,F,732
2011,11,M,1070
2011,12,F,762
2011,12,M,1060
2011,13,F,808
2011,13,M,1063
2011,14,F,838
2011,14,M,1189
2011,15,F,874
2011,15,M,1125
2011,16,F,883
2011,16,M,1040
2011,17,F,867
2011,17,M,1082
2011,18,F,925
2011,18,M,1027
2011,19,F,1011
2011,19,M,1123
2011,20,F,982
2011,20,M,1155
2011,21,F,1011
2011,21,M,1207
2011,22,F,1004
2011,22,M,1222
2011,23,F,989
2011,23,M,1208
2011,24,F,1016
2011,24,M,1205
2011,25,F,985
2011,25,M,1233
2011,26,F,1029
2011,26,M,1249
2011,27,F,985
2011,27,M,1261
2011,28,F,1049
2011,28,M,1260
2011,29,F,1078
2011,29,M,1220
2011,30,F,1021
2011,30,M,1124
2011,31,F,986
2011,31,M,1066
2011,32,F,951
2011,32,M,1005
2011,33,F,978
2011,33,M,939
2011,34,F,942
2011,34,M,858
2011,35,F,931
2011,35,M,824
2011,36,F,878
2011,36,M,737
2011,37,F,893
2011,37,M,718
2011,38,F,858
2011,38,M,698
2011,39,F,954
2011,39,M,673
2011,40,F,915
2011,40,M,658
2011,41,F,928
2011,41,M,678
2011,42,F,917
2011,42,M,589
2011,43,F,858
2011,43,M,557
2011,44,F,826
2011,44,M,576
2011,45,F,898
2011,45,M,580
2011,46,F,945
2011,46,M,619
2011,47,F,997
2011,47,M,582
2011,48,F,993
2011,48,M,651
2011,49,F,953
2011,49,M,566
2011,50,F,964
2011,50,M,577
2011,51,F,884
2011,51,M,577
2011,52,F,920
2011,52,M,560
2011,53,F,920
2011,53,M,505
2011,54,F,821
2011,54,M,493
2011,55,F,836
2011,55,M,500
2011,56,F,797
2011,56,M,510
2011,57,F,815
2011,57,M,461
2011,58,F,776
2011,58,M,430
2011,59,F,738
2011,59,M,445
2011,60,F,717
2011,60,M,416
2011,61,F,712
2011,61,M,455
2011,62,F,745
2011,62,M,431
2011,63,F,713
2011,63,M,422
2011,64,F,746
2011,64,M,430
2011,65,F,615
2011,65,M,387
2011,66,F,552
2011,66,M,355
2011,67,F,552
2011,67,M,348
2011,68,F,542
2011,68,M,369
2011,69,F,514
2011,69,M,334
2011,70,F,469
2011,70,M,286
2011,71,F,452
2011,71,M,263
2011,72,F,443
2011,72,M,226
2011,73,F,401
2011,73,M,227
2011,74,F,367
2011,74,M,192
2011,75,F,380
2011,75,M,205
2011,76,F,334
2011,76,M,177
2011,77,F,325
2011,77,M,172
2011,78,F,335
2011,78,M,177
2011,79,F,340
2011,79,M,173
2011,80,F,330
2011,80,M,163
2011,81,F,309
2011,81,M,146
2011,82,F,294
2011,82,M,116
2011,83,F,261
2011,83,M,121
2011,84,F,253
2011,84,M,93
2011,85,F,259
2011,85,M,95
2011,86,F,185
2011,86,M,69
2011,87,F,193
2011,87,M,77
2011,88,F,202
2011,88,M,63
2011,89,F,161
2011,89,M,38
2011,90,F,134
2011,90,M,40
2011,91,F,114
2011,91,M,28
2011,92,F,76
2011,92,M,15
2011,93,F,67
2011,93,M,19
2011,94,F,64
2011,94,M,13
2011,95,F,41
2011,95,M,7
2011,96,F,22
2011,96,M,6
2011,97,F,19
2011,97,M,3
2011,98,F,15
2011,98,M,3
2011,99,F,14
2011,99,M,4
2011,100,F,18
2011,100,M,2
2011,101,F,7
2011,101,M,2
2011,102,F,7
2011,102,M,0
2011,103,F,4
2011,103,M,1
2011,104,F,1
2011,104,M,0
2011,105,F,0
2011,105,M,0
2011,106,F,1
2011,106,M,0
2011,107,F,1
2011,107,M,0
2011,108,F,0
2011,108,M,0
2011,109,F,0
2011,109,M,0
2011,110,F,0
2011,110,M,0
2012,0,F,0
2012,0,M,0
2012,1,F,0
2012,1,M,0
2012,2,F,0
2012,2,M,0
2012,3,F,290
2012,3,M,557
2012,4,F,421
2012,4,M,609
2012,5,F,444
2012,5,M,724
2012,6,F,460
2012,6,M,785
2012,7,F,513
2012,7,M,888
2012,8,F,598
2012,8,M,920
2012,9,F,626
2012,9,M,941
2012,10,F,667
2012,10,M,1030
2012,11,F,702
2012,11,M,1096
2012,12,F,777
2012,12,M,1104
2012,13,F,786
2012,13,M,1093
2012,14,F,825
2012,14,M,1077
2012,15,F,848
2012,15,M,1186
2012,16,F,874
2012,16,M,1127
2012,17,F,867
2012,17,M,1048
2012,18,F,881
2012,18,M,1087
2012,19,F,955
2012,19,M,1037
2012,20,F,1008
2012,20,M,1124
2012,21,F,981
2012,21,M,1137
2012,22,F,1020
2012,22,M,1204
2012,23,F,1004
2012,23,M,1216
2012,24,F,995
2012,24,M,1203
2012,25,F,1012
2012,25,M,1197
2012,26,F,977
2012,26,M,1247
2012,27,F,1035
2012,27,M,1234
2012,28,F,1006
2012,28,M,1254
2012,29,F,1057
2012,29,M,1259
2012,30,F,1096
2012,30,M,1232
2012,31,F,1024
2012,31,M,1126
2012,32,F,992
2012,32,M,1090
2012,33,F,964
2012,33,M,1004
2012,34,F,1009
2012,34,M,954
2012,35,F,975
2012,35,M,860
2012,36,F,962
2012,36,M,838
2012,37,F,909
2012,37,M,750
2012,38,F,919
2012,38,M,735
2012,39,F,897
2012,39,M,714
2012,40,F,981
2012,40,M,693
2012,41,F,947
2012,41,M,684
2012,42,F,950
2012,42,M,700
2012,43,F,940
2012,43,M,611
2012,44,F,886
2012,44,M,577
2012,45,F,860
2012,45,M,594
2012,46,F,928
2012,46,M,608
2012,47,F,975
2012,47,M,650
2012,48,F,1023
2012,48,M,607
2012,49,F,1039
2012,49,M,685
2012,50,F,984
2012,50,M,604
2012,51,F,991
2012,51,M,609
2012,52,F,907
2012,52,M,599
2012,53,F,956
2012,53,M,575
2012,54,F,951
2012,54,M,531
2012,55,F,847
2012,55,M,524
2012,56,F,861
2012,56,M,512
2012,57,F,833
2012,57,M,537
2012,58,F,841
2012,58,M,503
2012,59,F,802
2012,59,M,451
2012,60,F,768
2012,60,M,466
2012,61,F,745
2012,61,M,432
2012,62,F,735
2012,62,M,462
2012,63,F,768
2012,63,M,450
2012,64,F,737
2012,64,M,438
2012,65,F,757
2012,65,M,446
2012,66,F,640
2012,66,M,395
2012,67,F,565
2012,67,M,370
2012,68,F,552
2012,68,M,349
2012,69,F,551
2012,69,M,365
2012,70,F,509
2012,70,M,341
2012,71,F,472
2012,71,M,281
2012,72,F,450
2012,72,M,261
2012,73,F,438
2012,73,M,233
2012,74,F,409
2012,74,M,229
2012,75,F,371
2012,75,M,200
2012,76,F,375
2012,76,M,204
2012,77,F,346
2012,77,M,184
2012,78,F,324
2012,78,M,168
2012,79,F,333
2012,79,M,172
2012,80,F,332
2012,80,M,164
2012,81,F,321
2012,81,M,156
2012,82,F,303
2012,82,M,145
2012,83,F,279
2012,83,M,113
2012,84,F,259
2012,84,M,107
2012,85,F,254
2012,85,M,86
2012,86,F,246
2012,86,M,87
2012,87,F,174
2012,87,M,69
2012,88,F,181
2012,88,M,70
2012,89,F,192
2012,89,M,57
2012,90,F,153
2012,90,M,41
2012,91,F,112
2012,91,M,29
2012,92,F,99
2012,92,M,24
2012,93,F,63
2012,93,M,12
2012,94,F,56
2012,94,M,16
2012,95,F,47
2012,95,M,8
2012,96,F,33
2012,96,M,6
2012,97,F,15
2012,97,M,3
2012,98,F,16
2012,98,M,4
2012,99,F,12
2012,99,M,2
2012,100,F,26
2012,100,M,5
2012,101,F,11
2012,101,M,2
2012,102,F,4
2012,102,M,0
2012,103,F,6
2012,103,M,0
2012,104,F,3
2012,104,M,0
2012,105,F,1
2012,105,M,0
2012,106,F,0
2012,106,M,0
2012,107,F,1
2012,107,M,0
2012,108,F,1
2012,108,M,0
2012,109,F,0
2012,109,M,0
2012,110,F,0
2012,110,M,0
2013,0,F,0
2013,0,M,0
2013,1,F,0
2013,1,M,0
2013,2,F,0
2013,2,M,0
2013,3,F,285
2013,3,M,628
2013,4,F,334
2013,4,M,617
2013,5,F,468
2013,5,M,733
2013,6,F,513
2013,6,M,824
2013,7,F,547
2013,7,M,876
2013,8,F,566
2013,8,M,965
2013,9,F,652
2013,9,M,979
2013,10,F,680
2013,10,M,999
2013,11,F,716
2013,11,M,1061
2013,12,F,737
2013,12,M,1127
2013,13,F,820
2013,13,M,1120
2013,14,F,829
2013,14,M,1106
2013,15,F,832
2013,15,M,1076
2013,16,F,871
2013,16,M,1191
2013,17,F,885
2013,17,M,1118
2013,18,F,882
2013,18,M,1042
2013,19,F,915
2013,19,M,1082
2013,20,F,956
2013,20,M,1040
2013,21,F,999
2013,21,M,1102
2013,22,F,961
2013,22,M,1136
2013,23,F,1006
2013,23,M,1195
2013,24,F,1009
2013,24,M,1193
2013,25,F,994
2013,25,M,1199
2013,26,F,1005
2013,26,M,1188
2013,27,F,991
2013,27,M,1248
2013,28,F,1054
2013,28,M,1226
2013,29,F,1021
2013,29,M,1249
2013,30,F,1063
2013,30,M,1243
2013,31,F,1106
2013,31,M,1235
2013,32,F,1042
2013,32,M,1125
2013,33,F,1010
2013,33,M,1098
2013,34,F,982
2013,34,M,997
2013,35,F,1018
2013,35,M,950
2013,36,F,1001
2013,36,M,857
2013,37,F,985
2013,37,M,841
2013,38,F,941
2013,38,M,748
2013,39,F,961
2013,39,M,751
2013,40,F,935
2013,40,M,723
2013,41,F,1009
2013,41,M,716
2013,42,F,972
2013,42,M,706
2013,43,F,983
2013,43,M,714
2013,44,F,973
2013,44,M,623
2013,45,F,915
2013,45,M,596
2013,46,F,897
2013,46,M,618
2013,47,F,962
2013,47,M,629
2013,48,F,1011
2013,48,M,675
2013,49,F,1071
2013,49,M,637
2013,50,F,1071
2013,50,M,707
2013,51,F,1012
2013,51,M,629
2013,52,F,1029
2013,52,M,638
2013,53,F,934
2013,53,M,617
2013,54,F,983
2013,54,M,602
2013,55,F,985
2013,55,M,552
2013,56,F,881
2013,56,M,549
2013,57,F,876
2013,57,M,535
2013,58,F,870
2013,58,M,573
2013,59,F,875
2013,59,M,515
2013,60,F,832
2013,60,M,468
2013,61,F,803
2013,61,M,486
2013,62,F,785
2013,62,M,451
2013,63,F,762
2013,63,M,462
2013,64,F,792
2013,64,M,464
2013,65,F,778
2013,65,M,446
2013,66,F,770
2013,66,M,458
2013,67,F,650
2013,67,M,409
2013,68,F,575
2013,68,M,392
2013,69,F,560
2013,69,M,361
2013,70,F,556
2013,70,M,375
2013,71,F,529
2013,71,M,346
2013,72,F,476
2013,72,M,281
2013,73,F,458
2013,73,M,261
2013,74,F,441
2013,74,M,237
2013,75,F,419
2013,75,M,231
2013,76,F,373
2013,76,M,206
2013,77,F,378
2013,77,M,198
2013,78,F,340
2013,78,M,185
2013,79,F,333
2013,79,M,160
2013,80,F,330
2013,80,M,167
2013,81,F,317
2013,81,M,167
2013,82,F,313
2013,82,M,146
2013,83,F,291
2013,83,M,137
2013,84,F,277
2013,84,M,103
2013,85,F,260
2013,85,M,103
2013,86,F,254
2013,86,M,84
2013,87,F,237
2013,87,M,78
2013,88,F,157
2013,88,M,60
2013,89,F,180
2013,89,M,62
2013,90,F,173
2013,90,M,53
2013,91,F,140
2013,91,M,38
2013,92,F,99
2013,92,M,24
2013,93,F,82
2013,93,M,18
2013,94,F,55
2013,94,M,7
2013,95,F,45
2013,95,M,11
2013,96,F,38
2013,96,M,6
2013,97,F,25
2013,97,M,6
2013,98,F,15
2013,98,M,2
2013,99,F,12
2013,99,M,2
2013,100,F,20
2013,100,M,6
2013,101,F,15
2013,101,M,4
2013,102,F,8
2013,102,M,1
2013,103,F,2
2013,103,M,0
2013,104,F,5
2013,104,M,0
2013,105,F,3
2013,105,M,0
2013,106,F,1
2013,106,M,0
2013,107,F,0
2013,107,M,0
2013,108,F,0
2013,108,M,0
2013,109,F,0
2013,109,M,0
2013,110,F,0
2013,110,M,0
2014,0,F,0
2014,0,M,0
2014,1,F,0
2014,1,M,0
2014,2,F,0
2014,2,M,0
2014,3,F,293
2014,3,M,558
2014,4,F,341
2014,4,M,627
2014,5,F,405
2014,5,M,703
2014,6,F,551
2014,6,M,817
2014,7,F,588
2014,7,M,912
2014,8,F,604
2014,8,M,954
2014,9,F,616
2014,9,M,1014
2014,10,F,705
2014,10,M,1017
2014,11,F,717
2014,11,M,1034
2014,12,F,748
2014,12,M,1071
2014,13,F,761
2014,13,M,1143
2014,14,F,825
2014,14,M,1134
2014,15,F,831
2014,15,M,1130
2014,16,F,843
2014,16,M,1072
2014,17,F,864
2014,17,M,1177
2014,18,F,897
2014,18,M,1127
2014,19,F,923
2014,19,M,1053
2014,20,F,913
2014,20,M,1087
2014,21,F,951
2014,21,M,1037
2014,22,F,986
2014,22,M,1091
2014,23,F,959
2014,23,M,1125
2014,24,F,1019
2014,24,M,1179
2014,25,F,1003
2014,25,M,1191
2014,26,F,985
2014,26,M,1193
2014,27,F,1013
2014,27,M,1191
2014,28,F,997
2014,28,M,1254
2014,29,F,1056
2014,29,M,1217
2014,30,F,1034
2014,30,M,1245
2014,31,F,1078
2014,31,M,1237
2014,32,F,1107
2014,32,M,1234
2014,33,F,1055
2014,33,M,1127
2014,34,F,1020
2014,34,M,1109
2014,35,F,1017
2014,35,M,997
2014,36,F,1025
2014,36,M,949
2014,37,F,1020
2014,37,M,867
2014,38,F,1003
2014,38,M,843
2014,39,F,965
2014,39,M,765
2014,40,F,987
2014,40,M,777
2014,41,F,958
2014,41,M,728
2014,42,F,1049
2014,42,M,721
2014,43,F,998
2014,43,M,730
2014,44,F,1012
2014,44,M,734
2014,45,F,992
2014,45,M,648
2014,46,F,937
2014,46,M,611
2014,47,F,930
2014,47,M,643
2014,48,F,992
2014,48,M,655
2014,49,F,1034
2014,49,M,707
2014,50,F,1115
2014,50,M,669
2014,51,F,1099
2014,51,M,734
2014,52,F,1041
2014,52,M,644
2014,53,F,1053
2014,53,M,664
2014,54,F,977
2014,54,M,642
2014,55,F,1011
2014,55,M,623
2014,56,F,1012
2014,56,M,568
2014,57,F,927
2014,57,M,569
2014,58,F,911
2014,58,M,556
2014,59,F,907
2014,59,M,573
2014,60,F,914
2014,60,M,535
2014,61,F,848
2014,61,M,472
2014,62,F,839
2014,62,M,496
2014,63,F,804
2014,63,M,458
2014,64,F,771
2014,64,M,468
2014,65,F,802
2014,65,M,478
2014,66,F,784
2014,66,M,455
2014,67,F,775
2014,67,M,475
2014,68,F,655
2014,68,M,416
2014,69,F,577
2014,69,M,391
2014,70,F,573
2014,70,M,369
2014,71,F,564
2014,71,M,379
2014,72,F,523
2014,72,M,374
2014,73,F,479
2014,73,M,279
2014,74,F,467
2014,74,M,259
2014,75,F,444
2014,75,M,245
2014,76,F,419
2014,76,M,231
2014,77,F,380
2014,77,M,198
2014,78,F,373
2014,78,M,195
2014,79,F,345
2014,79,M,181
2014,80,F,326
2014,80,M,156
2014,81,F,320
2014,81,M,165
2014,82,F,307
2014,82,M,163
2014,83,F,306
2014,83,M,142
2014,84,F,274
2014,84,M,128
2014,85,F,264
2014,85,M,94
2014,86,F,251
2014,86,M,105
2014,87,F,239
2014,87,M,77
2014,88,F,222
2014,88,M,72
2014,89,F,145
2014,89,M,52
2014,90,F,154
2014,90,M,52
2014,91,F,156
2014,91,M,43
2014,92,F,132
2014,92,M,29
2014,93,F,81
2014,93,M,21
2014,94,F,68
2014,94,M,14
2014,95,F,41
2014,95,M,6
2014,96,F,35
2014,96,M,8
2014,97,F,30
2014,97,M,2
2014,98,F,18
2014,98,M,2
2014,99,F,11
2014,99,M,1
2014,100,F,26
2014,100,M,2
2014,101,F,15
2014,101,M,4
2014,102,F,11
2014,102,M,3
2014,103,F,4
2014,103,M,1
2014,104,F,1
2014,104,M,0
2014,105,F,5
2014,105,M,0
2014,106,F,1
2014,106,M,0
2014,107,F,0
2014,107,M,0
2014,108,F,0
2014,108,M,0
2014,109,F,0
2014,109,M,0
2014,110,F,0
2014,110,M,0
2015,0,F,0
2015,0,M,0
2015,1,F,0
2015,1,M,0
2015,2,F,0
2015,2,M,0
2015,3,F,285
2015,3,M,676
2015,4,F,314
2015,4,M,545
2015,5,F,397
2015,5,M,711
2015,6,F,482
2015,6,M,786
2015,7,F,631
2015,7,M,911
2015,8,F,652
2015,8,M,986
2015,9,F,662
2015,9,M,1023
2015,10,F,671
2015,10,M,1060
2015,11,F,729
2015,11,M,1051
2015,12,F,743
2015,12,M,1061
2015,13,F,773
2015,13,M,1084
2015,14,F,775
2015,14,M,1158
2015,15,F,844
2015,15,M,1129
2015,16,F,839
2015,16,M,1125
2015,17,F,854
2015,17,M,1061
2015,18,F,862
2015,18,M,1168
2015,19,F,906
2015,19,M,1116
2015,20,F,927
2015,20,M,1054
2015,21,F,888
2015,21,M,1068
2015,22,F,941
2015,22,M,1036
2015,23,F,971
2015,23,M,1086
2015,24,F,945
2015,24,M,1114
2015,25,F,1021
2015,25,M,1163
2015,26,F,995
2015,26,M,1154
2015,27,F,966
2015,27,M,1180
2015,28,F,1010
2015,28,M,1173
2015,29,F,1003
2015,29,M,1249
2015,30,F,1048
2015,30,M,1210
2015,31,F,1037
2015,31,M,1244
2015,32,F,1093
2015,32,M,1212
2015,33,F,1113
2015,33,M,1229
2015,34,F,1079
2015,34,M,1110
2015,35,F,1030
2015,35,M,1108
2015,36,F,1029
2015,36,M,986
2015,37,F,1044
2015,37,M,956
2015,38,F,1044
2015,38,M,871
2015,39,F,1024
2015,39,M,843
2015,40,F,972
2015,40,M,766
2015,41,F,1013
2015,41,M,790
2015,42,F,974
2015,42,M,735
2015,43,F,1079
2015,43,M,729
2015,44,F,1011
2015,44,M,756
2015,45,F,1041
2015,45,M,756
2015,46,F,1015
2015,46,M,671
2015,47,F,975
2015,47,M,624
2015,48,F,965
2015,48,M,665
2015,49,F,1023
2015,49,M,678
2015,50,F,1055
2015,50,M,726
2015,51,F,1135
2015,51,M,694
2015,52,F,1124
2015,52,M,758
2015,53,F,1079
2015,53,M,673
2015,54,F,1083
2015,54,M,684
2015,55,F,1009
2015,55,M,677
2015,56,F,1040
2015,56,M,647
2015,57,F,1046
2015,57,M,586
2015,58,F,968
2015,58,M,591
2015,59,F,949
2015,59,M,576
2015,60,F,938
2015,60,M,576
2015,61,F,942
2015,61,M,558
2015,62,F,875
2015,62,M,474
2015,63,F,853
2015,63,M,502
2015,64,F,813
2015,64,M,471
2015,65,F,774
2015,65,M,490
2015,66,F,812
2015,66,M,484
2015,67,F,792
2015,67,M,448
2015,68,F,784
2015,68,M,487
2015,69,F,669
2015,69,M,423
2015,70,F,597
2015,70,M,405
2015,71,F,581
2015,71,M,373
2015,72,F,580
2015,72,M,387
2015,73,F,531
2015,73,M,374
2015,74,F,476
2015,74,M,286
2015,75,F,465
2015,75,M,266
2015,76,F,438
2015,76,M,246
2015,77,F,416
2015,77,M,229
2015,78,F,378
2015,78,M,199
2015,79,F,371
2015,79,M,188
2015,80,F,338
2015,80,M,179
2015,81,F,314
2015,81,M,152
2015,82,F,324
2015,82,M,159
2015,83,F,297
2015,83,M,146
2015,84,F,291
2015,84,M,133
2015,85,F,262
2015,85,M,124
2015,86,F,257
2015,86,M,92
2015,87,F,237
2015,87,M,93
2015,88,F,227
2015,88,M,73
2015,89,F,204
2015,89,M,71
2015,90,F,130
2015,90,M,51
2015,91,F,137
2015,91,M,43
2015,92,F,136
2015,92,M,33
2015,93,F,116
2015,93,M,21
2015,94,F,69
2015,94,M,19
2015,95,F,60
2015,95,M,10
2015,96,F,30
2015,96,M,6
2015,97,F,24
2015,97,M,5
2015,98,F,21
2015,98,M,1
2015,99,F,17
2015,99,M,1
2015,100,F,26
2015,100,M,2
2015,101,F,17
2015,101,M,1
2015,102,F,7
2015,102,M,2
2015,103,F,6
2015,103,M,1
2015,104,F,3
2015,104,M,0
2015,105,F,1
2015,105,M,0
2015,106,F,4
2015,106,M,0
2015,107,F,0
2015,107,M,0
2015,108,F,0
2015,108,M,0
2015,109,F,0
2015,109,M,0
2015,110,F,0
2015,110,M,0
2016,0,F,0
2016,0,M,0
2016,1,F,0
2016,1,M,0
2016,2,F,0
2016,2,M,0
2016,3,F,309
2016,3,M,636
2016,4,F,316
2016,4,M,642
2016,5,F,372
2016,5,M,620
2016,6,F,449
2016,6,M,790
2016,7,F,540
2016,7,M,868
2016,8,F,681
2016,8,M,976
2016,9,F,704
2016,9,M,1047
2016,10,F,705
2016,10,M,1078
2016,11,F,710
2016,11,M,1104
2016,12,F,752
2016,12,M,1060
2016,13,F,774
2016,13,M,1080
2016,14,F,785
2016,14,M,1117
2016,15,F,787
2016,15,M,1155
2016,16,F,867
2016,16,M,1121
2016,17,F,851
2016,17,M,1132
2016,18,F,867
2016,18,M,1078
2016,19,F,874
2016,19,M,1191
2016,20,F,908
2016,20,M,1122
2016,21,F,930
2016,21,M,1061
2016,22,F,880
2016,22,M,1040
2016,23,F,948
2016,23,M,1029
2016,24,F,952
2016,24,M,1081
2016,25,F,943
2016,25,M,1105
2016,26,F,1026
2016,26,M,1146
2016,27,F,1009
2016,27,M,1135
2016,28,F,969
2016,28,M,1175
2016,29,F,1016
2016,29,M,1166
2016,30,F,1004
2016,30,M,1245
2016,31,F,1053
2016,31,M,1218
2016,32,F,1060
2016,32,M,1242
2016,33,F,1105
2016,33,M,1213
2016,34,F,1135
2016,34,M,1235
2016,35,F,1082
2016,35,M,1105
2016,36,F,1047
2016,36,M,1113
2016,37,F,1039
2016,37,M,992
2016,38,F,1051
2016,38,M,966
2016,39,F,1062
2016,39,M,881
2016,40,F,1046
2016,40,M,848
2016,41,F,989
2016,41,M,776
2016,42,F,1051
2016,42,M,803
2016,43,F,998
2016,43,M,754
2016,44,F,1091
2016,44,M,746
2016,45,F,1032
2016,45,M,771
2016,46,F,1080
2016,46,M,770
2016,47,F,1043
2016,47,M,684
2016,48,F,996
2016,48,M,649
2016,49,F,999
2016,49,M,682
2016,50,F,1045
2016,50,M,700
2016,51,F,1091
2016,51,M,765
2016,52,F,1174
2016,52,M,720
2016,53,F,1151
2016,53,M,777
2016,54,F,1109
2016,54,M,699
2016,55,F,1113
2016,55,M,707
2016,56,F,1028
2016,56,M,702
2016,57,F,1085
2016,57,M,673
2016,58,F,1075
2016,58,M,604
2016,59,F,1004
2016,59,M,618
2016,60,F,979
2016,60,M,590
2016,61,F,961
2016,61,M,598
2016,62,F,971
2016,62,M,570
2016,63,F,894
2016,63,M,491
2016,64,F,860
2016,64,M,520
2016,65,F,825
2016,65,M,484
2016,66,F,795
2016,66,M,501
2016,67,F,817
2016,67,M,499
2016,68,F,793
2016,68,M,461
2016,69,F,777
2016,69,M,502
2016,70,F,678
2016,70,M,431
2016,71,F,596
2016,71,M,411
2016,72,F,578
2016,72,M,383
2016,73,F,580
2016,73,M,406
2016,74,F,532
2016,74,M,373
2016,75,F,474
2016,75,M,283
2016,76,F,457
2016,76,M,264
2016,77,F,436
2016,77,M,251
2016,78,F,426
2016,78,M,225
2016,79,F,375
2016,79,M,206
2016,80,F,368
2016,80,M,187
2016,81,F,320
2016,81,M,177
2016,82,F,312
2016,82,M,157
2016,83,F,303
2016,83,M,151
2016,84,F,280
2016,84,M,150
2016,85,F,270
2016,85,M,123
2016,86,F,257
2016,86,M,118
2016,87,F,241
2016,87,M,82
2016,88,F,228
2016,88,M,78
2016,89,F,218
2016,89,M,61
2016,90,F,180
2016,90,M,58
2016,91,F,115
2016,91,M,37
2016,92,F,130
2016,92,M,34
2016,93,F,112
2016,93,M,23
2016,94,F,105
2016,94,M,13
2016,95,F,56
2016,95,M,16
2016,96,F,49
2016,96,M,9
2016,97,F,22
2016,97,M,4
2016,98,F,19
2016,98,M,3
2016,99,F,17
2016,99,M,0
2016,100,F,36
2016,100,M,4
2016,101,F,19
2016,101,M,2
2016,102,F,10
2016,102,M,0
2016,103,F,8
2016,103,M,2
2016,104,F,4
2016,104,M,1
2016,105,F,3
2016,105,M,0
2016,106,F,1
2016,106,M,0
2016,107,F,1
2016,107,M,0
2016,108,F,0
2016,108,M,0
2016,109,F,0
2016,109,M,0
2016,110,F,0
2016,110,M,0
2017,0,F,0
2017,0,M,0
2017,1,F,0
2017,1,M,0
2017,2,F,0
2017,2,M,0
2017,3,F,273
2017,3,M,598
2017,4,F,322
2017,4,M,573
2017,5,F,340
2017,5,M,678
2017,6,F,428
2017,6,M,689
2017,7,F,490
2017,7,M,835
2017,8,F,585
2017,8,M,920
2017,9,F,729
2017,9,M,1017
2017,10,F,742
2017,10,M,1102
2017,11,F,728
2017,11,M,1108
2017,12,F,733
2017,12,M,1128
2017,13,F,767
2017,13,M,1067
2017,14,F,781
2017,14,M,1080
2017,15,F,791
2017,15,M,1117
2017,16,F,805
2017,16,M,1151
2017,17,F,875
2017,17,M,1124
2017,18,F,866
2017,18,M,1131
2017,19,F,895
2017,19,M,1122
2017,20,F,876
2017,20,M,1175
2017,21,F,912
2017,21,M,1133
2017,22,F,931
2017,22,M,1044
2017,23,F,899
2017,23,M,1048
2017,24,F,941
2017,24,M,1018
2017,25,F,955
2017,25,M,1074
2017,26,F,959
2017,26,M,1104
2017,27,F,1024
2017,27,M,1132
2017,28,F,1020
2017,28,M,1114
2017,29,F,977
2017,29,M,1184
2017,30,F,1033
2017,30,M,1160
2017,31,F,1029
2017,31,M,1246
2017,32,F,1062
2017,32,M,1214
2017,33,F,1069
2017,33,M,1239
2017,34,F,1127
2017,34,M,1226
2017,35,F,1148
2017,35,M,1234
2017,36,F,1093
2017,36,M,1112
2017,37,F,1072
2017,37,M,1108
2017,38,F,1032
2017,38,M,996
2017,39,F,1061
2017,39,M,964
2017,40,F,1086
2017,40,M,884
2017,41,F,1064
2017,41,M,863
2017,42,F,1004
2017,42,M,785
2017,43,F,1075
2017,43,M,819
2017,44,F,1025
2017,44,M,764
2017,45,F,1118
2017,45,M,763
2017,46,F,1049
2017,46,M,790
2017,47,F,1099
2017,47,M,782
2017,48,F,1065
2017,48,M,700
2017,49,F,1007
2017,49,M,669
2017,50,F,1024
2017,50,M,711
2017,51,F,1063
2017,51,M,711
2017,52,F,1109
2017,52,M,788
2017,53,F,1207
2017,53,M,752
2017,54,F,1176
2017,54,M,796
2017,55,F,1144
2017,55,M,722
2017,56,F,1134
2017,56,M,727
2017,57,F,1054
2017,57,M,729
2017,58,F,1115
2017,58,M,692
2017,59,F,1101
2017,59,M,633
2017,60,F,1022
2017,60,M,649
2017,61,F,986
2017,61,M,607
2017,62,F,991
2017,62,M,596
2017,63,F,985
2017,63,M,585
2017,64,F,915
2017,64,M,510
2017,65,F,874
2017,65,M,531
2017,66,F,829
2017,66,M,489
2017,67,F,821
2017,67,M,530
2017,68,F,826
2017,68,M,513
2017,69,F,796
2017,69,M,478
2017,70,F,765
2017,70,M,498
2017,71,F,681
2017,71,M,435
2017,72,F,602
2017,72,M,406
2017,73,F,580
2017,73,M,397
2017,74,F,570
2017,74,M,413
2017,75,F,532
2017,75,M,368
2017,76,F,474
2017,76,M,275
2017,77,F,456
2017,77,M,268
2017,78,F,430
2017,78,M,264
2017,79,F,413
2017,79,M,221
2017,80,F,372
2017,80,M,205
2017,81,F,359
2017,81,M,188
2017,82,F,311
2017,82,M,176
2017,83,F,301
2017,83,M,151
2017,84,F,295
2017,84,M,146
2017,85,F,277
2017,85,M,141
2017,86,F,250
2017,86,M,107
2017,87,F,256
2017,87,M,112
2017,88,F,226
2017,88,M,78
2017,89,F,221
2017,89,M,71
2017,90,F,199
2017,90,M,58
2017,91,F,165
2017,91,M,52
2017,92,F,97
2017,92,M,33
2017,93,F,120
2017,93,M,29
2017,94,F,93
2017,94,M,21
2017,95,F,82
2017,95,M,11
2017,96,F,51
2017,96,M,12
2017,97,F,38
2017,97,M,7
2017,98,F,18
2017,98,M,3
2017,99,F,17
2017,99,M,2
2017,100,F,32
2017,100,M,4
2017,101,F,24
2017,101,M,2
2017,102,F,14
2017,102,M,2
2017,103,F,6
2017,103,M,0
2017,104,F,6
2017,104,M,2
2017,105,F,2
2017,105,M,0
2017,106,F,2
2017,106,M,0
2017,107,F,0
2017,107,M,0
2017,108,F,0
2017,108,M,0
2017,109,F,0
2017,109,M,0
2017,110,F,0
2017,110,M,0
2018,0,F,0
2018,0,M,0
2018,1,F,0
2018,1,M,0
2018,2,F,0
2018,2,M,0
2018,3,F,295
2018,3,M,604
2018,4,F,273
2018,4,M,486
2018,5,F,356
2018,5,M,595
2018,6,F,392
2018,6,M,750
2018,7,F,485
2018,7,M,761
2018,8,F,548
2018,8,M,892
2018,9,F,621
2018,9,M,979
2018,10,F,766
2018,10,M,1055
2018,11,F,768
2018,11,M,1107
2018,12,F,763
2018,12,M,1128
2018,13,F,751
2018,13,M,1127
2018,14,F,772
2018,14,M,1063
2018,15,F,768
2018,15,M,1094
2018,16,F,791
2018,16,M,1116
2018,17,F,818
2018,17,M,1141
2018,18,F,910
2018,18,M,1144
2018,19,F,901
2018,19,M,1171
2018,20,F,922
2018,20,M,1171
2018,21,F,870
2018,21,M,1174
2018,22,F,910
2018,22,M,1133
2018,23,F,944
2018,23,M,1043
2018,24,F,892
2018,24,M,1029
2018,25,F,942
2018,25,M,1024
2018,26,F,958
2018,26,M,1072
2018,27,F,966
2018,27,M,1108
2018,28,F,1043
2018,28,M,1127
2018,29,F,1035
2018,29,M,1107
2018,30,F,997
2018,30,M,1178
2018,31,F,1052
2018,31,M,1156
2018,32,F,1055
2018,32,M,1254
2018,33,F,1064
2018,33,M,1214
2018,34,F,1084
2018,34,M,1223
2018,35,F,1142
2018,35,M,1222
2018,36,F,1183
2018,36,M,1240
2018,37,F,1107
2018,37,M,1125
2018,38,F,1091
2018,38,M,1113
2018,39,F,1064
2018,39,M,985
2018,40,F,1069
2018,40,M,972
2018,41,F,1106
2018,41,M,891
2018,42,F,1089
2018,42,M,864
2018,43,F,1031
2018,43,M,803
2018,44,F,1100
2018,44,M,823
2018,45,F,1058
2018,45,M,786
2018,46,F,1139
2018,46,M,778
2018,47,F,1070
2018,47,M,801
2018,48,F,1115
2018,48,M,803
2018,49,F,1086
2018,49,M,729
2018,50,F,1023
2018,50,M,684
2018,51,F,1045
2018,51,M,741
2018,52,F,1085
2018,52,M,729
2018,53,F,1126
2018,53,M,810
2018,54,F,1229
2018,54,M,783
2018,55,F,1206
2018,55,M,819
2018,56,F,1171
2018,56,M,742
2018,57,F,1157
2018,57,M,759
2018,58,F,1085
2018,58,M,765
2018,59,F,1145
2018,59,M,720
2018,60,F,1126
2018,60,M,649
2018,61,F,1037
2018,61,M,672
2018,62,F,1016
2018,62,M,617
2018,63,F,1006
2018,63,M,609
2018,64,F,994
2018,64,M,594
2018,65,F,926
2018,65,M,532
2018,66,F,894
2018,66,M,543
2018,67,F,836
2018,67,M,497
2018,68,F,833
2018,68,M,539
2018,69,F,832
2018,69,M,524
2018,70,F,815
2018,70,M,489
2018,71,F,785
2018,71,M,508
2018,72,F,685
2018,72,M,439
2018,73,F,605
2018,73,M,409
2018,74,F,583
2018,74,M,403
2018,75,F,565
2018,75,M,431
2018,76,F,532
2018,76,M,366
2018,77,F,472
2018,77,M,277
2018,78,F,439
2018,78,M,272
2018,79,F,425
2018,79,M,254
2018,80,F,406
2018,80,M,220
2018,81,F,357
2018,81,M,197
2018,82,F,357
2018,82,M,184
2018,83,F,306
2018,83,M,175
2018,84,F,288
2018,84,M,147
2018,85,F,284
2018,85,M,140
2018,86,F,264
2018,86,M,128
2018,87,F,234
2018,87,M,100
2018,88,F,229
2018,88,M,103
2018,89,F,214
2018,89,M,69
2018,90,F,199
2018,90,M,62
2018,91,F,186
2018,91,M,45
2018,92,F,136
2018,92,M,44
2018,93,F,80
2018,93,M,23
2018,94,F,89
2018,94,M,21
2018,95,F,74
2018,95,M,19
2018,96,F,66
2018,96,M,11
2018,97,F,38
2018,97,M,9
2018,98,F,27
2018,98,M,4
2018,99,F,13
2018,99,M,2
2018,100,F,24
2018,100,M,4
2018,101,F,23
2018,101,M,4
2018,102,F,14
2018,102,M,0
2018,103,F,12
2018,103,M,1
2018,104,F,5
2018,104,M,0
2018,105,F,2
2018,105,M,2
2018,106,F,1
2018,106,M,0
2018,107,F,2
2018,107,M,0
2018,108,F,0
2018,108,M,0
2018,109,F,0
2018,109,M,0
2018,110,F,0
2018,110,M,0
2019,0,F,0
2019,0,M,0
2019,1,F,0
2019,1,M,0
2019,2,F,0
2019,2,M,0
2019,3,F,256
2019,3,M,549
2019,4,F,276
2019,4,M,478
2019,5,F,329
2019,5,M,554
2019,6,F,421
2019,6,M,651
2019,7,F,431
2019,7,M,801
2019,8,F,534
2019,8,M,807
2019,9,F,587
2019,9,M,945
2019,10,F,652
2019,10,M,1014
2019,11,F,802
2019,11,M,1077
2019,12,F,783
2019,12,M,1118
2019,13,F,769
2019,13,M,1140
2019,14,F,748
2019,14,M,1138
2019,15,F,778
2019,15,M,1060
2019,16,F,778
2019,16,M,1075
2019,17,F,787
2019,17,M,1110
2019,18,F,829
2019,18,M,1150
2019,19,F,926
2019,19,M,1190
2019,20,F,907
2019,20,M,1185
2019,21,F,922
2019,21,M,1167
2019,22,F,871
2019,22,M,1157
2019,23,F,911
2019,23,M,1142
2019,24,F,949
2019,24,M,1049
2019,25,F,902
2019,25,M,1023
2019,26,F,945
2019,26,M,1018
2019,27,F,957
2019,27,M,1072
2019,28,F,984
2019,28,M,1108
2019,29,F,1032
2019,29,M,1126
2019,30,F,1043
2019,30,M,1125
2019,31,F,1028
2019,31,M,1172
2019,32,F,1045
2019,32,M,1166
2019,33,F,1061
2019,33,M,1253
2019,34,F,1082
2019,34,M,1213
2019,35,F,1096
2019,35,M,1228
2019,36,F,1150
2019,36,M,1228
2019,37,F,1195
2019,37,M,1233
2019,38,F,1112
2019,38,M,1135
2019,39,F,1092
2019,39,M,1111
2019,40,F,1080
2019,40,M,986
2019,41,F,1086
2019,41,M,981
2019,42,F,1147
2019,42,M,895
2019,43,F,1100
2019,43,M,866
2019,44,F,1052
2019,44,M,812
2019,45,F,1126
2019,45,M,838
2019,46,F,1085
2019,46,M,800
2019,47,F,1156
2019,47,M,791
2019,48,F,1090
2019,48,M,818
2019,49,F,1127
2019,49,M,821
2019,50,F,1110
2019,50,M,742
2019,51,F,1048
2019,51,M,698
2019,52,F,1068
2019,52,M,772
2019,53,F,1103
2019,53,M,755
2019,54,F,1150
2019,54,M,830
2019,55,F,1249
2019,55,M,799
2019,56,F,1228
2019,56,M,844
2019,57,F,1194
2019,57,M,764
2019,58,F,1178
2019,58,M,778
2019,59,F,1110
2019,59,M,783
2019,60,F,1157
2019,60,M,738
2019,61,F,1159
2019,61,M,662
2019,62,F,1048
2019,62,M,680
2019,63,F,1054
2019,63,M,636
2019,64,F,1034
2019,64,M,625
2019,65,F,1006
2019,65,M,620
2019,66,F,924
2019,66,M,540
2019,67,F,902
2019,67,M,555
2019,68,F,839
2019,68,M,524
2019,69,F,843
2019,69,M,557
2019,70,F,830
2019,70,M,525
2019,71,F,819
2019,71,M,504
2019,72,F,783
2019,72,M,513
2019,73,F,680
2019,73,M,436
2019,74,F,611
2019,74,M,421
2019,75,F,579
2019,75,M,418
2019,76,F,571
2019,76,M,417
2019,77,F,530
2019,77,M,358
2019,78,F,468
2019,78,M,275
2019,79,F,427
2019,79,M,274
2019,80,F,415
2019,80,M,251
2019,81,F,400
2019,81,M,224
2019,82,F,349
2019,82,M,187
2019,83,F,339
2019,83,M,172
2019,84,F,291
2019,84,M,166
2019,85,F,265
2019,85,M,139
2019,86,F,265
2019,86,M,137
2019,87,F,244
2019,87,M,116
2019,88,F,209
2019,88,M,90
2019,89,F,205
2019,89,M,99
2019,90,F,182
2019,90,M,64
2019,91,F,171
2019,91,M,56
2019,92,F,159
2019,92,M,43
2019,93,F,116
2019,93,M,39
2019,94,F,74
2019,94,M,18
2019,95,F,80
2019,95,M,17
2019,96,F,58
2019,96,M,14
2019,97,F,57
2019,97,M,7
2019,98,F,29
2019,98,M,6
2019,99,F,17
2019,99,M,4
2019,100,F,41
2019,100,M,3
2019,101,F,15
2019,101,M,2
2019,102,F,11
2019,102,M,3
2019,103,F,10
2019,103,M,0
2019,104,F,8
2019,104,M,0
2019,105,F,2
2019,105,M,0
2019,106,F,2
2019,106,M,0
2019,107,F,0
2019,107,M,0
2019,108,F,2
2019,108,M,0
2019,109,F,0
2019,109,M,0
2019,110,F,0
2019,110,M,0
2020,0,F,0
2020,0,M,0
2020,1,F,0
2020,1,M,0
2020,2,F,0
2020,2,M,0
2020,3,F,260
2020,3,M,558
2020,4,F,248
2020,4,M,465
2020,5,F,313
2020,5,M,507
2020,6,F,354
2020,6,M,601
2020,7,F,454
2020,7,M,680
2020,8,F,469
2020,8,M,859
2020,9,F,564
2020,9,M,853
2020,10,F,617
2020,10,M,963
2020,11,F,663
2020,11,M,1034
2020,12,F,805
2020,12,M,1088
2020,13,F,788
2020,13,M,1114
2020,14,F,758
2020,14,M,1125
2020,15,F,738
2020,15,M,1131
2020,16,F,779
2020,16,M,1041
2020,17,F,779
2020,17,M,1061
2020,18,F,800
2020,18,M,1122
2020,19,F,854
2020,19,M,1197
2020,20,F,950
2020,20,M,1202
2020,21,F,910
2020,21,M,1171
2020,22,F,920
2020,22,M,1149
2020,23,F,861
2020,23,M,1140
2020,24,F,914
2020,24,M,1124
2020,25,F,956
2020,25,M,1046
2020,26,F,909
2020,26,M,1013
2020,27,F,926
2020,27,M,1013
2020,28,F,954
2020,28,M,1056
2020,29,F,991
2020,29,M,1104
2020,30,F,1032
2020,30,M,1128
2020,31,F,1046
2020,31,M,1119
2020,32,F,1051
2020,32,M,1168
2020,33,F,1045
2020,33,M,1173
2020,34,F,1075
2020,34,M,1238
2020,35,F,1096
2020,35,M,1216
2020,36,F,1098
2020,36,M,1227
2020,37,F,1149
2020,37,M,1225
2020,38,F,1211
2020,38,M,1225
2020,39,F,1125
2020,39,M,1143
2020,40,F,1110
2020,40,M,1112
2020,41,F,1093
2020,41,M,994
2020,42,F,1108
2020,42,M,992
2020,43,F,1168
2020,43,M,914
2020,44,F,1132
2020,44,M,887
2020,45,F,1051
2020,45,M,823
2020,46,F,1145
2020,46,M,847
2020,47,F,1088
2020,47,M,818
2020,48,F,1173
2020,48,M,811
2020,49,F,1100
2020,49,M,848
2020,50,F,1146
2020,50,M,834
2020,51,F,1137
2020,51,M,766
2020,52,F,1070
2020,52,M,717
2020,53,F,1088
2020,53,M,790
2020,54,F,1137
2020,54,M,777
2020,55,F,1171
2020,55,M,853
2020,56,F,1288
2020,56,M,823
2020,57,F,1252
2020,57,M,860
2020,58,F,1214
2020,58,M,781
2020,59,F,1194
2020,59,M,799
2020,60,F,1126
2020,60,M,789
2020,61,F,1173
2020,61,M,757
2020,62,F,1157
2020,62,M,664
2020,63,F,1060
2020,63,M,696
2020,64,F,1047
2020,64,M,650
2020,65,F,1049
2020,65,M,643
2020,66,F,1016
2020,66,M,634
2020,67,F,919
2020,67,M,558
2020,68,F,897
2020,68,M,558
2020,69,F,848
2020,69,M,535
2020,70,F,867
2020,70,M,571
2020,71,F,839
2020,71,M,532
2020,72,F,814
2020,72,M,512
2020,73,F,777
2020,73,M,527
2020,74,F,673
2020,74,M,439
2020,75,F,593
2020,75,M,433
2020,76,F,570
2020,76,M,422
2020,77,F,561
2020,77,M,420
2020,78,F,524
2020,78,M,349
2020,79,F,473
2020,79,M,262
2020,80,F,420
2020,80,M,271
2020,81,F,403
2020,81,M,250
2020,82,F,390
2020,82,M,212
2020,83,F,340
2020,83,M,181
2020,84,F,330
2020,84,M,171
2020,85,F,271
2020,85,M,158
2020,86,F,254
2020,86,M,136
2020,87,F,240
2020,87,M,130
2020,88,F,218
2020,88,M,109
2020,89,F,197
2020,89,M,82
2020,90,F,182
2020,90,M,84
2020,91,F,161
2020,91,M,56
2020,92,F,143
2020,92,M,48
2020,93,F,132
2020,93,M,36
2020,94,F,97
2020,94,M,32
2020,95,F,62
2020,95,M,17
2020,96,F,67
2020,96,M,14
2020,97,F,42
2020,97,M,9
2020,98,F,50
2020,98,M,4
2020,99,F,24
2020,99,M,2
2020,100,F,36
2020,100,M,8
2020,101,F,31
2020,101,M,3
2020,102,F,9
2020,102,M,2
2020,103,F,9
2020,103,M,2
2020,104,F,5
2020,104,M,0
2020,105,F,6
2020,105,M,0
2020,106,F,1
2020,106,M,0
2020,107,F,2
2020,107,M,0
2020,108,F,0
2020,108,M,0
2020,109,F,1
2020,109,M,0
2020,110,F,0
2020,110,M,0
2021,0,F,0
2021,0,M,0
2021,1,F,0
2021,1,M,0
2021,2,F,0
2021,2,M,0
2021,3,F,242
2021,3,M,576
2021,4,F,239
2021,4,M,421
2021,5,F,271
2021,5,M,477
2021,6,F,338
2021,6,M,512
2021,7,F,388
2021,7,M,654
2021,8,F,500
2021,8,M,710
2021,9,F,507
2021,9,M,886
2021,10,F,591
2021,10,M,860
2021,11,F,648
2021,11,M,979
2021,12,F,677
2021,12,M,1043
2021,13,F,812
2021,13,M,1081
2021,14,F,787
2021,14,M,1100
2021,15,F,769
2021,15,M,1135
2021,16,F,750
2021,16,M,1145
2021,17,F,791
2021,17,M,1064
2021,18,F,797
2021,18,M,1092
2021,19,F,810
2021,19,M,1154
2021,20,F,844
2021,20,M,1173
2021,21,F,935
2021,21,M,1156
2021,22,F,914
2021,22,M,1146
2021,23,F,900
2021,23,M,1122
2021,24,F,842
2021,24,M,1123
2021,25,F,896
2021,25,M,1105
2021,26,F,916
2021,26,M,1027
2021,27,F,888
2021,27,M,1007
2021,28,F,912
2021,28,M,1012
2021,29,F,941
2021,29,M,1036
2021,30,F,971
2021,30,M,1080
2021,31,F,1034
2021,31,M,1112
2021,32,F,1042
2021,32,M,1104
2021,33,F,1041
2021,33,M,1168
2021,34,F,1027
2021,34,M,1167
2021,35,F,1079
2021,35,M,1219
2021,36,F,1102
2021,36,M,1201
2021,37,F,1102
2021,37,M,1211
2021,38,F,1128
2021,38,M,1211
2021,39,F,1202
2021,39,M,1209
2021,40,F,1116
2021,40,M,1138
2021,41,F,1114
2021,41,M,1106
2021,42,F,1100
2021,42,M,993
2021,43,F,1114
2021,43,M,997
2021,44,F,1165
2021,44,M,918
2021,45,F,1148
2021,45,M,891
2021,46,F,1078
2021,46,M,828
2021,47,F,1162
2021,47,M,867
2021,48,F,1107
2021,48,M,832
2021,49,F,1184
2021,49,M,829
2021,50,F,1118
2021,50,M,871
2021,51,F,1160
2021,51,M,846
2021,52,F,1155
2021,52,M,790
2021,53,F,1097
2021,53,M,742
2021,54,F,1117
2021,54,M,806
2021,55,F,1157
2021,55,M,792
2021,56,F,1195
2021,56,M,870
2021,57,F,1309
2021,57,M,844
2021,58,F,1271
2021,58,M,885
2021,59,F,1214
2021,59,M,806
2021,60,F,1194
2021,60,M,809
2021,61,F,1135
2021,61,M,800
2021,62,F,1162
2021,62,M,761
2021,63,F,1172
2021,63,M,679
2021,64,F,1069
2021,64,M,721
2021,65,F,1034
2021,65,M,675
2021,66,F,1051
2021,66,M,673
2021,67,F,1012
2021,67,M,659
2021,68,F,914
2021,68,M,572
2021,69,F,908
2021,69,M,573
2021,70,F,850
2021,70,M,543
2021,71,F,864
2021,71,M,577
2021,72,F,826
2021,72,M,533
2021,73,F,824
2021,73,M,524
2021,74,F,778
2021,74,M,523
2021,75,F,677
2021,75,M,442
2021,76,F,571
2021,76,M,432
2021,77,F,558
2021,77,M,420
2021,78,F,551
2021,78,M,413
2021,79,F,514
2021,79,M,355
2021,80,F,458
2021,80,M,257
2021,81,F,402
2021,81,M,259
2021,82,F,397
2021,82,M,241
2021,83,F,372
2021,83,M,205
2021,84,F,323
2021,84,M,170
2021,85,F,318
2021,85,M,145
2021,86,F,253
2021,86,M,145
2021,87,F,243
2021,87,M,131
2021,88,F,224
2021,88,M,119
2021,89,F,199
2021,89,M,94
2021,90,F,188
2021,90,M,76
2021,91,F,172
2021,91,M,75
2021,92,F,145
2021,92,M,53
2021,93,F,123
2021,93,M,38
2021,94,F,111
2021,94,M,30
2021,95,F,75
2021,95,M,23
2021,96,F,40
2021,96,M,13
2021,97,F,52
2021,97,M,12
2021,98,F,31
2021,98,M,7
2021,99,F,30
2021,99,M,2
2021,100,F,45
2021,100,M,3
2021,101,F,22
2021,101,M,6
2021,102,F,20
2021,102,M,3
2021,103,F,7
2021,103,M,1
2021,104,F,5
2021,104,M,1
2021,105,F,2
2021,105,M,0
2021,106,F,4
2021,106,M,0
2021,107,F,1
2021,107,M,0
2021,108,F,2
2021,108,M,0
2021,109,F,0
2021,109,M,0
2021,110,F,1
2021,110,M,0
2022,0,F,0
2022,0,M,0
2022,1,F,0
2022,1,M,0
2022,2,F,0
2022,2,M,0
2022,3,F,261
2022,3,M,499
2022,4,F,206
2022,4,M,419
2022,5,F,283
2022,5,M,430
2022,6,F,307
2022,6,M,516
2022,7,F,379
2022,7,M,538
2022,8,F,409
2022,8,M,678
2022,9,F,524
2022,9,M,758
2022,10,F,548
2022,10,M,899
2022,11,F,608
2022,11,M,867
2022,12,F,648
2022,12,M,974
2022,13,F,671
2022,13,M,1033
2022,14,F,827
2022,14,M,1055
2022,15,F,786
2022,15,M,1103
2022,16,F,786
2022,16,M,1122
2022,17,F,749
2022,17,M,1150
2022,18,F,798
2022,18,M,1085
2022,19,F,800
2022,19,M,1112
2022,20,F,815
2022,20,M,1135
2022,21,F,841
2022,21,M,1154
2022,22,F,925
2022,22,M,1132
2022,23,F,897
2022,23,M,1130
2022,24,F,890
2022,24,M,1115
2022,25,F,841
2022,25,M,1105
2022,26,F,881
2022,26,M,1094
2022,27,F,914
2022,27,M,1019
2022,28,F,900
2022,28,M,997
2022,29,F,906
2022,29,M,999
2022,30,F,946
2022,30,M,1020
2022,31,F,978
2022,31,M,1066
2022,32,F,1026
2022,32,M,1098
2022,33,F,1037
2022,33,M,1106
2022,34,F,1032
2022,34,M,1165
2022,35,F,1018
2022,35,M,1166
2022,36,F,1073
2022,36,M,1218
2022,37,F,1099
2022,37,M,1195
2022,38,F,1101
2022,38,M,1191
2022,39,F,1124
2022,39,M,1190
2022,40,F,1216
2022,40,M,1199
2022,41,F,1133
2022,41,M,1130
2022,42,F,1129
2022,42,M,1098
2022,43,F,1117
2022,43,M,1005
2022,44,F,1119
2022,44,M,1008
2022,45,F,1182
2022,45,M,927
2022,46,F,1166
2022,46,M,904
2022,47,F,1105
2022,47,M,842
2022,48,F,1184
2022,48,M,878
2022,49,F,1116
2022,49,M,843
2022,50,F,1212
2022,50,M,853
2022,51,F,1148
2022,51,M,895
2022,52,F,1179
2022,52,M,870
2022,53,F,1180
2022,53,M,808
2022,54,F,1117
2022,54,M,759
2022,55,F,1139
2022,55,M,823
2022,56,F,1166
2022,56,M,813
2022,57,F,1213
2022,57,M,904
2022,58,F,1323
2022,58,M,861
2022,59,F,1270
2022,59,M,901
2022,60,F,1232
2022,60,M,827
2022,61,F,1195
2022,61,M,822
2022,62,F,1122
2022,62,M,820
2022,63,F,1161
2022,63,M,787
2022,64,F,1170
2022,64,M,709
2022,65,F,1061
2022,65,M,736
2022,66,F,1021
2022,66,M,694
2022,67,F,1056
2022,67,M,693
2022,68,F,996
2022,68,M,679
2022,69,F,920
2022,69,M,580
2022,70,F,894
2022,70,M,582
2022,71,F,847
2022,71,M,554
2022,72,F,869
2022,72,M,589
2022,73,F,822
2022,73,M,545
2022,74,F,804
2022,74,M,525
2022,75,F,753
2022,75,M,526
2022,76,F,664
2022,76,M,445
2022,77,F,566
2022,77,M,430
2022,78,F,547
2022,78,M,413
2022,79,F,526
2022,79,M,414
2022,80,F,506
2022,80,M,341
2022,81,F,444
2022,81,M,251
2022,82,F,390
2022,82,M,247
2022,83,F,383
2022,83,M,233
2022,84,F,353
2022,84,M,208
2022,85,F,303
2022,85,M,165
2022,86,F,304
2022,86,M,138
2022,87,F,244
2022,87,M,137
2022,88,F,236
2022,88,M,112
2022,89,F,204
2022,89,M,111
2022,90,F,176
2022,90,M,91
2022,91,F,164
2022,91,M,66
2022,92,F,149
2022,92,M,67
2022,93,F,127
2022,93,M,40
2022,94,F,109
2022,94,M,29
2022,95,F,87
2022,95,M,23
2022,96,F,55
2022,96,M,20
2022,97,F,35
2022,97,M,9
2022,98,F,42
2022,98,M,10
2022,99,F,27
2022,99,M,4
2022,100,F,42
2022,100,M,7
2022,101,F,32
2022,101,M,2
2022,102,F,18
2022,102,M,4
2022,103,F,14
2022,103,M,1
2022,104,F,7
2022,104,M,0
2022,105,F,3
2022,105,M,1
2022,106,F,2
2022,106,M,0
2022,107,F,2
2022,107,M,0
2022,108,F,0
2022,108,M,0
2022,109,F,1
2022,109,M,0
2022,110,F,0
2022,110,M,0
2023,0,F,0
2023,0,M,0
2023,1,F,0
2023,1,M,0
2023,2,F,0
2023,2,M,0
2023,3,F,238
2023,3,M,508
2023,4,F,222
2023,4,M,347
2023,5,F,234
2023,5,M,398
2023,6,F,320
2023,6,M,462
2023,7,F,345
2023,7,M,542
2023,8,F,420
2023,8,M,560
2023,9,F,451
2023,9,M,692
2023,10,F,539
2023,10,M,765
2023,11,F,555
2023,11,M,907
2023,12,F,613
2023,12,M,885
2023,13,F,654
2023,13,M,992
2023,14,F,667
2023,14,M,1030
2023,15,F,831
2023,15,M,1057
2023,16,F,787
2023,16,M,1095
2023,17,F,801
2023,17,M,1137
2023,18,F,767
2023,18,M,1150
2023,19,F,811
2023,19,M,1103
2023,20,F,801
2023,20,M,1101
2023,21,F,807
2023,21,M,1125
2023,22,F,830
2023,22,M,1116
2023,23,F,892
2023,23,M,1097
2023,24,F,886
2023,24,M,1103
2023,25,F,876
2023,25,M,1087
2023,26,F,834
2023,26,M,1071
2023,27,F,872
2023,27,M,1038
2023,28,F,914
2023,28,M,985
2023,29,F,888
2023,29,M,962
2023,30,F,909
2023,30,M,971
2023,31,F,950
2023,31,M,984
2023,32,F,960
2023,32,M,1049
2023,33,F,1009
2023,33,M,1083
2023,34,F,1031
2023,34,M,1091
2023,35,F,1026
2023,35,M,1138
2023,36,F,1010
2023,36,M,1153
2023,37,F,1072
2023,37,M,1211
2023,38,F,1109
2023,38,M,1165
2023,39,F,1100
2023,39,M,1174
2023,40,F,1135
2023,40,M,1178
2023,41,F,1214
2023,41,M,1192
2023,42,F,1153
2023,42,M,1146
2023,43,F,1138
2023,43,M,1109
2023,44,F,1117
2023,44,M,1020
2023,45,F,1116
2023,45,M,1010
2023,46,F,1186
2023,46,M,932
2023,47,F,1189
2023,47,M,910
2023,48,F,1122
2023,48,M,854
2023,49,F,1213
2023,49,M,899
2023,50,F,1135
2023,50,M,851
2023,51,F,1228
2023,51,M,877
2023,52,F,1167
2023,52,M,914
2023,53,F,1198
2023,53,M,888
2023,54,F,1204
2023,54,M,826
2023,55,F,1146
2023,55,M,776
2023,56,F,1158
2023,56,M,849
2023,57,F,1183
2023,57,M,832
2023,58,F,1235
2023,58,M,929
2023,59,F,1325
2023,59,M,875
2023,60,F,1265
2023,60,M,931
2023,61,F,1226
2023,61,M,837
2023,62,F,1164
2023,62,M,840
2023,63,F,1122
2023,63,M,854
2023,64,F,1167
2023,64,M,815
2023,65,F,1177
2023,65,M,721
2023,66,F,1065
2023,66,M,750
2023,67,F,1013
2023,67,M,708
2023,68,F,1063
2023,68,M,704
2023,69,F,981
2023,69,M,699
2023,70,F,909
2023,70,M,594
2023,71,F,886
2023,71,M,600
2023,72,F,849
2023,72,M,571
2023,73,F,863
2023,73,M,601
2023,74,F,815
2023,74,M,544
2023,75,F,799
2023,75,M,526
2023,76,F,742
2023,76,M,534
2023,77,F,657
2023,77,M,443
2023,78,F,551
2023,78,M,430
2023,79,F,532
2023,79,M,408
2023,80,F,513
2023,80,M,410
2023,81,F,500
2023,81,M,331
2023,82,F,424
2023,82,M,246
2023,83,F,377
2023,83,M,237
2023,84,F,367
2023,84,M,219
2023,85,F,340
2023,85,M,207
2023,86,F,281
2023,86,M,159
2023,87,F,292
2023,87,M,126
2023,88,F,223
2023,88,M,131
2023,89,F,217
2023,89,M,104
2023,90,F,180
2023,90,M,103
2023,91,F,156
2023,91,M,87
2023,92,F,148
2023,92,M,63
2023,93,F,126
2023,93,M,55
2023,94,F,104
2023,94,M,34
2023,95,F,90
2023,95,M,22
2023,96,F,65
2023,96,M,19
2023,97,F,39
2023,97,M,15
2023,98,F,27
2023,98,M,6
2023,99,F,36
2023,99,M,7
2023,100,F,32
2023,100,M,7
2023,101,F,25
2023,101,M,5
2023,102,F,29
2023,102,M,1
2023,103,F,14
2023,103,M,2
2023,104,F,10
2023,104,M,1
2023,105,F,3
2023,105,M,0
2023,106,F,2
2023,106,M,1
2023,107,F,2
2023,107,M,0
2023,108,F,2
2023,108,M,0
2023,109,F,0
2023,109,M,0
2023,110,F,0
2023,110,M,0
2024,0,F,0
2024,0,M,0
2024,1,F,0
2024,1,M,0
2024,2,F,0
2024,2,M,0
2024,3,F,190
2024,3,M,402
2024,4,F,192
2024,4,M,307
2024,5,F,243
2024,5,M,348
2024,6,F,256
2024,6,M,428
2024,7,F,325
2024,7,M,504
2024,8,F,359
2024,8,M,567
2024,9,F,444
2024,9,M,568
2024,10,F,474
2024,10,M,707
2024,11,F,544
2024,11,M,792
2024,12,F,578
2024,12,M,888
2024,13,F,608
2024,13,M,870
2024,14,F,655
2024,14,M,999
2024,15,F,666
2024,15,M,1033
2024,16,F,844
2024,16,M,1045
2024,17,F,788
2024,17,M,1105
2024,18,F,819
2024,18,M,1168
2024,19,F,767
2024,19,M,1168
2024,20,F,802
2024,20,M,1099
2024,21,F,793
2024,21,M,1101
2024,22,F,793
2024,22,M,1103
2024,23,F,823
2024,23,M,1090
2024,24,F,881
2024,24,M,1081
2024,25,F,884
2024,25,M,1094
2024,26,F,857
2024,26,M,1063
2024,27,F,830
2024,27,M,1062
2024,28,F,861
2024,28,M,1030
2024,29,F,914
2024,29,M,967
2024,30,F,877
2024,30,M,960
2024,31,F,909
2024,31,M,979
2024,32,F,962
2024,32,M,974
2024,33,F,961
2024,33,M,1039
2024,34,F,1009
2024,34,M,1085
2024,35,F,1017
2024,35,M,1082
2024,36,F,1024
2024,36,M,1144
2024,37,F,1016
2024,37,M,1142
2024,38,F,1066
2024,38,M,1198
2024,39,F,1119
2024,39,M,1155
2024,40,F,1107
2024,40,M,1178
2024,41,F,1141
2024,41,M,1179
2024,42,F,1213
2024,42,M,1187
2024,43,F,1157
2024,43,M,1140
2024,44,F,1147
2024,44,M,1120
2024,45,F,1126
2024,45,M,1023
2024,46,F,1117
2024,46,M,1021
2024,47,F,1201
2024,47,M,933
2024,48,F,1193
2024,48,M,922
2024,49,F,1145
2024,49,M,864
2024,50,F,1227
2024,50,M,904
2024,51,F,1154
2024,51,M,864
2024,52,F,1249
2024,52,M,904
2024,53,F,1186
2024,53,M,936
2024,54,F,1229
2024,54,M,906
2024,55,F,1231
2024,55,M,847
2024,56,F,1165
2024,56,M,800
2024,57,F,1166
2024,57,M,875
2024,58,F,1191
2024,58,M,853
2024,59,F,1230
2024,59,M,953
2024,60,F,1317
2024,60,M,891
2024,61,F,1250
2024,61,M,944
2024,62,F,1191
2024,62,M,842
2024,63,F,1170
2024,63,M,867
2024,64,F,1126
2024,64,M,875
2024,65,F,1170
2024,65,M,842
2024,66,F,1182
2024,66,M,744
2024,67,F,1053
2024,67,M,757
2024,68,F,990
2024,68,M,719
2024,69,F,1045
2024,69,M,714
2024,70,F,970
2024,70,M,706
2024,71,F,903
2024,71,M,614
2024,72,F,875
2024,72,M,608
2024,73,F,847
2024,73,M,577
2024,74,F,851
2024,74,M,607
2024,75,F,809
2024,75,M,551
2024,76,F,775
2024,76,M,536
2024,77,F,720
2024,77,M,542
2024,78,F,650
2024,78,M,439
2024,79,F,533
2024,79,M,421
2024,80,F,518
2024,80,M,400
2024,81,F,498
2024,81,M,397
2024,82,F,485
2024,82,M,320
2024,83,F,398
2024,83,M,239
2024,84,F,357
2024,84,M,236
2024,85,F,353
2024,85,M,215
2024,86,F,319
2024,86,M,199
2024,87,F,248
2024,87,M,149
2024,88,F,271
2024,88,M,119
2024,89,F,207
2024,89,M,121
2024,90,F,195
2024,90,M,91
2024,91,F,164
2024,91,M,86
2024,92,F,136
2024,92,M,72
2024,93,F,123
2024,93,M,55
2024,94,F,110
2024,94,M,47
2024,95,F,80
2024,95,M,24
2024,96,F,73
2024,96,M,19
2024,97,F,52
2024,97,M,15
2024,98,F,28
2024,98,M,11
2024,99,F,24
2024,99,M,5
2024,100,F,49
2024,100,M,7
2024,101,F,26
2024,101,M,4
2024,102,F,18
2024,102,M,3
2024,103,F,19
2024,103,M,0
2024,104,F,7
2024,104,M,2
2024,105,F,8
2024,105,M,1
2024,106,F,1
2024,106,M,0
2024,107,F,1
2024,107,M,0
2024,108,F,1
2024,108,M,0
2024,109,F,1
2024,109,M,0
2024,110,F,0
2024,110,M,0
2025,0,F,0
2025,0,M,0
2025,1,F,0
2025,1,M,0
2025,2,F,0
2025,2,M,0
2025,3,F,183
2025,3,M,462
2025,4,F,176
2025,4,M,222
2025,5,F,198
2025,5,M,335
2025,6,F,272
2025,6,M,347
2025,7,F,276
2025,7,M,443
2025,8,F,351
2025,8,M,516
2025,9,F,383
2025,9,M,564
2025,10,F,460
2025,10,M,571
2025,11,F,481
2025,11,M,711
2025,12,F,556
2025,12,M,814
2025,13,F,584
2025,13,M,897
2025,14,F,592
2025,14,M,893
2025,15,F,657
2025,15,M,993
2025,16,F,674
2025,16,M,1025
2025,17,F,850
2025,17,M,1053
2025,18,F,796
2025,18,M,1122
2025,19,F,810
2025,19,M,1187
2025,20,F,767
2025,20,M,1160
2025,21,F,788
2025,21,M,1073
2025,22,F,795
2025,22,M,1088
2025,23,F,779
2025,23,M,1072
2025,24,F,830
2025,24,M,1069
2025,25,F,869
2025,25,M,1053
2025,26,F,870
2025,26,M,1076
2025,27,F,836
2025,27,M,1037
2025,28,F,830
2025,28,M,1063
2025,29,F,853
2025,29,M,1022
2025,30,F,898
2025,30,M,963
2025,31,F,869
2025,31,M,959
2025,32,F,892
2025,32,M,975
2025,33,F,947
2025,33,M,977
2025,34,F,954
2025,34,M,1034
2025,35,F,1004
2025,35,M,1080
2025,36,F,1033
2025,36,M,1076
2025,37,F,1023
2025,37,M,1137
2025,38,F,1023
2025,38,M,1138
2025,39,F,1063
2025,39,M,1185
2025,40,F,1114
2025,40,M,1160
2025,41,F,1102
2025,41,M,1163
2025,42,F,1139
2025,42,M,1181
2025,43,F,1220
2025,43,M,1198
2025,44,F,1163
2025,44,M,1142
2025,45,F,1156
2025,45,M,1108
2025,46,F,1144
2025,46,M,1024
2025,47,F,1117
2025,47,M,1030
2025,48,F,1222
2025,48,M,950
2025,49,F,1215
2025,49,M,931
2025,50,F,1166
2025,50,M,876
2025,51,F,1232
2025,51,M,934
2025,52,F,1187
2025,52,M,871
2025,53,F,1271
2025,53,M,924
2025,54,F,1208
2025,54,M,947
2025,55,F,1251
2025,55,M,922
2025,56,F,1251
2025,56,M,862
2025,57,F,1173
2025,57,M,816
2025,58,F,1167
2025,58,M,893
2025,59,F,1199
2025,59,M,881
2025,60,F,1210
2025,60,M,973
2025,61,F,1293
2025,61,M,912
2025,62,F,1211
2025,62,M,962
2025,63,F,1183
2025,63,M,864
2025,64,F,1165
2025,64,M,889
2025,65,F,1124
2025,65,M,889
2025,66,F,1161
2025,66,M,860
2025,67,F,1179
2025,67,M,757
2025,68,F,1040
2025,68,M,774
2025,69,F,988
2025,69,M,729
2025,70,F,1041
2025,70,M,737
2025,71,F,959
2025,71,M,728
2025,72,F,901
2025,72,M,628
2025,73,F,875
2025,73,M,614
2025,74,F,848
2025,74,M,586
2025,75,F,827
2025,75,M,604
2025,76,F,795
2025,76,M,553
2025,77,F,756
2025,77,M,540
2025,78,F,691
2025,78,M,538
2025,79,F,630
2025,79,M,429
2025,80,F,514
2025,80,M,411
2025,81,F,498
2025,81,M,398
2025,82,F,475
2025,82,M,392
2025,83,F,464
2025,83,M,307
2025,84,F,385
2025,84,M,229
2025,85,F,348
2025,85,M,224
2025,86,F,335
2025,86,M,205
2025,87,F,297
2025,87,M,190
2025,88,F,233
2025,88,M,143
2025,89,F,249
2025,89,M,110
2025,90,F,192
2025,90,M,112
2025,91,F,186
2025,91,M,79
2025,92,F,147
2025,92,M,76
2025,93,F,115
2025,93,M,55
2025,94,F,109
2025,94,M,50
2025,95,F,87
2025,95,M,41
2025,96,F,61
2025,96,M,20
2025,97,F,64
2025,97,M,16
2025,98,F,43
2025,98,M,10
2025,99,F,16
2025,99,M,6
2025,100,F,40
2025,100,M,2
2025,101,F,33
2025,101,M,5
2025,102,F,20
2025,102,M,4
2025,103,F,10
2025,103,M,3
2025,104,F,14
2025,104,M,0
2025,105,F,3
2025,105,M,1
2025,106,F,6
2025,106,M,1
2025,107,F,1
2025,107,M,0
2025,108,F,0
2025,108,M,0
2025,109,F,0
2025,109,M,0
2025,110,F,1
2025,110,M,0
2026,0,F,0
2026,0,M,0
2026,1,F,0
2026,1,M,0
2026,2,F,0
2026,2,M,0
2026,3,F,210
2026,3,M,395
2026,4,F,171
2026,4,M,250
2026,5,F,208
2026,5,M,266
2026,6,F,232
2026,6,M,376
2026,7,F,322
2026,7,M,418
2026,8,F,323
2026,8,M,509
2026,9,F,401
2026,9,M,580
2026,10,F,421
2026,10,M,620
2026,11,F,491
2026,11,M,626
2026,12,F,517
2026,12,M,745
2026,13,F,592
2026,13,M,853
2026,14,F,616
2026,14,M,939
2026,15,F,622
2026,15,M,939
2026,16,F,710
2026,16,M,1045
2026,17,F,735
2026,17,M,1085
2026,18,F,910
2026,18,M,1127
2026,19,F,840
2026,19,M,1188
2026,20,F,847
2026,20,M,1225
2026,21,F,792
2026,21,M,1188
2026,22,F,812
2026,22,M,1094
2026,23,F,809
2026,23,M,1097
2026,24,F,801
2026,24,M,1076
2026,25,F,837
2026,25,M,1061
2026,26,F,884
2026,26,M,1046
2026,27,F,882
2026,27,M,1056
2026,28,F,842
2026,28,M,1026
2026,29,F,852
2026,29,M,1045
2026,30,F,857
2026,30,M,990
2026,31,F,920
2026,31,M,953
2026,32,F,893
2026,32,M,938
2026,33,F,894
2026,33,M,931
2026,34,F,951
2026,34,M,969
2026,35,F,971
2026,35,M,984
2026,36,F,1013
2026,36,M,1053
2026,37,F,1038
2026,37,M,1029
2026,38,F,1023
2026,38,M,1094
2026,39,F,1040
2026,39,M,1100
2026,40,F,1065
2026,40,M,1157
2026,41,F,1130
2026,41,M,1129
2026,42,F,1104
2026,42,M,1151
2026,43,F,1157
2026,43,M,1151
2026,44,F,1237
2026,44,M,1167
2026,45,F,1181
2026,45,M,1119
2026,46,F,1183
2026,46,M,1083
2026,47,F,1174
2026,47,M,1012
2026,48,F,1141
2026,48,M,1025
2026,49,F,1247
2026,49,M,954
2026,50,F,1234
2026,50,M,933
2026,51,F,1194
2026,51,M,880
2026,52,F,1255
2026,52,M,943
2026,53,F,1202
2026,53,M,893
2026,54,F,1285
2026,54,M,925
2026,55,F,1216
2026,55,M,950
2026,56,F,1257
2026,56,M,922
2026,57,F,1254
2026,57,M,867
2026,58,F,1172
2026,58,M,827
2026,59,F,1157
2026,59,M,900
2026,60,F,1185
2026,60,M,900
2026,61,F,1178
2026,61,M,968
2026,62,F,1237
2026,62,M,902
2026,63,F,1212
2026,63,M,958
2026,64,F,1174
2026,64,M,851
2026,65,F,1155
2026,65,M,885
2026,66,F,1105
2026,66,M,886
2026,67,F,1162
2026,67,M,856
2026,68,F,1176
2026,68,M,754
2026,69,F,1050
2026,69,M,766
2026,70,F,978
2026,70,M,729
2026,71,F,1022
2026,71,M,731
2026,72,F,931
2026,72,M,717
2026,73,F,896
2026,73,M,613
2026,74,F,863
2026,74,M,611
2026,75,F,838
2026,75,M,568
2026,76,F,816
2026,76,M,579
2026,77,F,785
2026,77,M,545
2026,78,F,742
2026,78,M,518
2026,79,F,666
2026,79,M,509
2026,80,F,604
2026,80,M,417
2026,81,F,498
2026,81,M,399
2026,82,F,472
2026,82,M,377
2026,83,F,451
2026,83,M,364
2026,84,F,437
2026,84,M,282
2026,85,F,368
2026,85,M,204
2026,86,F,327
2026,86,M,206
2026,87,F,309
2026,87,M,189
2026,88,F,271
2026,88,M,181
2026,89,F,224
2026,89,M,128
2026,90,F,225
2026,90,M,97
2026,91,F,178
2026,91,M,91
2026,92,F,160
2026,92,M,70
2026,93,F,128
2026,93,M,58
2026,94,F,101
2026,94,M,48
2026,95,F,93
2026,95,M,38
2026,96,F,64
2026,96,M,25
2026,97,F,44
2026,97,M,14
2026,98,F,50
2026,98,M,11
2026,99,F,35
2026,99,M,3
2026,100,F,32
2026,100,M,9
2026,101,F,27
2026,101,M,2
2026,102,F,29
2026,102,M,4
2026,103,F,13
2026,103,M,1
2026,104,F,4
2026,104,M,1
2026,105,F,12
2026,105,M,0
2026,106,F,4
2026,106,M,0
2026,107,F,4
2026,107,M,0
2026,108,F,0
2026,108,M,0
2026,109,F,0
2026,109,M,0
2026,110,F,0
2026,110,M,0
2027,0,F,0
2027,0,M,0
2027,1,F,0
2027,1,M,0
2027,2,F,0
2027,2,M,0
2027,3,F,190
2027,3,M,427
2027,4,F,193
2027,4,M,236
2027,5,F,187
2027,5,M,286
2027,6,F,240
2027,6,M,323
2027,7,F,268
2027,7,M,411
2027,8,F,355
2027,8,M,479
2027,9,F,362
2027,9,M,577
2027,10,F,430
2027,10,M,645
2027,11,F,467
2027,11,M,660
2027,12,F,527
2027,12,M,679
2027,13,F,547
2027,13,M,788
2027,14,F,626
2027,14,M,901
2027,15,F,649
2027,15,M,986
2027,16,F,657
2027,16,M,993
2027,17,F,759
2027,17,M,1112
2027,18,F,780
2027,18,M,1179
2027,19,F,963
2027,19,M,1186
2027,20,F,871
2027,20,M,1243
2027,21,F,869
2027,21,M,1243
2027,22,F,810
2027,22,M,1206
2027,23,F,823
2027,23,M,1103
2027,24,F,820
2027,24,M,1103
2027,25,F,811
2027,25,M,1084
2027,26,F,850
2027,26,M,1047
2027,27,F,907
2027,27,M,1020
2027,28,F,893
2027,28,M,1028
2027,29,F,849
2027,29,M,1009
2027,30,F,847
2027,30,M,1034
2027,31,F,873
2027,31,M,977
2027,32,F,944
2027,32,M,941
2027,33,F,896
2027,33,M,917
2027,34,F,900
2027,34,M,915
2027,35,F,962
2027,35,M,944
2027,36,F,1005
2027,36,M,972
2027,37,F,1017
2027,37,M,1025
2027,38,F,1053
2027,38,M,994
2027,39,F,1039
2027,39,M,1062
2027,40,F,1068
2027,40,M,1064
2027,41,F,1087
2027,41,M,1137
2027,42,F,1139
2027,42,M,1103
2027,43,F,1115
2027,43,M,1120
2027,44,F,1175
2027,44,M,1139
2027,45,F,1268
2027,45,M,1146
2027,46,F,1197
2027,46,M,1111
2027,47,F,1194
2027,47,M,1082
2027,48,F,1196
2027,48,M,1003
2027,49,F,1158
2027,49,M,1035
2027,50,F,1267
2027,50,M,951
2027,51,F,1254
2027,51,M,937
2027,52,F,1229
2027,52,M,887
2027,53,F,1259
2027,53,M,950
2027,54,F,1221
2027,54,M,905
2027,55,F,1303
2027,55,M,939
2027,56,F,1216
2027,56,M,958
2027,57,F,1258
2027,57,M,930
2027,58,F,1230
2027,58,M,876
2027,59,F,1156
2027,59,M,835
2027,60,F,1134
2027,60,M,895
2027,61,F,1159
2027,61,M,895
2027,62,F,1127
2027,62,M,954
2027,63,F,1239
2027,63,M,890
2027,64,F,1221
2027,64,M,952
2027,65,F,1182
2027,65,M,852
2027,66,F,1142
2027,66,M,878
2027,67,F,1099
2027,67,M,880
2027,68,F,1152
2027,68,M,832
2027,69,F,1166
2027,69,M,747
2027,70,F,1048
2027,70,M,753
2027,71,F,964
2027,71,M,712
2027,72,F,1020
2027,72,M,712
2027,73,F,914
2027,73,M,715
2027,74,F,873
2027,74,M,593
2027,75,F,833
2027,75,M,590
2027,76,F,845
2027,76,M,548
2027,77,F,796
2027,77,M,559
2027,78,F,757
2027,78,M,535
2027,79,F,730
2027,79,M,505
2027,80,F,655
2027,80,M,489
2027,81,F,598
2027,81,M,406
2027,82,F,460
2027,82,M,376
2027,83,F,457
2027,83,M,348
2027,84,F,424
2027,84,M,345
2027,85,F,415
2027,85,M,259
2027,86,F,351
2027,86,M,192
2027,87,F,312
2027,87,M,195
2027,88,F,286
2027,88,M,184
2027,89,F,241
2027,89,M,173
2027,90,F,208
2027,90,M,111
2027,91,F,207
2027,91,M,84
2027,92,F,155
2027,92,M,72
2027,93,F,129
2027,93,M,55
2027,94,F,104
2027,94,M,41
2027,95,F,89
2027,95,M,43
2027,96,F,67
2027,96,M,28
2027,97,F,49
2027,97,M,15
2027,98,F,35
2027,98,M,10
2027,99,F,31
2027,99,M,7
2027,100,F,46
2027,100,M,6
2027,101,F,22
2027,101,M,5
2027,102,F,17
2027,102,M,1
2027,103,F,21
2027,103,M,3
2027,104,F,10
2027,104,M,1
2027,105,F,2
2027,105,M,1
2027,106,F,10
2027,106,M,0
2027,107,F,2
2027,107,M,0
2027,108,F,2
2027,108,M,0
2027,109,F,0
2027,109,M,0
2027,110,F,1
2027,110,M,0
2028,0,F,0
2028,0,M,0
2028,1,F,0
2028,1,M,0
2028,2,F,0
2028,2,M,0
2028,3,F,173
2028,3,M,402
2028,4,F,169
2028,4,M,267
2028,5,F,213
2028,5,M,284
2028,6,F,237
2028,6,M,348
2028,7,F,291
2028,7,M,366
2028,8,F,313
2028,8,M,475
2028,9,F,408
2028,9,M,551
2028,10,F,404
2028,10,M,636
2028,11,F,467
2028,11,M,698
2028,12,F,509
2028,12,M,712
2028,13,F,563
2028,13,M,728
2028,14,F,569
2028,14,M,831
2028,15,F,668
2028,15,M,953
2028,16,F,697
2028,16,M,1037
2028,17,F,697
2028,17,M,1055
2028,18,F,815
2028,18,M,1186
2028,19,F,828
2028,19,M,1246
2028,20,F,1006
2028,20,M,1218
2028,21,F,886
2028,21,M,1264
2028,22,F,889
2028,22,M,1262
2028,23,F,832
2028,23,M,1211
2028,24,F,842
2028,24,M,1103
2028,25,F,828
2028,25,M,1090
2028,26,F,816
2028,26,M,1076
2028,27,F,863
2028,27,M,1033
2028,28,F,909
2028,28,M,1013
2028,29,F,882
2028,29,M,997
2028,30,F,844
2028,30,M,992
2028,31,F,853
2028,31,M,1021
2028,32,F,886
2028,32,M,932
2028,33,F,966
2028,33,M,915
2028,34,F,917
2028,34,M,890
2028,35,F,905
2028,35,M,880
2028,36,F,991
2028,36,M,929
2028,37,F,1011
2028,37,M,948
2028,38,F,1035
2028,38,M,1003
2028,39,F,1059
2028,39,M,978
2028,40,F,1062
2028,40,M,1025
2028,41,F,1085
2028,41,M,1055
2028,42,F,1113
2028,42,M,1129
2028,43,F,1157
2028,43,M,1081
2028,44,F,1129
2028,44,M,1097
2028,45,F,1209
2028,45,M,1130
2028,46,F,1290
2028,46,M,1141
2028,47,F,1220
2028,47,M,1104
2028,48,F,1209
2028,48,M,1082
2028,49,F,1219
2028,49,M,1008
2028,50,F,1187
2028,50,M,1028
2028,51,F,1277
2028,51,M,960
2028,52,F,1275
2028,52,M,949
2028,53,F,1247
2028,53,M,900
2028,54,F,1269
2028,54,M,957
2028,55,F,1218
2028,55,M,913
2028,56,F,1313
2028,56,M,952
2028,57,F,1223
2028,57,M,969
2028,58,F,1250
2028,58,M,935
2028,59,F,1224
2028,59,M,877
2028,60,F,1129
2028,60,M,838
2028,61,F,1102
2028,61,M,874
2028,62,F,1117
2028,62,M,896
2028,63,F,1120
2028,63,M,939
2028,64,F,1247
2028,64,M,894
2028,65,F,1204
2028,65,M,932
2028,66,F,1182
2028,66,M,852
2028,67,F,1135
2028,67,M,868
2028,68,F,1090
2028,68,M,883
2028,69,F,1142
2028,69,M,837
2028,70,F,1153
2028,70,M,747
2028,71,F,1039
2028,71,M,743
2028,72,F,970
2028,72,M,712
2028,73,F,1016
2028,73,M,702
2028,74,F,902
2028,74,M,690
2028,75,F,856
2028,75,M,586
2028,76,F,819
2028,76,M,580
2028,77,F,835
2028,77,M,534
2028,78,F,790
2028,78,M,539
2028,79,F,745
2028,79,M,517
2028,80,F,717
2028,80,M,487
2028,81,F,631
2028,81,M,461
2028,82,F,566
2028,82,M,391
2028,83,F,441
2028,83,M,358
2028,84,F,431
2028,84,M,340
2028,85,F,401
2028,85,M,318
2028,86,F,384
2028,86,M,248
2028,87,F,322
2028,87,M,167
2028,88,F,288
2028,88,M,176
2028,89,F,270
2028,89,M,169
2028,90,F,210
2028,90,M,150
2028,91,F,187
2028,91,M,94
2028,92,F,190
2028,92,M,68
2028,93,F,139
2028,93,M,57
2028,94,F,102
2028,94,M,46
2028,95,F,86
2028,95,M,28
2028,96,F,77
2028,96,M,35
2028,97,F,51
2028,97,M,21
2028,98,F,43
2028,98,M,8
2028,99,F,28
2028,99,M,7
2028,100,F,41
2028,100,M,5
2028,101,F,31
2028,101,M,3
2028,102,F,14
2028,102,M,2
2028,103,F,8
2028,103,M,0
2028,104,F,12
2028,104,M,1
2028,105,F,7
2028,105,M,1
2028,106,F,1
2028,106,M,1
2028,107,F,7
2028,107,M,0
2028,108,F,1
2028,108,M,0
2028,109,F,0
2028,109,M,0
2028,110,F,0
2028,110,M,0
2029,0,F,0
2029,0,M,0
2029,1,F,0
2029,1,M,0
2029,2,F,0
2029,2,M,0
2029,3,F,182
2029,3,M,398
2029,4,F,155
2029,4,M,263
2029,5,F,198
2029,5,M,304
2029,6,F,259
2029,6,M,351
2029,7,F,286
2029,7,M,412
2029,8,F,341
2029,8,M,429
2029,9,F,365
2029,9,M,555
2029,10,F,452
2029,10,M,605
2029,11,F,448
2029,11,M,697
2029,12,F,501
2029,12,M,741
2029,13,F,541
2029,13,M,764
2029,14,F,598
2029,14,M,765
2029,15,F,603
2029,15,M,875
2029,16,F,703
2029,16,M,1020
2029,17,F,740
2029,17,M,1102
2029,18,F,743
2029,18,M,1128
2029,19,F,875
2029,19,M,1257
2029,20,F,867
2029,20,M,1304
2029,21,F,1025
2029,21,M,1249
2029,22,F,899
2029,22,M,1292
2029,23,F,902
2029,23,M,1280
2029,24,F,852
2029,24,M,1217
2029,25,F,857
2029,25,M,1100
2029,26,F,846
2029,26,M,1080
2029,27,F,831
2029,27,M,1066
2029,28,F,871
2029,28,M,1013
2029,29,F,908
2029,29,M,1003
2029,30,F,891
2029,30,M,991
2029,31,F,835
2029,31,M,982
2029,32,F,879
2029,32,M,1017
2029,33,F,896
2029,33,M,899
2029,34,F,974
2029,34,M,891
2029,35,F,945
2029,35,M,881
2029,36,F,938
2029,36,M,870
2029,37,F,993
2029,37,M,901
2029,38,F,1019
2029,38,M,929
2029,39,F,1047
2029,39,M,975
2029,40,F,1078
2029,40,M,968
2029,41,F,1075
2029,41,M,1002
2029,42,F,1096
2029,42,M,1035
2029,43,F,1132
2029,43,M,1115
2029,44,F,1191
2029,44,M,1071
2029,45,F,1152
2029,45,M,1102
2029,46,F,1236
2029,46,M,1102
2029,47,F,1320
2029,47,M,1147
2029,48,F,1244
2029,48,M,1103
2029,49,F,1235
2029,49,M,1077
2029,50,F,1237
2029,50,M,1022
2029,51,F,1212
2029,51,M,1035
2029,52,F,1293
2029,52,M,966
2029,53,F,1277
2029,53,M,954
2029,54,F,1277
2029,54,M,910
2029,55,F,1277
2029,55,M,969
2029,56,F,1230
2029,56,M,937
2029,57,F,1317
2029,57,M,961
2029,58,F,1191
2029,58,M,969
2029,59,F,1239
2029,59,M,940
2029,60,F,1204
2029,60,M,878
2029,61,F,1104
2029,61,M,843
2029,62,F,1067
2029,62,M,862
2029,63,F,1109
2029,63,M,886
2029,64,F,1126
2029,64,M,941
2029,65,F,1236
2029,65,M,892
2029,66,F,1203
2029,66,M,928
2029,67,F,1171
2029,67,M,846
2029,68,F,1127
2029,68,M,878
2029,69,F,1073
2029,69,M,875
2029,70,F,1127
2029,70,M,830
2029,71,F,1141
2029,71,M,757
2029,72,F,1042
2029,72,M,732
2029,73,F,949
2029,73,M,716
2029,74,F,1006
2029,74,M,687
2029,75,F,883
2029,75,M,675
2029,76,F,850
2029,76,M,578
2029,77,F,812
2029,77,M,564
2029,78,F,821
2029,78,M,526
2029,79,F,770
2029,79,M,512
2029,80,F,727
2029,80,M,494
2029,81,F,703
2029,81,M,472
2029,82,F,611
2029,82,M,434
2029,83,F,554
2029,83,M,373
2029,84,F,423
2029,84,M,336
2029,85,F,406
2029,85,M,316
2029,86,F,379
2029,86,M,296
2029,87,F,350
2029,87,M,226
2029,88,F,293
2029,88,M,142
2029,89,F,258
2029,89,M,157
2029,90,F,244
2029,90,M,151
2029,91,F,190
2029,91,M,125
2029,92,F,160
2029,92,M,74
2029,93,F,167
2029,93,M,57
2029,94,F,118
2029,94,M,48
2029,95,F,82
2029,95,M,37
2029,96,F,60
2029,96,M,19
2029,97,F,66
2029,97,M,23
2029,98,F,37
2029,98,M,16
2029,99,F,33
2029,99,M,4
2029,100,F,38
2029,100,M,15
2029,101,F,31
2029,101,M,4
2029,102,F,18
2029,102,M,1
2029,103,F,12
2029,103,M,1
2029,104,F,7
2029,104,M,0
2029,105,F,8
2029,105,M,1
2029,106,F,3
2029,106,M,1
2029,107,F,1
2029,107,M,0
2029,108,F,3
2029,108,M,0
2029,109,F,1
2029,109,M,0
2029,110,F,0
2029,110,M,0
2030,0,F,0
2030,0,M,0
2030,1,F,0
2030,1,M,0
2030,2,F,0
2030,2,M,0
2030,3,F,153
2030,3,M,381
2030,4,F,183
2030,4,M,258
2030,5,F,186
2030,5,M,312
2030,6,F,243
2030,6,M,386
2030,7,F,296
2030,7,M,417
2030,8,F,338
2030,8,M,463
2030,9,F,377
2030,9,M,488
2030,10,F,414
2030,10,M,610
2030,11,F,485
2030,11,M,653
2030,12,F,476
2030,12,M,745
2030,13,F,534
2030,13,M,790
2030,14,F,572
2030,14,M,803
2030,15,F,626
2030,15,M,817
2030,16,F,636
2030,16,M,933
2030,17,F,747
2030,17,M,1094
2030,18,F,789
2030,18,M,1174
2030,19,F,789
2030,19,M,1190
2030,20,F,913
2030,20,M,1308
2030,21,F,897
2030,21,M,1339
2030,22,F,1043
2030,22,M,1270
2030,23,F,911
2030,23,M,1297
2030,24,F,920
2030,24,M,1277
2030,25,F,862
2030,25,M,1194
2030,26,F,867
2030,26,M,1084
2030,27,F,839
2030,27,M,1055
2030,28,F,838
2030,28,M,1061
2030,29,F,888
2030,29,M,988
2030,30,F,912
2030,30,M,983
2030,31,F,909
2030,31,M,961
2030,32,F,851
2030,32,M,947
2030,33,F,890
2030,33,M,1011
2030,34,F,909
2030,34,M,883
2030,35,F,979
2030,35,M,870
2030,36,F,959
2030,36,M,853
2030,37,F,951
2030,37,M,849
2030,38,F,1009
2030,38,M,866
2030,39,F,1046
2030,39,M,914
2030,40,F,1078
2030,40,M,947
2030,41,F,1085
2030,41,M,958
2030,42,F,1095
2030,42,M,987
2030,43,F,1106
2030,43,M,1021
2030,44,F,1160
2030,44,M,1100
2030,45,F,1221
2030,45,M,1066
2030,46,F,1177
2030,46,M,1085
2030,47,F,1274
2030,47,M,1086
2030,48,F,1345
2030,48,M,1123
2030,49,F,1260
2030,49,M,1106
2030,50,F,1258
2030,50,M,1080
2030,51,F,1265
2030,51,M,1022
2030,52,F,1221
2030,52,M,1040
2030,53,F,1309
2030,53,M,974
2030,54,F,1299
2030,54,M,966
2030,55,F,1275
2030,55,M,923
2030,56,F,1289
2030,56,M,976
2030,57,F,1218
2030,57,M,951
2030,58,F,1302
2030,58,M,965
2030,59,F,1166
2030,59,M,979
2030,60,F,1229
2030,60,M,940
2030,61,F,1170
2030,61,M,865
2030,62,F,1059
2030,62,M,848
2030,63,F,1059
2030,63,M,847
2030,64,F,1110
2030,64,M,879
2030,65,F,1125
2030,65,M,932
2030,66,F,1207
2030,66,M,889
2030,67,F,1196
2030,67,M,924
2030,68,F,1170
2030,68,M,854
2030,69,F,1115
2030,69,M,879
2030,70,F,1057
2030,70,M,868
2030,71,F,1121
2030,71,M,810
2030,72,F,1117
2030,72,M,741
2030,73,F,1035
2030,73,M,738
2030,74,F,949
2030,74,M,703
2030,75,F,994
2030,75,M,674
2030,76,F,869
2030,76,M,659
2030,77,F,834
2030,77,M,566
2030,78,F,800
2030,78,M,546
2030,79,F,804
2030,79,M,518
2030,80,F,754
2030,80,M,492
2030,81,F,711
2030,81,M,463
2030,82,F,684
2030,82,M,451
2030,83,F,588
2030,83,M,412
2030,84,F,535
2030,84,M,350
2030,85,F,401
2030,85,M,308
2030,86,F,381
2030,86,M,298
2030,87,F,353
2030,87,M,263
2030,88,F,335
2030,88,M,196
2030,89,F,269
2030,89,M,123
2030,90,F,240
2030,90,M,131
2030,91,F,208
2030,91,M,129
2030,92,F,154
2030,92,M,94
2030,93,F,135
2030,93,M,58
2030,94,F,127
2030,94,M,44
2030,95,F,99
2030,95,M,37
2030,96,F,64
2030,96,M,23
2030,97,F,45
2030,97,M,18
2030,98,F,47
2030,98,M,14
2030,99,F,26
2030,99,M,10
2030,100,F,44
2030,100,M,3
2030,101,F,27
2030,101,M,11
2030,102,F,26
2030,102,M,2
2030,103,F,11
2030,103,M,0
2030,104,F,6
2030,104,M,1
2030,105,F,3
2030,105,M,0
2030,106,F,5
2030,106,M,1
2030,107,F,1
2030,107,M,1
2030,108,F,0
2030,108,M,0
2030,109,F,2
2030,109,M,0
2030,110,F,0
2030,110,M,0
