year,age,sex,n_alive
2001,0,F,4870
2001,0,M,5066
2001,1,F,5172
2001,1,M,5336
2001,2,F,5106
2001,2,M,5532
2001,3,F,5347
2001,3,M,5567
2001,4,F,5445
2001,4,M,5894
2001,5,F,5744
2001,5,M,6132
2001,6,F,5933
2001,6,M,6187
2001,7,F,5944
2001,7,M,6260
2001,8,F,6030
2001,8,M,6414
2001,9,F,6232
2001,9,M,6521
2001,10,F,6360
2001,10,M,6582
2001,11,F,6376
2001,11,M,6631
2001,12,F,6069
2001,12,M,6526
2001,13,F,6078
2001,13,M,6218
2001,14,F,6016
2001,14,M,6441
2001,15,F,6214
2001,15,M,6549
2001,16,F,6220
2001,16,M,6662
2001,17,F,6140
2001,17,M,6763
2001,18,F,6306
2001,18,M,6578
2001,19,F,6237
2001,19,M,6714
2001,20,F,6434
2001,20,M,6678
2001,21,F,6326
2001,21,M,6728
2001,22,F,6265
2001,22,M,6533
2001,23,F,6165
2001,23,M,6397
2001,24,F,6113
2001,24,M,6527
2001,25,F,6228
2001,25,M,6388
2001,26,F,6190
2001,26,M,6444
2001,27,F,6165
2001,27,M,6216
2001,28,F,6125
2001,28,M,6430
2001,29,F,6492
2001,29,M,6396
2001,30,F,6742
2001,30,M,6785
2001,31,F,6787
2001,31,M,6831
2001,32,F,6820
2001,32,M,6710
2001,33,F,6773
2001,33,M,6815
2001,34,F,6842
2001,34,M,7059
2001,35,F,7325
2001,35,M,7418
2001,36,F,7997
2001,36,M,7887
2001,37,F,8267
2001,37,M,8204
2001,38,F,8313
2001,38,M,8387
2001,39,F,8198
2001,39,M,8259
2001,40,F,8311
2001,40,M,8318
2001,41,F,8036
2001,41,M,8407
2001,42,F,7976
2001,42,M,8110
2001,43,F,8011
2001,43,M,7929
2001,44,F,7824
2001,44,M,7814
2001,45,F,7604
2001,45,M,7567
2001,46,F,7565
2001,46,M,7526
2001,47,F,7336
2001,47,M,7247
2001,48,F,7089
2001,48,M,6870
2001,49,F,6770
2001,49,M,6712
2001,50,F,6742
2001,50,M,6512
2001,51,F,6548
2001,51,M,6382
2001,52,F,6514
2001,52,M,6179
2001,53,F,6401
2001,53,M,6302
2001,54,F,6302
2001,54,M,6187
2001,55,F,5521
2001,55,M,5344
2001,56,F,5072
2001,56,M,5056
2001,57,F,4941
2001,57,M,4914
2001,58,F,4788
2001,58,M,4767
2001,59,F,4490
2001,59,M,4383
2001,60,F,4376
2001,60,M,4146
2001,61,F,4091
2001,61,M,3892
2001,62,F,4007
2001,62,M,3742
2001,63,F,3836
2001,63,M,3619
2001,64,F,3691
2001,64,M,3456
2001,65,F,3696
2001,65,M,3439
2001,66,F,3606
2001,66,M,3310
2001,67,F,3467
2001,67,M,3233
2001,68,F,3578
2001,68,M,3191
2001,69,F,3477
2001,69,M,3224
2001,70,F,3452
2001,70,M,3143
2001,71,F,3380
2001,71,M,2973
2001,72,F,3309
2001,72,M,2660
2001,73,F,3226
2001,73,M,2595
2001,74,F,3139
2001,74,M,2381
2001,75,F,3058
2001,75,M,2294
2001,76,F,2899
2001,76,M,2154
2001,77,F,2862
2001,77,M,1927
2001,78,F,2687
2001,78,M,1788
2001,79,F,2557
2001,79,M,1672
2001,80,F,2374
2001,80,M,1471
2001,81,F,2143
2001,81,M,1296
2001,82,F,1830
2001,82,M,985
2001,83,F,1624
2001,83,M,872
2001,84,F,1440
2001,84,M,773
2001,85,F,1371
2001,85,M,664
2001,86,F,1208
2001,86,M,579
2001,87,F,1032
2001,87,M,505
2001,88,F,897
2001,88,M,356
2001,89,F,762
2001,89,M,273
2001,90,F,596
2001,90,M,238
2001,91,F,490
2001,91,M,155
2001,92,F,377
2001,92,M,117
2001,93,F,280
2001,93,M,98
2001,94,F,213
2001,94,M,61
2001,95,F,168
2001,95,M,39
2001,96,F,111
2001,96,M,25
2001,97,F,87
2001,97,M,11
2001,98,F,54
2001,98,M,11
2001,99,F,37
2001,99,M,4
2001,100,F,63
2001,100,M,6
2001,101,F,0
2001,101,M,0
2001,102,F,0
2001,102,M,0
2001,103,F,0
2001,103,M,0
2001,104,F,0
2001,104,M,0
2001,105,F,0
2001,105,M,0
2001,106,F,0
2001,106,M,0
2001,107,F,0
2001,107,M,0
2001,108,F,0
2001,108,M,0
2001,109,F,0
2001,109,M,0
2001,110,F,0
2001,110,M,0
2002,0,F,4893
2002,0,M,5028
2002,1,F,4939
2002,1,M,5180
2002,2,F,5228
2002,2,M,5393
2002,3,F,5141
2002,3,M,5567
2002,4,F,5385
2002,4,M,5605
2002,5,F,5486
2002,5,M,5934
2002,6,F,5804
2002,6,M,6189
2002,7,F,5992
2002,7,M,6237
2002,8,F,6006
2002,8,M,6333
2002,9,F,6105
2002,9,M,6477
2002,10,F,6307
2002,10,M,6594
2002,11,F,6436
2002,11,M,6671
2002,12,F,6453
2002,12,M,6734
2002,13,F,6131
2002,13,M,6642
2002,14,F,6122
2002,14,M,6293
2002,15,F,6073
2002,15,M,6505
2002,16,F,6269
2002,16,M,6634
2002,17,F,6291
2002,17,M,6747
2002,18,F,6232
2002,18,M,6842
2002,19,F,6426
2002,19,M,6711
2002,20,F,6361
2002,20,M,6812
2002,21,F,6537
2002,21,M,6750
2002,22,F,6397
2002,22,M,6792
2002,23,F,6324
2002,23,M,6565
2002,24,F,6223
2002,24,M,6445
2002,25,F,6170
2002,25,M,6539
2002,26,F,6309
2002,26,M,6408
2002,27,F,6271
2002,27,M,6485
2002,28,F,6240
2002,28,M,6276
2002,29,F,6205
2002,29,M,6521
2002,30,F,6568
2002,30,M,6468
2002,31,F,6806
2002,31,M,6861
2002,32,F,6862
2002,32,M,6901
2002,33,F,6896
2002,33,M,6804
2002,34,F,6838
2002,34,M,6869
2002,35,F,6911
2002,35,M,7132
2002,36,F,7393
2002,36,M,7488
2002,37,F,8078
2002,37,M,7975
2002,38,F,8335
2002,38,M,8276
2002,39,F,8387
2002,39,M,8451
2002,40,F,8244
2002,40,M,8299
2002,41,F,8339
2002,41,M,8347
2002,42,F,8062
2002,42,M,8430
2002,43,F,8000
2002,43,M,8135
2002,44,F,8027
2002,44,M,7942
2002,45,F,7843
2002,45,M,7838
2002,46,F,7623
2002,46,M,7599
2002,47,F,7596
2002,47,M,7561
2002,48,F,7351
2002,48,M,7270
2002,49,F,7099
2002,49,M,6857
2002,50,F,6767
2002,50,M,6701
2002,51,F,6743
2002,51,M,6494
2002,52,F,6550
2002,52,M,6365
2002,53,F,6507
2002,53,M,6155
2002,54,F,6403
2002,54,M,6270
2002,55,F,6321
2002,55,M,6183
2002,56,F,5503
2002,56,M,5306
2002,57,F,5078
2002,57,M,5035
2002,58,F,4951
2002,58,M,4909
2002,59,F,4793
2002,59,M,4740
2002,60,F,4482
2002,60,M,4368
2002,61,F,4365
2002,61,M,4113
2002,62,F,4078
2002,62,M,3848
2002,63,F,3990
2002,63,M,3702
2002,64,F,3805
2002,64,M,3559
2002,65,F,3670
2002,65,M,3402
2002,66,F,3670
2002,66,M,3373
2002,67,F,3576
2002,67,M,3253
2002,68,F,3424
2002,68,M,3159
2002,69,F,3533
2002,69,M,3086
2002,70,F,3421
2002,70,M,3122
2002,71,F,3408
2002,71,M,3060
2002,72,F,3319
2002,72,M,2894
2002,73,F,3237
2002,73,M,2556
2002,74,F,3151
2002,74,M,2515
2002,75,F,3053
2002,75,M,2275
2002,76,F,2976
2002,76,M,2184
2002,77,F,2806
2002,77,M,2033
2002,78,F,2767
2002,78,M,1814
2002,79,F,2596
2002,79,M,1684
2002,80,F,2454
2002,80,M,1558
2002,81,F,2244
2002,81,M,1367
2002,82,F,2043
2002,82,M,1173
2002,83,F,1703
2002,83,M,902
2002,84,F,1498
2002,84,M,772
2002,85,F,1331
2002,85,M,679
2002,86,F,1243
2002,86,M,573
2002,87,F,1080
2002,87,M,497
2002,88,F,890
2002,88,M,424
2002,89,F,770
2002,89,M,292
2002,90,F,656
2002,90,M,214
2002,91,F,481
2002,91,M,199
2002,92,F,417
2002,92,M,124
2002,93,F,303
2002,93,M,93
2002,94,F,207
2002,94,M,73
2002,95,F,173
2002,95,M,42
2002,96,F,123
2002,96,M,31
2002,97,F,82
2002,97,M,14
2002,98,F,64
2002,98,M,7
2002,99,F,37
2002,99,M,10
2002,100,F,65
2002,100,M,5
2002,101,F,36
2002,101,M,4
2002,102,F,0
2002,102,M,0
2002,103,F,0
2002,103,M,0
2002,104,F,0
2002,104,M,0
2002,105,F,0
2002,105,M,0
2002,106,F,0
2002,106,M,0
2002,107,F,0
2002,107,M,0
2002,108,F,0
2002,108,M,0
2002,109,F,0
2002,109,M,0
2002,110,F,0
2002,110,M,0
2003,0,F,4923
2003,0,M,5079
2003,1,F,4987
2003,1,M,5127
2003,2,F,4985
2003,2,M,5234
2003,3,F,5268
2003,3,M,5437
2003,4,F,5176
2003,4,M,5595
2003,5,F,5422
2003,5,M,5636
2003,6,F,5512
2003,6,M,5965
2003,7,F,5847
2003,7,M,6210
2003,8,F,6026
2003,8,M,6278
2003,9,F,6042
2003,9,M,6368
2003,10,F,6158
2003,10,M,6527
2003,11,F,6353
2003,11,M,6636
2003,12,F,6497
2003,12,M,6726
2003,13,F,6530
2003,13,M,6816
2003,14,F,6190
2003,14,M,6718
2003,15,F,6166
2003,15,M,6359
2003,16,F,6131
2003,16,M,6571
2003,17,F,6346
2003,17,M,6698
2003,18,F,6370
2003,18,M,6839
2003,19,F,6343
2003,19,M,6952
2003,20,F,6524
2003,20,M,6815
2003,21,F,6465
2003,21,M,6879
2003,22,F,6597
2003,22,M,6800
2003,23,F,6432
2003,23,M,6845
2003,24,F,6370
2003,24,M,6586
2003,25,F,6270
2003,25,M,6454
2003,26,F,6232
2003,26,M,6556
2003,27,F,6379
2003,27,M,6435
2003,28,F,6345
2003,28,M,6520
2003,29,F,6304
2003,29,M,6324
2003,30,F,6278
2003,30,M,6568
2003,31,F,6616
2003,31,M,6512
2003,32,F,6856
2003,32,M,6913
2003,33,F,6902
2003,33,M,6949
2003,34,F,6929
2003,34,M,6848
2003,35,F,6880
2003,35,M,6896
2003,36,F,6925
2003,36,M,7167
2003,37,F,7436
2003,37,M,7535
2003,38,F,8127
2003,38,M,8021
2003,39,F,8380
2003,39,M,8334
2003,40,F,8431
2003,40,M,8501
2003,41,F,8264
2003,41,M,8321
2003,42,F,8352
2003,42,M,8357
2003,43,F,8075
2003,43,M,8444
2003,44,F,7997
2003,44,M,8133
2003,45,F,8027
2003,45,M,7937
2003,46,F,7859
2003,46,M,7845
2003,47,F,7623
2003,47,M,7595
2003,48,F,7611
2003,48,M,7579
2003,49,F,7349
2003,49,M,7276
2003,50,F,7109
2003,50,M,6853
2003,51,F,6756
2003,51,M,6680
2003,52,F,6738
2003,52,M,6473
2003,53,F,6537
2003,53,M,6350
2003,54,F,6495
2003,54,M,6125
2003,55,F,6393
2003,55,M,6239
2003,56,F,6326
2003,56,M,6159
2003,57,F,5489
2003,57,M,5253
2003,58,F,5075
2003,58,M,5010
2003,59,F,4947
2003,59,M,4897
2003,60,F,4804
2003,60,M,4703
2003,61,F,4478
2003,61,M,4342
2003,62,F,4345
2003,62,M,4063
2003,63,F,4066
2003,63,M,3803
2003,64,F,3964
2003,64,M,3661
2003,65,F,3779
2003,65,M,3516
2003,66,F,3639
2003,66,M,3340
2003,67,F,3639
2003,67,M,3312
2003,68,F,3539
2003,68,M,3173
2003,69,F,3372
2003,69,M,3084
2003,70,F,3465
2003,70,M,3006
2003,71,F,3356
2003,71,M,3040
2003,72,F,3351
2003,72,M,2969
2003,73,F,3253
2003,73,M,2802
2003,74,F,3160
2003,74,M,2468
2003,75,F,3065
2003,75,M,2412
2003,76,F,2978
2003,76,M,2173
2003,77,F,2887
2003,77,M,2077
2003,78,F,2711
2003,78,M,1928
2003,79,F,2660
2003,79,M,1709
2003,80,F,2470
2003,80,M,1568
2003,81,F,2331
2003,81,M,1452
2003,82,F,2117
2003,82,M,1259
2003,83,F,1932
2003,83,M,1056
2003,84,F,1594
2003,84,M,816
2003,85,F,1379
2003,85,M,683
2003,86,F,1221
2003,86,M,589
2003,87,F,1132
2003,87,M,491
2003,88,F,957
2003,88,M,422
2003,89,F,785
2003,89,M,356
2003,90,F,656
2003,90,M,253
2003,91,F,544
2003,91,M,179
2003,92,F,384
2003,92,M,149
2003,93,F,340
2003,93,M,99
2003,94,F,229
2003,94,M,66
2003,95,F,172
2003,95,M,48
2003,96,F,124
2003,96,M,28
2003,97,F,85
2003,97,M,21
2003,98,F,61
2003,98,M,9
2003,99,F,47
2003,99,M,5
2003,100,F,88
2003,100,M,16
2003,101,F,49
2003,101,M,4
2003,102,F,21
2003,102,M,2
2003,103,F,0
2003,103,M,0
2003,104,F,0
2003,104,M,0
2003,105,F,0
2003,105,M,0
2003,106,F,0
2003,106,M,0
2003,107,F,0
2003,107,M,0
2003,108,F,0
2003,108,M,0
2003,109,F,0
2003,109,M,0
2003,110,F,0
2003,110,M,0
2004,0,F,5017
2004,0,M,5218
2004,1,F,5039
2004,1,M,5198
2004,2,F,5064
2004,2,M,5196
2004,3,F,5029
2004,3,M,5294
2004,4,F,5313
2004,4,M,5488
2004,5,F,5204
2004,5,M,5633
2004,6,F,5446
2004,6,M,5674
2004,7,F,5529
2004,7,M,5997
2004,8,F,5890
2004,8,M,6240
2004,9,F,6082
2004,9,M,6321
2004,10,F,6096
2004,10,M,6412
2004,11,F,6218
2004,11,M,6580
2004,12,F,6405
2004,12,M,6687
2004,13,F,6541
2004,13,M,6786
2004,14,F,6590
2004,14,M,6907
2004,15,F,6268
2004,15,M,6793
2004,16,F,6229
2004,16,M,6434
2004,17,F,6198
2004,17,M,6633
2004,18,F,6398
2004,18,M,6782
2004,19,F,6489
2004,19,M,6930
2004,20,F,6453
2004,20,M,7038
2004,21,F,6609
2004,21,M,6862
2004,22,F,6535
2004,22,M,6922
2004,23,F,6660
2004,23,M,6848
2004,24,F,6503
2004,24,M,6871
2004,25,F,6441
2004,25,M,6596
2004,26,F,6341
2004,26,M,6456
2004,27,F,6314
2004,27,M,6569
2004,28,F,6453
2004,28,M,6464
2004,29,F,6427
2004,29,M,6567
2004,30,F,6367
2004,30,M,6385
2004,31,F,6339
2004,31,M,6614
2004,32,F,6655
2004,32,M,6556
2004,33,F,6907
2004,33,M,6962
2004,34,F,6969
2004,34,M,6989
2004,35,F,6979
2004,35,M,6894
2004,36,F,6932
2004,36,M,6940
2004,37,F,6972
2004,37,M,7204
2004,38,F,7461
2004,38,M,7573
2004,39,F,8178
2004,39,M,8080
2004,40,F,8434
2004,40,M,8396
2004,41,F,8472
2004,41,M,8547
2004,42,F,8288
2004,42,M,8335
2004,43,F,8370
2004,43,M,8386
2004,44,F,8082
2004,44,M,8444
2004,45,F,8000
2004,45,M,8137
2004,46,F,8034
2004,46,M,7933
2004,47,F,7857
2004,47,M,7848
2004,48,F,7634
2004,48,M,7604
2004,49,F,7614
2004,49,M,7575
2004,50,F,7350
2004,50,M,7282
2004,51,F,7105
2004,51,M,6846
2004,52,F,6732
2004,52,M,6679
2004,53,F,6730
2004,53,M,6442
2004,54,F,6530
2004,54,M,6326
2004,55,F,6476
2004,55,M,6095
2004,56,F,6379
2004,56,M,6207
2004,57,F,6334
2004,57,M,6142
2004,58,F,5463
2004,58,M,5212
2004,59,F,5061
2004,59,M,4980
2004,60,F,4952
2004,60,M,4876
2004,61,F,4798
2004,61,M,4669
2004,62,F,4452
2004,62,M,4301
2004,63,F,4343
2004,63,M,4045
2004,64,F,4029
2004,64,M,3756
2004,65,F,3940
2004,65,M,3613
2004,66,F,3753
2004,66,M,3460
2004,67,F,3610
2004,67,M,3284
2004,68,F,3593
2004,68,M,3267
2004,69,F,3511
2004,69,M,3115
2004,70,F,3327
2004,70,M,2992
2004,71,F,3419
2004,71,M,2935
2004,72,F,3290
2004,72,M,2949
2004,73,F,3280
2004,73,M,2867
2004,74,F,3182
2004,74,M,2710
2004,75,F,3093
2004,75,M,2373
2004,76,F,2982
2004,76,M,2307
2004,77,F,2875
2004,77,M,2081
2004,78,F,2771
2004,78,M,1974
2004,79,F,2600
2004,79,M,1805
2004,80,F,2530
2004,80,M,1609
2004,81,F,2369
2004,81,M,1441
2004,82,F,2211
2004,82,M,1342
2004,83,F,2007
2004,83,M,1142
2004,84,F,1824
2004,84,M,953
2004,85,F,1479
2004,85,M,702
2004,86,F,1255
2004,86,M,589
2004,87,F,1106
2004,87,M,512
2004,88,F,1007
2004,88,M,408
2004,89,F,841
2004,89,M,339
2004,90,F,687
2004,90,M,294
2004,91,F,554
2004,91,M,206
2004,92,F,450
2004,92,M,137
2004,93,F,288
2004,93,M,116
2004,94,F,264
2004,94,M,78
2004,95,F,182
2004,95,M,49
2004,96,F,125
2004,96,M,32
2004,97,F,82
2004,97,M,20
2004,98,F,62
2004,98,M,12
2004,99,F,42
2004,99,M,6
2004,100,F,62
2004,100,M,13
2004,101,F,60
2004,101,M,13
2004,102,F,33
2004,102,M,2
2004,103,F,13
2004,103,M,1
2004,104,F,0
2004,104,M,0
2004,105,F,0
2004,105,M,0
2004,106,F,0
2004,106,M,0
2004,107,F,0
2004,107,M,0
2004,108,F,0
2004,108,M,0
2004,109,F,0
2004,109,M,0
2004,110,F,0
2004,110,M,0
2005,0,F,5031
2005,0,M,5240
2005,1,F,5130
2005,1,M,5324
2005,2,F,5102
2005,2,M,5270
2005,3,F,5129
2005,3,M,5276
2005,4,F,5077
2005,4,M,5383
2005,5,F,5360
2005,5,M,5548
2005,6,F,5240
2005,6,M,5671
2005,7,F,5466
2005,7,M,5699
2005,8,F,5558
2005,8,M,6033
2005,9,F,5923
2005,9,M,6264
2005,10,F,6134
2005,10,M,6370
2005,11,F,6149
2005,11,M,6472
2005,12,F,6281
2005,12,M,6628
2005,13,F,6440
2005,13,M,6735
2005,14,F,6621
2005,14,M,6869
2005,15,F,6681
2005,15,M,7005
2005,16,F,6342
2005,16,M,6907
2005,17,F,6291
2005,17,M,6527
2005,18,F,6268
2005,18,M,6749
2005,19,F,6497
2005,19,M,6912
2005,20,F,6571
2005,20,M,7033
2005,21,F,6533
2005,21,M,7084
2005,22,F,6663
2005,22,M,6918
2005,23,F,6597
2005,23,M,6965
2005,24,F,6720
2005,24,M,6885
2005,25,F,6578
2005,25,M,6874
2005,26,F,6519
2005,26,M,6593
2005,27,F,6417
2005,27,M,6472
2005,28,F,6383
2005,28,M,6599
2005,29,F,6541
2005,29,M,6505
2005,30,F,6499
2005,30,M,6610
2005,31,F,6445
2005,31,M,6431
2005,32,F,6397
2005,32,M,6674
2005,33,F,6697
2005,33,M,6597
2005,34,F,6966
2005,34,M,7018
2005,35,F,7006
2005,35,M,7031
2005,36,F,7033
2005,36,M,6934
2005,37,F,6949
2005,37,M,6978
2005,38,F,7014
2005,38,M,7243
2005,39,F,7498
2005,39,M,7615
2005,40,F,8225
2005,40,M,8141
2005,41,F,8491
2005,41,M,8460
2005,42,F,8542
2005,42,M,8615
2005,43,F,8314
2005,43,M,8348
2005,44,F,8386
2005,44,M,8394
2005,45,F,8096
2005,45,M,8460
2005,46,F,8003
2005,46,M,8146
2005,47,F,8029
2005,47,M,7940
2005,48,F,7856
2005,48,M,7851
2005,49,F,7622
2005,49,M,7602
2005,50,F,7621
2005,50,M,7579
2005,51,F,7360
2005,51,M,7274
2005,52,F,7090
2005,52,M,6842
2005,53,F,6716
2005,53,M,6644
2005,54,F,6717
2005,54,M,6431
2005,55,F,6518
2005,55,M,6301
2005,56,F,6455
2005,56,M,6054
2005,57,F,6351
2005,57,M,6168
2005,58,F,6316
2005,58,M,6120
2005,59,F,5434
2005,59,M,5169
2005,60,F,5049
2005,60,M,4949
2005,61,F,4938
2005,61,M,4845
2005,62,F,4787
2005,62,M,4638
2005,63,F,4433
2005,63,M,4255
2005,64,F,4323
2005,64,M,4003
2005,65,F,3996
2005,65,M,3711
2005,66,F,3912
2005,66,M,3568
2005,67,F,3725
2005,67,M,3386
2005,68,F,3553
2005,68,M,3217
2005,69,F,3550
2005,69,M,3195
2005,70,F,3459
2005,70,M,3031
2005,71,F,3281
2005,71,M,2913
2005,72,F,3353
2005,72,M,2844
2005,73,F,3232
2005,73,M,2840
2005,74,F,3209
2005,74,M,2751
2005,75,F,3095
2005,75,M,2605
2005,76,F,2993
2005,76,M,2277
2005,77,F,2910
2005,77,M,2202
2005,78,F,2796
2005,78,M,1970
2005,79,F,2668
2005,79,M,1848
2005,80,F,2496
2005,80,M,1677
2005,81,F,2419
2005,81,M,1478
2005,82,F,2244
2005,82,M,1314
2005,83,F,2066
2005,83,M,1235
2005,84,F,1881
2005,84,M,1027
2005,85,F,1692
2005,85,M,861
2005,86,F,1327
2005,86,M,601
2005,87,F,1142
2005,87,M,527
2005,88,F,991
2005,88,M,426
2005,89,F,884
2005,89,M,356
2005,90,F,718
2005,90,M,279
2005,91,F,577
2005,91,M,234
2005,92,F,451
2005,92,M,181
2005,93,F,364
2005,93,M,113
2005,94,F,229
2005,94,M,91
2005,95,F,210
2005,95,M,57
2005,96,F,132
2005,96,M,34
2005,97,F,87
2005,97,M,21
2005,98,F,65
2005,98,M,9
2005,99,F,48
2005,99,M,8
2005,100,F,81
2005,100,M,11
2005,101,F,43
2005,101,M,7
2005,102,F,41
2005,102,M,9
2005,103,F,18
2005,103,M,1
2005,104,F,9
2005,104,M,0
2005,105,F,0
2005,105,M,0
2005,106,F,0
2005,106,M,0
2005,107,F,0
2005,107,M,0
2005,108,F,0
2005,108,M,0
2005,109,F,0
2005,109,M,0
2005,110,F,0
2005,110,M,0
2006,0,F,5087
2006,0,M,5355
2006,1,F,5131
2006,1,M,5365
2006,2,F,5192
2006,2,M,5401
2006,3,F,5153
2006,3,M,5366
2006,4,F,5182
2006,4,M,5358
2006,5,F,5144
2006,5,M,5458
2006,6,F,5383
2006,6,M,5577
2006,7,F,5287
2006,7,M,5731
2006,8,F,5484
2006,8,M,5750
2006,9,F,5607
2006,9,M,6079
2006,10,F,5947
2006,10,M,6304
2006,11,F,6173
2006,11,M,6429
2006,12,F,6225
2006,12,M,6516
2006,13,F,6335
2006,13,M,6680
2006,14,F,6501
2006,14,M,6802
2006,15,F,6700
2006,15,M,6930
2006,16,F,6736
2006,16,M,7067
2006,17,F,6468
2006,17,M,7022
2006,18,F,6405
2006,18,M,6660
2006,19,F,6402
2006,19,M,6872
2006,20,F,6589
2006,20,M,7001
2006,21,F,6670
2006,21,M,7102
2006,22,F,6588
2006,22,M,7150
2006,23,F,6734
2006,23,M,6964
2006,24,F,6650
2006,24,M,7007
2006,25,F,6789
2006,25,M,6902
2006,26,F,6645
2006,26,M,6865
2006,27,F,6587
2006,27,M,6622
2006,28,F,6512
2006,28,M,6507
2006,29,F,6462
2006,29,M,6633
2006,30,F,6637
2006,30,M,6554
2006,31,F,6549
2006,31,M,6649
2006,32,F,6491
2006,32,M,6502
2006,33,F,6461
2006,33,M,6720
2006,34,F,6755
2006,34,M,6660
2006,35,F,6978
2006,35,M,7045
2006,36,F,7050
2006,36,M,7059
2006,37,F,7067
2006,37,M,6988
2006,38,F,7003
2006,38,M,7021
2006,39,F,7080
2006,39,M,7303
2006,40,F,7535
2006,40,M,7671
2006,41,F,8250
2006,41,M,8166
2006,42,F,8513
2006,42,M,8477
2006,43,F,8548
2006,43,M,8626
2006,44,F,8356
2006,44,M,8393
2006,45,F,8386
2006,45,M,8388
2006,46,F,8096
2006,46,M,8452
2006,47,F,8026
2006,47,M,8152
2006,48,F,8034
2006,48,M,7941
2006,49,F,7851
2006,49,M,7862
2006,50,F,7646
2006,50,M,7621
2006,51,F,7611
2006,51,M,7568
2006,52,F,7355
2006,52,M,7275
2006,53,F,7109
2006,53,M,6835
2006,54,F,6716
2006,54,M,6634
2006,55,F,6700
2006,55,M,6415
2006,56,F,6512
2006,56,M,6288
2006,57,F,6460
2006,57,M,6037
2006,58,F,6330
2006,58,M,6129
2006,59,F,6221
2006,59,M,6008
2006,60,F,5480
2006,60,M,5193
2006,61,F,5066
2006,61,M,4939
2006,62,F,4932
2006,62,M,4826
2006,63,F,4758
2006,63,M,4580
2006,64,F,4423
2006,64,M,4223
2006,65,F,4294
2006,65,M,3950
2006,66,F,3969
2006,66,M,3654
2006,67,F,3891
2006,67,M,3514
2006,68,F,3686
2006,68,M,3323
2006,69,F,3528
2006,69,M,3155
2006,70,F,3497
2006,70,M,3113
2006,71,F,3410
2006,71,M,2967
2006,72,F,3233
2006,72,M,2832
2006,73,F,3277
2006,73,M,2760
2006,74,F,3158
2006,74,M,2749
2006,75,F,3137
2006,75,M,2645
2006,76,F,3017
2006,76,M,2504
2006,77,F,2913
2006,77,M,2181
2006,78,F,2813
2006,78,M,2091
2006,79,F,2699
2006,79,M,1875
2006,80,F,2562
2006,80,M,1749
2006,81,F,2398
2006,81,M,1567
2006,82,F,2286
2006,82,M,1368
2006,83,F,2127
2006,83,M,1214
2006,84,F,1944
2006,84,M,1112
2006,85,F,1752
2006,85,M,930
2006,86,F,1564
2006,86,M,764
2006,87,F,1220
2006,87,M,522
2006,88,F,1035
2006,88,M,451
2006,89,F,872
2006,89,M,377
2006,90,F,780
2006,90,M,289
2006,91,F,621
2006,91,M,228
2006,92,F,502
2006,92,M,186
2006,93,F,382
2006,93,M,132
2006,94,F,290
2006,94,M,82
2006,95,F,174
2006,95,M,67
2006,96,F,159
2006,96,M,44
2006,97,F,93
2006,97,M,21
2006,98,F,65
2006,98,M,14
2006,99,F,49
2006,99,M,8
2006,100,F,87
2006,100,M,13
2006,101,F,58
2006,101,M,7
2006,102,F,22
2006,102,M,1
2006,103,F,25
2006,103,M,4
2006,104,F,14
2006,104,M,0
2006,105,F,2
2006,105,M,0
2006,106,F,0
2006,106,M,0
2006,107,F,0
2006,107,M,0
2006,108,F,0
2006,108,M,0
2006,109,F,0
2006,109,M,0
2006,110,F,0
2006,110,M,0
2007,0,F,5389
2007,0,M,5513
2007,1,F,5167
2007,1,M,5434
2007,2,F,5177
2007,2,M,5397
2007,3,F,5239
2007,3,M,5444
2007,4,F,5194
2007,4,M,5392
2007,5,F,5216
2007,5,M,5388
2007,6,F,5188
2007,6,M,5502
2007,7,F,5422
2007,7,M,5633
2007,8,F,5332
2007,8,M,5781
2007,9,F,5563
2007,9,M,5829
2007,10,F,5658
2007,10,M,6147
2007,11,F,6028
2007,11,M,6404
2007,12,F,6233
2007,12,M,6502
2007,13,F,6281
2007,13,M,6590
2007,14,F,6385
2007,14,M,6745
2007,15,F,6546
2007,15,M,6842
2007,16,F,6743
2007,16,M,6961
2007,17,F,6807
2007,17,M,7105
2007,18,F,6532
2007,18,M,7046
2007,19,F,6541
2007,19,M,6751
2007,20,F,6525
2007,20,M,6930
2007,21,F,6688
2007,21,M,7034
2007,22,F,6747
2007,22,M,7129
2007,23,F,6660
2007,23,M,7180
2007,24,F,6804
2007,24,M,7014
2007,25,F,6734
2007,25,M,7034
2007,26,F,6881
2007,26,M,6946
2007,27,F,6744
2007,27,M,6919
2007,28,F,6668
2007,28,M,6667
2007,29,F,6608
2007,29,M,6562
2007,30,F,6548
2007,30,M,6688
2007,31,F,6718
2007,31,M,6613
2007,32,F,6649
2007,32,M,6719
2007,33,F,6556
2007,33,M,6558
2007,34,F,6527
2007,34,M,6770
2007,35,F,6820
2007,35,M,6701
2007,36,F,7043
2007,36,M,7100
2007,37,F,7117
2007,37,M,7093
2007,38,F,7135
2007,38,M,7003
2007,39,F,7043
2007,39,M,7042
2007,40,F,7099
2007,40,M,7309
2007,41,F,7544
2007,41,M,7678
2007,42,F,8271
2007,42,M,8173
2007,43,F,8516
2007,43,M,8474
2007,44,F,8561
2007,44,M,8622
2007,45,F,8361
2007,45,M,8401
2007,46,F,8417
2007,46,M,8431
2007,47,F,8114
2007,47,M,8478
2007,48,F,8051
2007,48,M,8153
2007,49,F,8050
2007,49,M,7964
2007,50,F,7847
2007,50,M,7878
2007,51,F,7629
2007,51,M,7641
2007,52,F,7587
2007,52,M,7573
2007,53,F,7325
2007,53,M,7258
2007,54,F,7075
2007,54,M,6814
2007,55,F,6685
2007,55,M,6622
2007,56,F,6670
2007,56,M,6401
2007,57,F,6489
2007,57,M,6270
2007,58,F,6436
2007,58,M,6007
2007,59,F,6308
2007,59,M,6106
2007,60,F,6211
2007,60,M,5997
2007,61,F,5450
2007,61,M,5162
2007,62,F,5029
2007,62,M,4896
2007,63,F,4901
2007,63,M,4775
2007,64,F,4725
2007,64,M,4514
2007,65,F,4379
2007,65,M,4154
2007,66,F,4271
2007,66,M,3891
2007,67,F,3946
2007,67,M,3595
2007,68,F,3862
2007,68,M,3462
2007,69,F,3651
2007,69,M,3256
2007,70,F,3495
2007,70,M,3095
2007,71,F,3454
2007,71,M,3037
2007,72,F,3345
2007,72,M,2890
2007,73,F,3177
2007,73,M,2739
2007,74,F,3217
2007,74,M,2667
2007,75,F,3090
2007,75,M,2637
2007,76,F,3066
2007,76,M,2520
2007,77,F,2938
2007,77,M,2396
2007,78,F,2817
2007,78,M,2052
2007,79,F,2708
2007,79,M,1960
2007,80,F,2576
2007,80,M,1754
2007,81,F,2463
2007,81,M,1615
2007,82,F,2269
2007,82,M,1433
2007,83,F,2150
2007,83,M,1230
2007,84,F,1987
2007,84,M,1092
2007,85,F,1796
2007,85,M,979
2007,86,F,1596
2007,86,M,809
2007,87,F,1431
2007,87,M,662
2007,88,F,1080
2007,88,M,439
2007,89,F,910
2007,89,M,384
2007,90,F,765
2007,90,M,312
2007,91,F,655
2007,91,M,217
2007,92,F,504
2007,92,M,189
2007,93,F,401
2007,93,M,154
2007,94,F,301
2007,94,M,95
2007,95,F,224
2007,95,M,63
2007,96,F,135
2007,96,M,49
2007,97,F,121
2007,97,M,28
2007,98,F,70
2007,98,M,16
2007,99,F,42
2007,99,M,9
2007,100,F,91
2007,100,M,14
2007,101,F,57
2007,101,M,8
2007,102,F,37
2007,102,M,4
2007,103,F,16
2007,103,M,0
2007,104,F,14
2007,104,M,2
2007,105,F,10
2007,105,M,0
2007,106,F,1
2007,106,M,0
2007,107,F,0
2007,107,M,0
2007,108,F,0
2007,108,M,0
2007,109,F,0
2007,109,M,0
2007,110,F,0
2007,110,M,0
2008,0,F,5574
2008,0,M,5703
2008,1,F,5470
2008,1,M,5594
2008,2,F,5228
2008,2,M,5497
2008,3,F,5217
2008,3,M,5437
2008,4,F,5275
2008,4,M,5482
2008,5,F,5247
2008,5,M,5422
2008,6,F,5263
2008,6,M,5439
2008,7,F,5243
2008,7,M,5561
2008,8,F,5475
2008,8,M,5679
2008,9,F,5397
2008,9,M,5835
2008,10,F,5624
2008,10,M,5885
2008,11,F,5726
2008,11,M,6221
2008,12,F,6077
2008,12,M,6478
2008,13,F,6302
2008,13,M,6597
2008,14,F,6349
2008,14,M,6661
2008,15,F,6459
2008,15,M,6809
2008,16,F,6617
2008,16,M,6901
2008,17,F,6828
2008,17,M,7013
2008,18,F,6890
2008,18,M,7182
2008,19,F,6656
2008,19,M,7141
2008,20,F,6656
2008,20,M,6788
2008,21,F,6616
2008,21,M,6962
2008,22,F,6747
2008,22,M,7078
2008,23,F,6836
2008,23,M,7180
2008,24,F,6752
2008,24,M,7208
2008,25,F,6918
2008,25,M,7056
2008,26,F,6825
2008,26,M,7068
2008,27,F,6993
2008,27,M,7001
2008,28,F,6848
2008,28,M,7001
2008,29,F,6755
2008,29,M,6733
2008,30,F,6703
2008,30,M,6641
2008,31,F,6645
2008,31,M,6778
2008,32,F,6808
2008,32,M,6686
2008,33,F,6752
2008,33,M,6823
2008,34,F,6656
2008,34,M,6640
2008,35,F,6586
2008,35,M,6823
2008,36,F,6904
2008,36,M,6756
2008,37,F,7135
2008,37,M,7157
2008,38,F,7190
2008,38,M,7136
2008,39,F,7201
2008,39,M,7060
2008,40,F,7081
2008,40,M,7072
2008,41,F,7132
2008,41,M,7328
2008,42,F,7572
2008,42,M,7688
2008,43,F,8300
2008,43,M,8207
2008,44,F,8522
2008,44,M,8480
2008,45,F,8566
2008,45,M,8631
2008,46,F,8370
2008,46,M,8406
2008,47,F,8442
2008,47,M,8475
2008,48,F,8135
2008,48,M,8498
2008,49,F,8063
2008,49,M,8176
2008,50,F,8064
2008,50,M,7985
2008,51,F,7837
2008,51,M,7885
2008,52,F,7610
2008,52,M,7640
2008,53,F,7572
2008,53,M,7561
2008,54,F,7291
2008,54,M,7244
2008,55,F,7046
2008,55,M,6806
2008,56,F,6657
2008,56,M,6594
2008,57,F,6649
2008,57,M,6389
2008,58,F,6462
2008,58,M,6241
2008,59,F,6409
2008,59,M,5982
2008,60,F,6294
2008,60,M,6078
2008,61,F,6208
2008,61,M,5971
2008,62,F,5405
2008,62,M,5119
2008,63,F,4987
2008,63,M,4859
2008,64,F,4869
2008,64,M,4729
2008,65,F,4686
2008,65,M,4467
2008,66,F,4344
2008,66,M,4089
2008,67,F,4249
2008,67,M,3821
2008,68,F,3912
2008,68,M,3531
2008,69,F,3819
2008,69,M,3400
2008,70,F,3611
2008,70,M,3206
2008,71,F,3452
2008,71,M,3037
2008,72,F,3399
2008,72,M,2987
2008,73,F,3297
2008,73,M,2814
2008,74,F,3110
2008,74,M,2652
2008,75,F,3148
2008,75,M,2585
2008,76,F,3005
2008,76,M,2513
2008,77,F,3002
2008,77,M,2383
2008,78,F,2827
2008,78,M,2290
2008,79,F,2719
2008,79,M,1928
2008,80,F,2601
2008,80,M,1839
2008,81,F,2472
2008,81,M,1624
2008,82,F,2335
2008,82,M,1494
2008,83,F,2139
2008,83,M,1303
2008,84,F,2007
2008,84,M,1111
2008,85,F,1854
2008,85,M,982
2008,86,F,1656
2008,86,M,870
2008,87,F,1427
2008,87,M,722
2008,88,F,1270
2008,88,M,569
2008,89,F,927
2008,89,M,374
2008,90,F,802
2008,90,M,311
2008,91,F,660
2008,91,M,235
2008,92,F,548
2008,92,M,169
2008,93,F,409
2008,93,M,140
2008,94,F,322
2008,94,M,114
2008,95,F,228
2008,95,M,71
2008,96,F,163
2008,96,M,46
2008,97,F,94
2008,97,M,35
2008,98,F,88
2008,98,M,12
2008,99,F,46
2008,99,M,12
2008,100,F,84
2008,100,M,15
2008,101,F,59
2008,101,M,8
2008,102,F,37
2008,102,M,4
2008,103,F,22
2008,103,M,2
2008,104,F,8
2008,104,M,0
2008,105,F,7
2008,105,M,2
2008,106,F,5
2008,106,M,0
2008,107,F,1
2008,107,M,0
2008,108,F,0
2008,108,M,0
2008,109,F,0
2008,109,M,0
2008,110,F,0
2008,110,M,0
2009,0,F,5519
2009,0,M,5920
2009,1,F,5657
2009,1,M,5790
2009,2,F,5538
2009,2,M,5664
2009,3,F,5293
2009,3,M,5565
2009,4,F,5264
2009,4,M,5479
2009,5,F,5322
2009,5,M,5526
2009,6,F,5296
2009,6,M,5467
2009,7,F,5302
2009,7,M,5499
2009,8,F,5296
2009,8,M,5604
2009,9,F,5537
2009,9,M,5747
2009,10,F,5448
2009,10,M,5900
2009,11,F,5676
2009,11,M,5963
2009,12,F,5786
2009,12,M,6283
2009,13,F,6149
2009,13,M,6567
2009,14,F,6381
2009,14,M,6697
2009,15,F,6428
2009,15,M,6749
2009,16,F,6547
2009,16,M,6883
2009,17,F,6711
2009,17,M,6984
2009,18,F,6914
2009,18,M,7092
2009,19,F,7022
2009,19,M,7319
2009,20,F,6794
2009,20,M,7207
2009,21,F,6738
2009,21,M,6841
2009,22,F,6696
2009,22,M,7021
2009,23,F,6856
2009,23,M,7141
2009,24,F,6939
2009,24,M,7262
2009,25,F,6875
2009,25,M,7257
2009,26,F,7061
2009,26,M,7112
2009,27,F,6945
2009,27,M,7142
2009,28,F,7118
2009,28,M,7104
2009,29,F,6964
2009,29,M,7082
2009,30,F,6879
2009,30,M,6832
2009,31,F,6808
2009,31,M,6721
2009,32,F,6749
2009,32,M,6854
2009,33,F,6893
2009,33,M,6760
2009,34,F,6844
2009,34,M,6879
2009,35,F,6736
2009,35,M,6697
2009,36,F,6651
2009,36,M,6866
2009,37,F,6983
2009,37,M,6799
2009,38,F,7213
2009,38,M,7229
2009,39,F,7250
2009,39,M,7177
2009,40,F,7261
2009,40,M,7089
2009,41,F,7131
2009,41,M,7092
2009,42,F,7147
2009,42,M,7354
2009,43,F,7586
2009,43,M,7703
2009,44,F,8321
2009,44,M,8215
2009,45,F,8524
2009,45,M,8482
2009,46,F,8564
2009,46,M,8645
2009,47,F,8381
2009,47,M,8407
2009,48,F,8466
2009,48,M,8504
2009,49,F,8152
2009,49,M,8509
2009,50,F,8073
2009,50,M,8186
2009,51,F,8071
2009,51,M,8000
2009,52,F,7835
2009,52,M,7887
2009,53,F,7588
2009,53,M,7630
2009,54,F,7553
2009,54,M,7556
2009,55,F,7263
2009,55,M,7223
2009,56,F,7008
2009,56,M,6794
2009,57,F,6614
2009,57,M,6580
2009,58,F,6610
2009,58,M,6367
2009,59,F,6438
2009,59,M,6232
2009,60,F,6382
2009,60,M,5959
2009,61,F,6271
2009,61,M,6039
2009,62,F,6207
2009,62,M,5957
2009,63,F,5360
2009,63,M,5068
2009,64,F,4942
2009,64,M,4818
2009,65,F,4834
2009,65,M,4667
2009,66,F,4648
2009,66,M,4408
2009,67,F,4304
2009,67,M,4022
2009,68,F,4208
2009,68,M,3761
2009,69,F,3880
2009,69,M,3470
2009,70,F,3796
2009,70,M,3336
2009,71,F,3561
2009,71,M,3141
2009,72,F,3387
2009,72,M,2966
2009,73,F,3337
2009,73,M,2920
2009,74,F,3246
2009,74,M,2737
2009,75,F,3042
2009,75,M,2564
2009,76,F,3083
2009,76,M,2494
2009,77,F,2927
2009,77,M,2417
2009,78,F,2923
2009,78,M,2271
2009,79,F,2730
2009,79,M,2188
2009,80,F,2608
2009,80,M,1818
2009,81,F,2502
2009,81,M,1710
2009,82,F,2343
2009,82,M,1512
2009,83,F,2212
2009,83,M,1349
2009,84,F,2011
2009,84,M,1152
2009,85,F,1858
2009,85,M,980
2009,86,F,1725
2009,86,M,853
2009,87,F,1507
2009,87,M,763
2009,88,F,1269
2009,88,M,627
2009,89,F,1121
2009,89,M,474
2009,90,F,808
2009,90,M,304
2009,91,F,675
2009,91,M,254
2009,92,F,554
2009,92,M,181
2009,93,F,440
2009,93,M,143
2009,94,F,328
2009,94,M,107
2009,95,F,267
2009,95,M,88
2009,96,F,178
2009,96,M,44
2009,97,F,115
2009,97,M,31
2009,98,F,66
2009,98,M,26
2009,99,F,60
2009,99,M,9
2009,100,F,100
2009,100,M,16
2009,101,F,55
2009,101,M,6
2009,102,F,48
2009,102,M,5
2009,103,F,26
2009,103,M,3
2009,104,F,11
2009,104,M,1
2009,105,F,5
2009,105,M,0
2009,106,F,1
2009,106,M,2
2009,107,F,2
2009,107,M,0
2009,108,F,0
2009,108,M,0
2009,109,F,0
2009,109,M,0
2009,110,F,0
2009,110,M,0
2010,0,F,5553
2010,0,M,5893
2010,1,F,5602
2010,1,M,5979
2010,2,F,5704
2010,2,M,5851
2010,3,F,5588
2010,3,M,5723
2010,4,F,5362
2010,4,M,5636
2010,5,F,5320
2010,5,M,5538
2010,6,F,5390
2010,6,M,5578
2010,7,F,5332
2010,7,M,5518
2010,8,F,5360
2010,8,M,5535
2010,9,F,5343
2010,9,M,5646
2010,10,F,5586
2010,10,M,5817
2010,11,F,5507
2010,11,M,5952
2010,12,F,5744
2010,12,M,6017
2010,13,F,5850
2010,13,M,6358
2010,14,F,6214
2010,14,M,6654
2010,15,F,6466
2010,15,M,6787
2010,16,F,6515
2010,16,M,6831
2010,17,F,6645
2010,17,M,6976
2010,18,F,6808
2010,18,M,7124
2010,19,F,7060
2010,19,M,7284
2010,20,F,7152
2010,20,M,7430
2010,21,F,6917
2010,21,M,7278
2010,22,F,6841
2010,22,M,6902
2010,23,F,6797
2010,23,M,7095
2010,24,F,6971
2010,24,M,7211
2010,25,F,7049
2010,25,M,7301
2010,26,F,6989
2010,26,M,7302
2010,27,F,7160
2010,27,M,7184
2010,28,F,7072
2010,28,M,7204
2010,29,F,7227
2010,29,M,7189
2010,30,F,7065
2010,30,M,7182
2010,31,F,6978
2010,31,M,6913
2010,32,F,6900
2010,32,M,6799
2010,33,F,6831
2010,33,M,6907
2010,34,F,6977
2010,34,M,6824
2010,35,F,6911
2010,35,M,6936
2010,36,F,6798
2010,36,M,6731
2010,37,F,6711
2010,37,M,6893
2010,38,F,7037
2010,38,M,6826
2010,39,F,7304
2010,39,M,7273
2010,40,F,7285
2010,40,M,7198
2010,41,F,7311
2010,41,M,7111
2010,42,F,7171
2010,42,M,7099
2010,43,F,7169
2010,43,M,7355
2010,44,F,7595
2010,44,M,7710
2010,45,F,8335
2010,45,M,8214
2010,46,F,8530
2010,46,M,8474
2010,47,F,8557
2010,47,M,8641
2010,48,F,8373
2010,48,M,8384
2010,49,F,8491
2010,49,M,8537
2010,50,F,8167
2010,50,M,8517
2010,51,F,8089
2010,51,M,8197
2010,52,F,8075
2010,52,M,8006
2010,53,F,7829
2010,53,M,7884
2010,54,F,7573
2010,54,M,7625
2010,55,F,7525
2010,55,M,7547
2010,56,F,7227
2010,56,M,7212
2010,57,F,6974
2010,57,M,6771
2010,58,F,6577
2010,58,M,6561
2010,59,F,6577
2010,59,M,6348
2010,60,F,6413
2010,60,M,6208
2010,61,F,6337
2010,61,M,5936
2010,62,F,6257
2010,62,M,6010
2010,63,F,6219
2010,63,M,5959
2010,64,F,5326
2010,64,M,5018
2010,65,F,4892
2010,65,M,4752
2010,66,F,4786
2010,66,M,4611
2010,67,F,4613
2010,67,M,4329
2010,68,F,4250
2010,68,M,3950
2010,69,F,4162
2010,69,M,3690
2010,70,F,3853
2010,70,M,3403
2010,71,F,3750
2010,71,M,3258
2010,72,F,3523
2010,72,M,3083
2010,73,F,3330
2010,73,M,2902
2010,74,F,3288
2010,74,M,2849
2010,75,F,3179
2010,75,M,2654
2010,76,F,2981
2010,76,M,2469
2010,77,F,3016
2010,77,M,2384
2010,78,F,2851
2010,78,M,2314
2010,79,F,2810
2010,79,M,2182
2010,80,F,2608
2010,80,M,2072
2010,81,F,2482
2010,81,M,1700
2010,82,F,2367
2010,82,M,1603
2010,83,F,2207
2010,83,M,1395
2010,84,F,2076
2010,84,M,1222
2010,85,F,1852
2010,85,M,1025
2010,86,F,1712
2010,86,M,876
2010,87,F,1577
2010,87,M,728
2010,88,F,1361
2010,88,M,663
2010,89,F,1105
2010,89,M,528
2010,90,F,983
2010,90,M,393
2010,91,F,703
2010,91,M,257
2010,92,F,581
2010,92,M,207
2010,93,F,458
2010,93,M,138
2010,94,F,354
2010,94,M,101
2010,95,F,253
2010,95,M,82
2010,96,F,187
2010,96,M,69
2010,97,F,141
2010,97,M,28
2010,98,F,86
2010,98,M,25
2010,99,F,48
2010,99,M,14
2010,100,F,96
2010,100,M,13
2010,101,F,62
2010,101,M,7
2010,102,F,45
2010,102,M,4
2010,103,F,32
2010,103,M,3
2010,104,F,20
2010,104,M,2
2010,105,F,5
2010,105,M,1
2010,106,F,4
2010,106,M,0
2010,107,F,0
2010,107,M,2
2010,108,F,1
2010,108,M,0
2010,109,F,0
2010,109,M,0
2010,110,F,0
2010,110,M,0
2011,0,F,5564
2011,0,M,5846
2011,1,F,5622
2011,1,M,5949
2011,2,F,5658
2011,2,M,6002
2011,3,F,5761
2011,3,M,5903
2011,4,F,5648
2011,4,M,5790
2011,5,F,5457
2011,5,M,5733
2011,6,F,5393
2011,6,M,5593
2011,7,F,5430
2011,7,M,5610
2011,8,F,5392
2011,8,M,5573
2011,9,F,5441
2011,9,M,5577
2011,10,F,5408
2011,10,M,5718
2011,11,F,5617
2011,11,M,5857
2011,12,F,5558
2011,12,M,6006
2011,13,F,5802
2011,13,M,6082
2011,14,F,5913
2011,14,M,6425
2011,15,F,6276
2011,15,M,6750
2011,16,F,6558
2011,16,M,6872
2011,17,F,6614
2011,17,M,6961
2011,18,F,6764
2011,18,M,7108
2011,19,F,6962
2011,19,M,7320
2011,20,F,7171
2011,20,M,7383
2011,21,F,7239
2011,21,M,7472
2011,22,F,6993
2011,22,M,7320
2011,23,F,6967
2011,23,M,6990
2011,24,F,6890
2011,24,M,7141
2011,25,F,7056
2011,25,M,7236
2011,26,F,7129
2011,26,M,7281
2011,27,F,7059
2011,27,M,7307
2011,28,F,7255
2011,28,M,7230
2011,29,F,7169
2011,29,M,7261
2011,30,F,7325
2011,30,M,7245
2011,31,F,7136
2011,31,M,7238
2011,32,F,7064
2011,32,M,6970
2011,33,F,6964
2011,33,M,6871
2011,34,F,6885
2011,34,M,6957
2011,35,F,7040
2011,35,M,6865
2011,36,F,6936
2011,36,M,6963
2011,37,F,6862
2011,37,M,6770
2011,38,F,6771
2011,38,M,6920
2011,39,F,7100
2011,39,M,6864
2011,40,F,7322
2011,40,M,7278
2011,41,F,7316
2011,41,M,7200
2011,42,F,7363
2011,42,M,7123
2011,43,F,7202
2011,43,M,7133
2011,44,F,7225
2011,44,M,7377
2011,45,F,7604
2011,45,M,7725
2011,46,F,8287
2011,46,M,8178
2011,47,F,8508
2011,47,M,8435
2011,48,F,8521
2011,48,M,8589
2011,49,F,8392
2011,49,M,8394
2011,50,F,8479
2011,50,M,8528
2011,51,F,8162
2011,51,M,8520
2011,52,F,8115
2011,52,M,8207
2011,53,F,8070
2011,53,M,7996
2011,54,F,7809
2011,54,M,7862
2011,55,F,7563
2011,55,M,7633
2011,56,F,7468
2011,56,M,7510
2011,57,F,7187
2011,57,M,7187
2011,58,F,6935
2011,58,M,6754
2011,59,F,6555
2011,59,M,6550
2011,60,F,6551
2011,60,M,6312
2011,61,F,6383
2011,61,M,6174
2011,62,F,6331
2011,62,M,5904
2011,63,F,6221
2011,63,M,5967
2011,64,F,6104
2011,64,M,5831
2011,65,F,5358
2011,65,M,5022
2011,66,F,4861
2011,66,M,4720
2011,67,F,4730
2011,67,M,4534
2011,68,F,4554
2011,68,M,4250
2011,69,F,4206
2011,69,M,3879
2011,70,F,4107
2011,70,M,3589
2011,71,F,3823
2011,71,M,3340
2011,72,F,3695
2011,72,M,3184
2011,73,F,3463
2011,73,M,3017
2011,74,F,3277
2011,74,M,2827
2011,75,F,3217
2011,75,M,2739
2011,76,F,3097
2011,76,M,2554
2011,77,F,2911
2011,77,M,2373
2011,78,F,2914
2011,78,M,2276
2011,79,F,2771
2011,79,M,2200
2011,80,F,2699
2011,80,M,2054
2011,81,F,2520
2011,81,M,1946
2011,82,F,2359
2011,82,M,1592
2011,83,F,2250
2011,83,M,1481
2011,84,F,2101
2011,84,M,1273
2011,85,F,1930
2011,85,M,1091
2011,86,F,1689
2011,86,M,901
2011,87,F,1571
2011,87,M,756
2011,88,F,1428
2011,88,M,630
2011,89,F,1200
2011,89,M,542
2011,90,F,969
2011,90,M,431
2011,91,F,850
2011,91,M,331
2011,92,F,593
2011,92,M,190
2011,93,F,488
2011,93,M,167
2011,94,F,346
2011,94,M,107
2011,95,F,273
2011,95,M,87
2011,96,F,192
2011,96,M,55
2011,97,F,135
2011,97,M,43
2011,98,F,105
2011,98,M,16
2011,99,F,69
2011,99,M,20
2011,100,F,102
2011,100,M,22
2011,101,F,67
2011,101,M,6
2011,102,F,42
2011,102,M,3
2011,103,F,24
2011,103,M,2
2011,104,F,20
2011,104,M,0
2011,105,F,14
2011,105,M,0
2011,106,F,3
2011,106,M,0
2011,107,F,3
2011,107,M,0
2011,108,F,0
2011,108,M,1
2011,109,F,1
2011,109,M,0
2011,110,F,0
2011,110,M,0
2012,0,F,5519
2012,0,M,5919
2012,1,F,5637
2012,1,M,5922
2012,2,F,5692
2012,2,M,5992
2012,3,F,5721
2012,3,M,6061
2012,4,F,5837
2012,4,M,5954
2012,5,F,5720
2012,5,M,5849
2012,6,F,5530
2012,6,M,5788
2012,7,F,5451
2012,7,M,5664
2012,8,F,5508
2012,8,M,5669
2012,9,F,5468
2012,9,M,5634
2012,10,F,5510
2012,10,M,5651
2012,11,F,5477
2012,11,M,5788
2012,12,F,5694
2012,12,M,5933
2012,13,F,5608
2012,13,M,6074
2012,14,F,5839
2012,14,M,6126
2012,15,F,5940
2012,15,M,6458
2012,16,F,6329
2012,16,M,6799
2012,17,F,6598
2012,17,M,6955
2012,18,F,6673
2012,18,M,7084
2012,19,F,6868
2012,19,M,7292
2012,20,F,7028
2012,20,M,7463
2012,21,F,7222
2012,21,M,7484
2012,22,F,7286
2012,22,M,7595
2012,23,F,7041
2012,23,M,7445
2012,24,F,7037
2012,24,M,7105
2012,25,F,6967
2012,25,M,7224
2012,26,F,7135
2012,26,M,7346
2012,27,F,7211
2012,27,M,7349
2012,28,F,7156
2012,28,M,7380
2012,29,F,7338
2012,29,M,7304
2012,30,F,7268
2012,30,M,7344
2012,31,F,7396
2012,31,M,7337
2012,32,F,7231
2012,32,M,7306
2012,33,F,7146
2012,33,M,7033
2012,34,F,7043
2012,34,M,6938
2012,35,F,6969
2012,35,M,7016
2012,36,F,7116
2012,36,M,6927
2012,37,F,7016
2012,37,M,7012
2012,38,F,6922
2012,38,M,6820
2012,39,F,6845
2012,39,M,6982
2012,40,F,7166
2012,40,M,6915
2012,41,F,7390
2012,41,M,7329
2012,42,F,7381
2012,42,M,7250
2012,43,F,7411
2012,43,M,7166
2012,44,F,7245
2012,44,M,7157
2012,45,F,7253
2012,45,M,7394
2012,46,F,7652
2012,46,M,7746
2012,47,F,8325
2012,47,M,8214
2012,48,F,8550
2012,48,M,8468
2012,49,F,8550
2012,49,M,8626
2012,50,F,8409
2012,50,M,8390
2012,51,F,8490
2012,51,M,8539
2012,52,F,8176
2012,52,M,8514
2012,53,F,8116
2012,53,M,8191
2012,54,F,8082
2012,54,M,7981
2012,55,F,7813
2012,55,M,7824
2012,56,F,7573
2012,56,M,7588
2012,57,F,7462
2012,57,M,7482
2012,58,F,7204
2012,58,M,7144
2012,59,F,6932
2012,59,M,6698
2012,60,F,6525
2012,60,M,6506
2012,61,F,6553
2012,61,M,6265
2012,62,F,6383
2012,62,M,6110
2012,63,F,6302
2012,63,M,5852
2012,64,F,6183
2012,64,M,5902
2012,65,F,6094
2012,65,M,5781
2012,66,F,5300
2012,66,M,4955
2012,67,F,4815
2012,67,M,4650
2012,68,F,4684
2012,68,M,4467
2012,69,F,4500
2012,69,M,4176
2012,70,F,4150
2012,70,M,3816
2012,71,F,4046
2012,71,M,3509
2012,72,F,3747
2012,72,M,3265
2012,73,F,3625
2012,73,M,3112
2012,74,F,3400
2012,74,M,2930
2012,75,F,3204
2012,75,M,2724
2012,76,F,3148
2012,76,M,2643
2012,77,F,3009
2012,77,M,2463
2012,78,F,2811
2012,78,M,2287
2012,79,F,2814
2012,79,M,2169
2012,80,F,2666
2012,80,M,2083
2012,81,F,2590
2012,81,M,1911
2012,82,F,2387
2012,82,M,1808
2012,83,F,2233
2012,83,M,1460
2012,84,F,2104
2012,84,M,1369
2012,85,F,1966
2012,85,M,1141
2012,86,F,1768
2012,86,M,979
2012,87,F,1557
2012,87,M,794
2012,88,F,1421
2012,88,M,662
2012,89,F,1282
2012,89,M,523
2012,90,F,1053
2012,90,M,459
2012,91,F,827
2012,91,M,360
2012,92,F,728
2012,92,M,266
2012,93,F,505
2012,93,M,144
2012,94,F,405
2012,94,M,129
2012,95,F,272
2012,95,M,72
2012,96,F,206
2012,96,M,64
2012,97,F,150
2012,97,M,36
2012,98,F,103
2012,98,M,30
2012,99,F,75
2012,99,M,9
2012,100,F,108
2012,100,M,26
2012,101,F,67
2012,101,M,12
2012,102,F,45
2012,102,M,3
2012,103,F,30
2012,103,M,2
2012,104,F,12
2012,104,M,0
2012,105,F,13
2012,105,M,0
2012,106,F,8
2012,106,M,0
2012,107,F,0
2012,107,M,0
2012,108,F,1
2012,108,M,0
2012,109,F,0
2012,109,M,1
2012,110,F,0
2012,110,M,0
2013,0,F,5627
2013,0,M,5902
2013,1,F,5611
2013,1,M,5986
2013,2,F,5693
2013,2,M,5989
2013,3,F,5742
2013,3,M,6054
2013,4,F,5798
2013,4,M,6127
2013,5,F,5916
2013,5,M,5999
2013,6,F,5794
2013,6,M,5898
2013,7,F,5600
2013,7,M,5841
2013,8,F,5517
2013,8,M,5716
2013,9,F,5577
2013,9,M,5741
2013,10,F,5538
2013,10,M,5702
2013,11,F,5584
2013,11,M,5712
2013,12,F,5541
2013,12,M,5852
2013,13,F,5759
2013,13,M,6011
2013,14,F,5681
2013,14,M,6152
2013,15,F,5892
2013,15,M,6187
2013,16,F,6008
2013,16,M,6519
2013,17,F,6374
2013,17,M,6866
2013,18,F,6686
2013,18,M,7086
2013,19,F,6776
2013,19,M,7282
2013,20,F,6911
2013,20,M,7394
2013,21,F,7061
2013,21,M,7538
2013,22,F,7253
2013,22,M,7585
2013,23,F,7347
2013,23,M,7710
2013,24,F,7081
2013,24,M,7530
2013,25,F,7092
2013,25,M,7186
2013,26,F,7034
2013,26,M,7314
2013,27,F,7227
2013,27,M,7442
2013,28,F,7281
2013,28,M,7425
2013,29,F,7244
2013,29,M,7462
2013,30,F,7406
2013,30,M,7391
2013,31,F,7341
2013,31,M,7422
2013,32,F,7468
2013,32,M,7397
2013,33,F,7299
2013,33,M,7362
2013,34,F,7224
2013,34,M,7092
2013,35,F,7110
2013,35,M,6999
2013,36,F,7043
2013,36,M,7057
2013,37,F,7174
2013,37,M,6977
2013,38,F,7096
2013,38,M,7056
2013,39,F,6967
2013,39,M,6863
2013,40,F,6916
2013,40,M,7022
2013,41,F,7207
2013,41,M,6953
2013,42,F,7434
2013,42,M,7380
2013,43,F,7421
2013,43,M,7288
2013,44,F,7455
2013,44,M,7187
2013,45,F,7286
2013,45,M,7185
2013,46,F,7288
2013,46,M,7406
2013,47,F,7680
2013,47,M,7754
2013,48,F,8350
2013,48,M,8242
2013,49,F,8573
2013,49,M,8475
2013,50,F,8588
2013,50,M,8639
2013,51,F,8416
2013,51,M,8374
2013,52,F,8496
2013,52,M,8516
2013,53,F,8186
2013,53,M,8496
2013,54,F,8120
2013,54,M,8176
2013,55,F,8098
2013,55,M,7954
2013,56,F,7825
2013,56,M,7799
2013,57,F,7580
2013,57,M,7561
2013,58,F,7475
2013,58,M,7434
2013,59,F,7200
2013,59,M,7099
2013,60,F,6921
2013,60,M,6657
2013,61,F,6535
2013,61,M,6462
2013,62,F,6547
2013,62,M,6213
2013,63,F,6384
2013,63,M,6073
2013,64,F,6272
2013,64,M,5787
2013,65,F,6163
2013,65,M,5837
2013,66,F,6076
2013,66,M,5733
2013,67,F,5252
2013,67,M,4880
2013,68,F,4768
2013,68,M,4578
2013,69,F,4629
2013,69,M,4407
2013,70,F,4449
2013,70,M,4106
2013,71,F,4075
2013,71,M,3733
2013,72,F,3989
2013,72,M,3448
2013,73,F,3676
2013,73,M,3177
2013,74,F,3555
2013,74,M,3021
2013,75,F,3324
2013,75,M,2838
2013,76,F,3115
2013,76,M,2629
2013,77,F,3049
2013,77,M,2565
2013,78,F,2933
2013,78,M,2343
2013,79,F,2709
2013,79,M,2178
2013,80,F,2717
2013,80,M,2054
2013,81,F,2546
2013,81,M,1943
2013,82,F,2472
2013,82,M,1780
2013,83,F,2257
2013,83,M,1661
2013,84,F,2091
2013,84,M,1323
2013,85,F,1968
2013,85,M,1251
2013,86,F,1803
2013,86,M,1013
2013,87,F,1602
2013,87,M,872
2013,88,F,1395
2013,88,M,699
2013,89,F,1231
2013,89,M,564
2013,90,F,1129
2013,90,M,438
2013,91,F,904
2013,91,M,363
2013,92,F,688
2013,92,M,285
2013,93,F,593
2013,93,M,216
2013,94,F,388
2013,94,M,102
2013,95,F,315
2013,95,M,93
2013,96,F,207
2013,96,M,45
2013,97,F,155
2013,97,M,42
2013,98,F,110
2013,98,M,21
2013,99,F,76
2013,99,M,17
2013,100,F,136
2013,100,M,27
2013,101,F,74
2013,101,M,17
2013,102,F,42
2013,102,M,6
2013,103,F,31
2013,103,M,3
2013,104,F,14
2013,104,M,1
2013,105,F,6
2013,105,M,0
2013,106,F,8
2013,106,M,0
2013,107,F,5
2013,107,M,0
2013,108,F,0
2013,108,M,0
2013,109,F,0
2013,109,M,0
2013,110,F,0
2013,110,M,0
2014,0,F,5635
2014,0,M,5911
2014,1,F,5703
2014,1,M,5973
2014,2,F,5673
2014,2,M,6037
2014,3,F,5749
2014,3,M,6030
2014,4,F,5797
2014,4,M,6100
2014,5,F,5878
2014,5,M,6179
2014,6,F,5992
2014,6,M,6043
2014,7,F,5847
2014,7,M,5952
2014,8,F,5649
2014,8,M,5884
2014,9,F,5576
2014,9,M,5767
2014,10,F,5637
2014,10,M,5799
2014,11,F,5603
2014,11,M,5757
2014,12,F,5651
2014,12,M,5759
2014,13,F,5611
2014,13,M,5926
2014,14,F,5828
2014,14,M,6106
2014,15,F,5789
2014,15,M,6244
2014,16,F,5985
2014,16,M,6272
2014,17,F,6093
2014,17,M,6609
2014,18,F,6471
2014,18,M,7019
2014,19,F,6840
2014,19,M,7305
2014,20,F,6840
2014,20,M,7414
2014,21,F,6960
2014,21,M,7504
2014,22,F,7087
2014,22,M,7652
2014,23,F,7295
2014,23,M,7698
2014,24,F,7395
2014,24,M,7798
2014,25,F,7142
2014,25,M,7605
2014,26,F,7142
2014,26,M,7271
2014,27,F,7100
2014,27,M,7408
2014,28,F,7298
2014,28,M,7519
2014,29,F,7353
2014,29,M,7501
2014,30,F,7322
2014,30,M,7536
2014,31,F,7494
2014,31,M,7474
2014,32,F,7410
2014,32,M,7495
2014,33,F,7524
2014,33,M,7444
2014,34,F,7372
2014,34,M,7419
2014,35,F,7311
2014,35,M,7133
2014,36,F,7162
2014,36,M,7036
2014,37,F,7090
2014,37,M,7100
2014,38,F,7239
2014,38,M,7003
2014,39,F,7145
2014,39,M,7097
2014,40,F,7029
2014,40,M,6888
2014,41,F,6953
2014,41,M,7052
2014,42,F,7263
2014,42,M,6974
2014,43,F,7493
2014,43,M,7399
2014,44,F,7461
2014,44,M,7314
2014,45,F,7472
2014,45,M,7209
2014,46,F,7311
2014,46,M,7196
2014,47,F,7318
2014,47,M,7416
2014,48,F,7694
2014,48,M,7755
2014,49,F,8364
2014,49,M,8250
2014,50,F,8599
2014,50,M,8483
2014,51,F,8605
2014,51,M,8646
2014,52,F,8416
2014,52,M,8353
2014,53,F,8491
2014,53,M,8484
2014,54,F,8194
2014,54,M,8474
2014,55,F,8115
2014,55,M,8132
2014,56,F,8086
2014,56,M,7924
2014,57,F,7826
2014,57,M,7756
2014,58,F,7581
2014,58,M,7528
2014,59,F,7467
2014,59,M,7394
2014,60,F,7202
2014,60,M,7046
2014,61,F,6919
2014,61,M,6620
2014,62,F,6528
2014,62,M,6410
2014,63,F,6539
2014,63,M,6146
2014,64,F,6351
2014,64,M,6016
2014,65,F,6246
2014,65,M,5710
2014,66,F,6136
2014,66,M,5758
2014,67,F,6055
2014,67,M,5670
2014,68,F,5193
2014,68,M,4767
2014,69,F,4702
2014,69,M,4491
2014,70,F,4571
2014,70,M,4318
2014,71,F,4384
2014,71,M,4030
2014,72,F,4012
2014,72,M,3654
2014,73,F,3911
2014,73,M,3350
2014,74,F,3594
2014,74,M,3081
2014,75,F,3482
2014,75,M,2942
2014,76,F,3241
2014,76,M,2739
2014,77,F,3021
2014,77,M,2521
2014,78,F,2956
2014,78,M,2454
2014,79,F,2833
2014,79,M,2227
2014,80,F,2612
2014,80,M,2074
2014,81,F,2590
2014,81,M,1921
2014,82,F,2426
2014,82,M,1817
2014,83,F,2333
2014,83,M,1667
2014,84,F,2111
2014,84,M,1538
2014,85,F,1953
2014,85,M,1173
2014,86,F,1813
2014,86,M,1100
2014,87,F,1669
2014,87,M,901
2014,88,F,1437
2014,88,M,779
2014,89,F,1243
2014,89,M,617
2014,90,F,1071
2014,90,M,473
2014,91,F,978
2014,91,M,364
2014,92,F,768
2014,92,M,289
2014,93,F,579
2014,93,M,237
2014,94,F,479
2014,94,M,163
2014,95,F,301
2014,95,M,79
2014,96,F,249
2014,96,M,69
2014,97,F,149
2014,97,M,37
2014,98,F,122
2014,98,M,32
2014,99,F,77
2014,99,M,12
2014,100,F,138
2014,100,M,15
2014,101,F,95
2014,101,M,17
2014,102,F,46
2014,102,M,10
2014,103,F,32
2014,103,M,3
2014,104,F,24
2014,104,M,2
2014,105,F,5
2014,105,M,1
2014,106,F,2
2014,106,M,0
2014,107,F,3
2014,107,M,0
2014,108,F,3
2014,108,M,0
2014,109,F,0
2014,109,M,0
2014,110,F,0
2014,110,M,0
2015,0,F,5583
2015,0,M,6002
2015,1,F,5691
2015,1,M,5967
2015,2,F,5763
2015,2,M,6029
2015,3,F,5729
2015,3,M,6087
2015,4,F,5796
2015,4,M,6072
2015,5,F,5862
2015,5,M,6169
2015,6,F,5964
2015,6,M,6233
2015,7,F,6064
2015,7,M,6087
2015,8,F,5901
2015,8,M,5998
2015,9,F,5697
2015,9,M,5923
2015,10,F,5642
2015,10,M,5813
2015,11,F,5707
2015,11,M,5851
2015,12,F,5658
2015,12,M,5825
2015,13,F,5733
2015,13,M,5828
2015,14,F,5687
2015,14,M,6013
2015,15,F,5930
2015,15,M,6223
2015,16,F,5924
2015,16,M,6376
2015,17,F,6067
2015,17,M,6399
2015,18,F,6206
2015,18,M,6765
2015,19,F,6621
2015,19,M,7241
2015,20,F,6894
2015,20,M,7413
2015,21,F,6852
2015,21,M,7455
2015,22,F,6944
2015,22,M,7530
2015,23,F,7086
2015,23,M,7697
2015,24,F,7292
2015,24,M,7746
2015,25,F,7396
2015,25,M,7820
2015,26,F,7141
2015,26,M,7607
2015,27,F,7160
2015,27,M,7294
2015,28,F,7127
2015,28,M,7435
2015,29,F,7334
2015,29,M,7554
2015,30,F,7382
2015,30,M,7553
2015,31,F,7350
2015,31,M,7556
2015,32,F,7527
2015,32,M,7484
2015,33,F,7437
2015,33,M,7514
2015,34,F,7545
2015,34,M,7448
2015,35,F,7423
2015,35,M,7422
2015,36,F,7338
2015,36,M,7138
2015,37,F,7198
2015,37,M,7025
2015,38,F,7107
2015,38,M,7102
2015,39,F,7272
2015,39,M,7000
2015,40,F,7180
2015,40,M,7105
2015,41,F,7052
2015,41,M,6888
2015,42,F,6994
2015,42,M,7051
2015,43,F,7279
2015,43,M,6974
2015,44,F,7515
2015,44,M,7412
2015,45,F,7501
2015,45,M,7319
2015,46,F,7495
2015,46,M,7207
2015,47,F,7338
2015,47,M,7185
2015,48,F,7331
2015,48,M,7400
2015,49,F,7705
2015,49,M,7747
2015,50,F,8374
2015,50,M,8238
2015,51,F,8608
2015,51,M,8468
2015,52,F,8616
2015,52,M,8627
2015,53,F,8413
2015,53,M,8313
2015,54,F,8491
2015,54,M,8447
2015,55,F,8190
2015,55,M,8429
2015,56,F,8102
2015,56,M,8085
2015,57,F,8077
2015,57,M,7891
2015,58,F,7821
2015,58,M,7713
2015,59,F,7572
2015,59,M,7463
2015,60,F,7462
2015,60,M,7343
2015,61,F,7197
2015,61,M,6994
2015,62,F,6907
2015,62,M,6554
2015,63,F,6502
2015,63,M,6334
2015,64,F,6508
2015,64,M,6072
2015,65,F,6300
2015,65,M,5945
2015,66,F,6196
2015,66,M,5629
2015,67,F,6065
2015,67,M,5674
2015,68,F,5992
2015,68,M,5592
2015,69,F,5112
2015,69,M,4680
2015,70,F,4626
2015,70,M,4399
2015,71,F,4500
2015,71,M,4249
2015,72,F,4305
2015,72,M,3928
2015,73,F,3942
2015,73,M,3559
2015,74,F,3835
2015,74,M,3252
2015,75,F,3508
2015,75,M,2975
2015,76,F,3393
2015,76,M,2846
2015,77,F,3141
2015,77,M,2617
2015,78,F,2907
2015,78,M,2402
2015,79,F,2834
2015,79,M,2355
2015,80,F,2714
2015,80,M,2095
2015,81,F,2485
2015,81,M,1945
2015,82,F,2462
2015,82,M,1818
2015,83,F,2297
2015,83,M,1694
2015,84,F,2177
2015,84,M,1538
2015,85,F,1964
2015,85,M,1399
2015,86,F,1800
2015,86,M,1036
2015,87,F,1663
2015,87,M,965
2015,88,F,1513
2015,88,M,774
2015,89,F,1257
2015,89,M,678
2015,90,F,1080
2015,90,M,514
2015,91,F,900
2015,91,M,387
2015,92,F,834
2015,92,M,279
2015,93,F,624
2015,93,M,222
2015,94,F,469
2015,94,M,187
2015,95,F,380
2015,95,M,123
2015,96,F,231
2015,96,M,49
2015,97,F,185
2015,97,M,43
2015,98,F,100
2015,98,M,19
2015,99,F,85
2015,99,M,22
2015,100,F,137
2015,100,M,20
2015,101,F,100
2015,101,M,10
2015,102,F,74
2015,102,M,10
2015,103,F,31
2015,103,M,6
2015,104,F,20
2015,104,M,3
2015,105,F,16
2015,105,M,2
2015,106,F,1
2015,106,M,0
2015,107,F,1
2015,107,M,0
2015,108,F,1
2015,108,M,0
2015,109,F,2
2015,109,M,0
2015,110,F,0
2015,110,M,0
2016,0,F,5676
2016,0,M,5933
2016,1,F,5672
2016,1,M,6079
2016,2,F,5782
2016,2,M,6040
2016,3,F,5846
2016,3,M,6103
2016,4,F,5807
2016,4,M,6182
2016,5,F,5889
2016,5,M,6169
2016,6,F,5958
2016,6,M,6258
2016,7,F,6055
2016,7,M,6303
2016,8,F,6140
2016,8,M,6138
2016,9,F,5985
2016,9,M,6069
2016,10,F,5774
2016,10,M,6004
2016,11,F,5734
2016,11,M,5908
2016,12,F,5765
2016,12,M,5907
2016,13,F,5757
2016,13,M,5913
2016,14,F,5834
2016,14,M,5932
2016,15,F,5829
2016,15,M,6124
2016,16,F,6086
2016,16,M,6348
2016,17,F,6080
2016,17,M,6546
2016,18,F,6242
2016,18,M,6635
2016,19,F,6454
2016,19,M,7071
2016,20,F,6725
2016,20,M,7400
2016,21,F,6990
2016,21,M,7523
2016,22,F,6908
2016,22,M,7547
2016,23,F,7007
2016,23,M,7660
2016,24,F,7155
2016,24,M,7809
2016,25,F,7371
2016,25,M,7810
2016,26,F,7441
2016,26,M,7912
2016,27,F,7231
2016,27,M,7699
2016,28,F,7307
2016,28,M,7447
2016,29,F,7242
2016,29,M,7561
2016,30,F,7439
2016,30,M,7647
2016,31,F,7471
2016,31,M,7644
2016,32,F,7433
2016,32,M,7646
2016,33,F,7593
2016,33,M,7562
2016,34,F,7544
2016,34,M,7619
2016,35,F,7592
2016,35,M,7468
2016,36,F,7485
2016,36,M,7459
2016,37,F,7399
2016,37,M,7170
2016,38,F,7269
2016,38,M,7078
2016,39,F,7153
2016,39,M,7152
2016,40,F,7311
2016,40,M,7022
2016,41,F,7206
2016,41,M,7107
2016,42,F,7098
2016,42,M,6942
2016,43,F,7040
2016,43,M,7075
2016,44,F,7330
2016,44,M,7007
2016,45,F,7502
2016,45,M,7384
2016,46,F,7529
2016,46,M,7327
2016,47,F,7511
2016,47,M,7211
2016,48,F,7370
2016,48,M,7197
2016,49,F,7381
2016,49,M,7438
2016,50,F,7739
2016,50,M,7751
2016,51,F,8347
2016,51,M,8197
2016,52,F,8587
2016,52,M,8446
2016,53,F,8602
2016,53,M,8571
2016,54,F,8432
2016,54,M,8309
2016,55,F,8457
2016,55,M,8390
2016,56,F,8177
2016,56,M,8384
2016,57,F,8105
2016,57,M,8052
2016,58,F,8058
2016,58,M,7828
2016,59,F,7802
2016,59,M,7669
2016,60,F,7574
2016,60,M,7417
2016,61,F,7428
2016,61,M,7270
2016,62,F,7187
2016,62,M,6926
2016,63,F,6880
2016,63,M,6489
2016,64,F,6500
2016,64,M,6297
2016,65,F,6460
2016,65,M,5997
2016,66,F,6268
2016,66,M,5878
2016,67,F,6172
2016,67,M,5576
2016,68,F,6011
2016,68,M,5570
2016,69,F,5840
2016,69,M,5416
2016,70,F,5111
2016,70,M,4644
2016,71,F,4582
2016,71,M,4329
2016,72,F,4419
2016,72,M,4148
2016,73,F,4219
2016,73,M,3837
2016,74,F,3888
2016,74,M,3458
2016,75,F,3749
2016,75,M,3149
2016,76,F,3417
2016,76,M,2894
2016,77,F,3307
2016,77,M,2741
2016,78,F,3058
2016,78,M,2509
2016,79,F,2808
2016,79,M,2298
2016,80,F,2719
2016,80,M,2245
2016,81,F,2609
2016,81,M,1979
2016,82,F,2381
2016,82,M,1824
2016,83,F,2316
2016,83,M,1678
2016,84,F,2172
2016,84,M,1575
2016,85,F,2032
2016,85,M,1388
2016,86,F,1825
2016,86,M,1262
2016,87,F,1651
2016,87,M,926
2016,88,F,1516
2016,88,M,866
2016,89,F,1343
2016,89,M,680
2016,90,F,1089
2016,90,M,588
2016,91,F,953
2016,91,M,424
2016,92,F,781
2016,92,M,316
2016,93,F,695
2016,93,M,227
2016,94,F,510
2016,94,M,177
2016,95,F,391
2016,95,M,143
2016,96,F,287
2016,96,M,87
2016,97,F,178
2016,97,M,33
2016,98,F,150
2016,98,M,30
2016,99,F,72
2016,99,M,13
2016,100,F,161
2016,100,M,31
2016,101,F,97
2016,101,M,10
2016,102,F,63
2016,102,M,7
2016,103,F,41
2016,103,M,5
2016,104,F,18
2016,104,M,1
2016,105,F,8
2016,105,M,3
2016,106,F,9
2016,106,M,1
2016,107,F,0
2016,107,M,0
2016,108,F,0
2016,108,M,0
2016,109,F,1
2016,109,M,0
2016,110,F,0
2016,110,M,0
2017,0,F,5568
2017,0,M,5926
2017,1,F,5739
2017,1,M,5995
2017,2,F,5717
2017,2,M,6137
2017,3,F,5845
2017,3,M,6088
2017,4,F,5918
2017,4,M,6165
2017,5,F,5864
2017,5,M,6249
2017,6,F,5946
2017,6,M,6245
2017,7,F,6003
2017,7,M,6332
2017,8,F,6096
2017,8,M,6359
2017,9,F,6194
2017,9,M,6183
2017,10,F,6038
2017,10,M,6124
2017,11,F,5825
2017,11,M,6054
2017,12,F,5775
2017,12,M,5965
2017,13,F,5814
2017,13,M,5975
2017,14,F,5814
2017,14,M,5983
2017,15,F,5915
2017,15,M,6025
2017,16,F,5959
2017,16,M,6248
2017,17,F,6234
2017,17,M,6514
2017,18,F,6318
2017,18,M,6805
2017,19,F,6626
2017,19,M,7075
2017,20,F,6685
2017,20,M,7354
2017,21,F,6915
2017,21,M,7586
2017,22,F,7136
2017,22,M,7716
2017,23,F,7078
2017,23,M,7742
2017,24,F,7169
2017,24,M,7839
2017,25,F,7312
2017,25,M,7927
2017,26,F,7536
2017,26,M,7931
2017,27,F,7610
2017,27,M,8005
2017,28,F,7369
2017,28,M,7789
2017,29,F,7473
2017,29,M,7563
2017,30,F,7366
2017,30,M,7660
2017,31,F,7565
2017,31,M,7752
2017,32,F,7585
2017,32,M,7749
2017,33,F,7538
2017,33,M,7763
2017,34,F,7681
2017,34,M,7651
2017,35,F,7630
2017,35,M,7700
2017,36,F,7663
2017,36,M,7533
2017,37,F,7555
2017,37,M,7519
2017,38,F,7454
2017,38,M,7227
2017,39,F,7307
2017,39,M,7135
2017,40,F,7212
2017,40,M,7200
2017,41,F,7341
2017,41,M,7075
2017,42,F,7230
2017,42,M,7123
2017,43,F,7131
2017,43,M,6969
2017,44,F,7055
2017,44,M,7098
2017,45,F,7345
2017,45,M,7021
2017,46,F,7519
2017,46,M,7401
2017,47,F,7543
2017,47,M,7324
2017,48,F,7520
2017,48,M,7207
2017,49,F,7366
2017,49,M,7188
2017,50,F,7370
2017,50,M,7425
2017,51,F,7737
2017,51,M,7728
2017,52,F,8334
2017,52,M,8175
2017,53,F,8568
2017,53,M,8405
2017,54,F,8592
2017,54,M,8532
2017,55,F,8409
2017,55,M,8269
2017,56,F,8435
2017,56,M,8348
2017,57,F,8159
2017,57,M,8350
2017,58,F,8085
2017,58,M,8002
2017,59,F,8038
2017,59,M,7771
2017,60,F,7788
2017,60,M,7618
2017,61,F,7551
2017,61,M,7365
2017,62,F,7405
2017,62,M,7215
2017,63,F,7146
2017,63,M,6867
2017,64,F,6840
2017,64,M,6430
2017,65,F,6467
2017,65,M,6218
2017,66,F,6439
2017,66,M,5942
2017,67,F,6235
2017,67,M,5816
2017,68,F,6115
2017,68,M,5512
2017,69,F,5979
2017,69,M,5479
2017,70,F,5795
2017,70,M,5322
2017,71,F,5054
2017,71,M,4572
2017,72,F,4539
2017,72,M,4242
2017,73,F,4355
2017,73,M,4060
2017,74,F,4147
2017,74,M,3760
2017,75,F,3824
2017,75,M,3387
2017,76,F,3668
2017,76,M,3053
2017,77,F,3334
2017,77,M,2811
2017,78,F,3219
2017,78,M,2628
2017,79,F,2974
2017,79,M,2387
2017,80,F,2707
2017,80,M,2178
2017,81,F,2620
2017,81,M,2109
2017,82,F,2500
2017,82,M,1866
2017,83,F,2256
2017,83,M,1701
2017,84,F,2192
2017,84,M,1564
2017,85,F,2024
2017,85,M,1430
2017,86,F,1875
2017,86,M,1225
2017,87,F,1667
2017,87,M,1098
2017,88,F,1504
2017,88,M,812
2017,89,F,1347
2017,89,M,735
2017,90,F,1178
2017,90,M,584
2017,91,F,931
2017,91,M,486
2017,92,F,825
2017,92,M,343
2017,93,F,632
2017,93,M,252
2017,94,F,536
2017,94,M,163
2017,95,F,404
2017,95,M,132
2017,96,F,289
2017,96,M,103
2017,97,F,196
2017,97,M,66
2017,98,F,134
2017,98,M,26
2017,99,F,100
2017,99,M,20
2017,100,F,142
2017,100,M,24
2017,101,F,110
2017,101,M,19
2017,102,F,71
2017,102,M,4
2017,103,F,43
2017,103,M,3
2017,104,F,25
2017,104,M,5
2017,105,F,12
2017,105,M,1
2017,106,F,7
2017,106,M,3
2017,107,F,5
2017,107,M,0
2017,108,F,0
2017,108,M,0
2017,109,F,0
2017,109,M,0
2017,110,F,0
2017,110,M,0
2018,0,F,5522
2018,0,M,5880
2018,1,F,5645
2018,1,M,6024
2018,2,F,5806
2018,2,M,6077
2018,3,F,5779
2018,3,M,6214
2018,4,F,5923
2018,4,M,6161
2018,5,F,5995
2018,5,M,6250
2018,6,F,5935
2018,6,M,6331
2018,7,F,6023
2018,7,M,6331
2018,8,F,6075
2018,8,M,6410
2018,9,F,6154
2018,9,M,6425
2018,10,F,6258
2018,10,M,6247
2018,11,F,6095
2018,11,M,6174
2018,12,F,5874
2018,12,M,6105
2018,13,F,5844
2018,13,M,6022
2018,14,F,5897
2018,14,M,6051
2018,15,F,5912
2018,15,M,6074
2018,16,F,6047
2018,16,M,6156
2018,17,F,6126
2018,17,M,6430
2018,18,F,6533
2018,18,M,6853
2018,19,F,6750
2018,19,M,7403
2018,20,F,6911
2018,20,M,7442
2018,21,F,6876
2018,21,M,7612
2018,22,F,7074
2018,22,M,7816
2018,23,F,7335
2018,23,M,7986
2018,24,F,7266
2018,24,M,7957
2018,25,F,7360
2018,25,M,8025
2018,26,F,7502
2018,26,M,8088
2018,27,F,7730
2018,27,M,8115
2018,28,F,7774
2018,28,M,8183
2018,29,F,7560
2018,29,M,7939
2018,30,F,7673
2018,30,M,7731
2018,31,F,7526
2018,31,M,7807
2018,32,F,7734
2018,32,M,7892
2018,33,F,7715
2018,33,M,7892
2018,34,F,7681
2018,34,M,7903
2018,35,F,7796
2018,35,M,7802
2018,36,F,7742
2018,36,M,7842
2018,37,F,7750
2018,37,M,7645
2018,38,F,7638
2018,38,M,7596
2018,39,F,7526
2018,39,M,7301
2018,40,F,7373
2018,40,M,7198
2018,41,F,7260
2018,41,M,7281
2018,42,F,7380
2018,42,M,7131
2018,43,F,7249
2018,43,M,7185
2018,44,F,7161
2018,44,M,7002
2018,45,F,7073
2018,45,M,7124
2018,46,F,7370
2018,46,M,7054
2018,47,F,7538
2018,47,M,7417
2018,48,F,7557
2018,48,M,7337
2018,49,F,7525
2018,49,M,7213
2018,50,F,7357
2018,50,M,7182
2018,51,F,7364
2018,51,M,7419
2018,52,F,7740
2018,52,M,7704
2018,53,F,8325
2018,53,M,8135
2018,54,F,8556
2018,54,M,8381
2018,55,F,8575
2018,55,M,8508
2018,56,F,8397
2018,56,M,8243
2018,57,F,8397
2018,57,M,8302
2018,58,F,8146
2018,58,M,8310
2018,59,F,8066
2018,59,M,7960
2018,60,F,8013
2018,60,M,7703
2018,61,F,7760
2018,61,M,7560
2018,62,F,7526
2018,62,M,7303
2018,63,F,7385
2018,63,M,7149
2018,64,F,7114
2018,64,M,6798
2018,65,F,6797
2018,65,M,6368
2018,66,F,6408
2018,66,M,6145
2018,67,F,6399
2018,67,M,5866
2018,68,F,6189
2018,68,M,5749
2018,69,F,6062
2018,69,M,5415
2018,70,F,5925
2018,70,M,5399
2018,71,F,5744
2018,71,M,5238
2018,72,F,4978
2018,72,M,4462
2018,73,F,4466
2018,73,M,4126
2018,74,F,4291
2018,74,M,3952
2018,75,F,4082
2018,75,M,3649
2018,76,F,3753
2018,76,M,3285
2018,77,F,3585
2018,77,M,2948
2018,78,F,3236
2018,78,M,2692
2018,79,F,3106
2018,79,M,2512
2018,80,F,2867
2018,80,M,2272
2018,81,F,2623
2018,81,M,2064
2018,82,F,2521
2018,82,M,1951
2018,83,F,2369
2018,83,M,1713
2018,84,F,2143
2018,84,M,1563
2018,85,F,2047
2018,85,M,1423
2018,86,F,1883
2018,86,M,1283
2018,87,F,1698
2018,87,M,1084
2018,88,F,1507
2018,88,M,970
2018,89,F,1339
2018,89,M,701
2018,90,F,1188
2018,90,M,620
2018,91,F,1022
2018,91,M,478
2018,92,F,787
2018,92,M,378
2018,93,F,692
2018,93,M,278
2018,94,F,515
2018,94,M,197
2018,95,F,420
2018,95,M,120
2018,96,F,307
2018,96,M,89
2018,97,F,227
2018,97,M,72
2018,98,F,139
2018,98,M,42
2018,99,F,97
2018,99,M,13
2018,100,F,159
2018,100,M,33
2018,101,F,100
2018,101,M,19
2018,102,F,80
2018,102,M,9
2018,103,F,40
2018,103,M,2
2018,104,F,24
2018,104,M,1
2018,105,F,17
2018,105,M,1
2018,106,F,6
2018,106,M,0
2018,107,F,5
2018,107,M,2
2018,108,F,2
2018,108,M,0
2018,109,F,0
2018,109,M,0
2018,110,F,0
2018,110,M,0
2019,0,F,5601
2019,0,M,5680
2019,1,F,5593
2019,1,M,5966
2019,2,F,5710
2019,2,M,6090
2019,3,F,5890
2019,3,M,6152
2019,4,F,5846
2019,4,M,6300
2019,5,F,6006
2019,5,M,6247
2019,6,F,6083
2019,6,M,6341
2019,7,F,6007
2019,7,M,6416
2019,8,F,6100
2019,8,M,6398
2019,9,F,6151
2019,9,M,6489
2019,10,F,6214
2019,10,M,6490
2019,11,F,6311
2019,11,M,6309
2019,12,F,6140
2019,12,M,6236
2019,13,F,5925
2019,13,M,6162
2019,14,F,5904
2019,14,M,6099
2019,15,F,5995
2019,15,M,6137
2019,16,F,6050
2019,16,M,6206
2019,17,F,6210
2019,17,M,6319
2019,18,F,6429
2019,18,M,6770
2019,19,F,7012
2019,19,M,7377
2019,20,F,7017
2019,20,M,7700
2019,21,F,7080
2019,21,M,7689
2019,22,F,7063
2019,22,M,7834
2019,23,F,7291
2019,23,M,8066
2019,24,F,7520
2019,24,M,8219
2019,25,F,7478
2019,25,M,8147
2019,26,F,7559
2019,26,M,8194
2019,27,F,7706
2019,27,M,8241
2019,28,F,7919
2019,28,M,8289
2019,29,F,7977
2019,29,M,8386
2019,30,F,7777
2019,30,M,8118
2019,31,F,7876
2019,31,M,7886
2019,32,F,7684
2019,32,M,7952
2019,33,F,7886
2019,33,M,8053
2019,34,F,7865
2019,34,M,8043
2019,35,F,7798
2019,35,M,8064
2019,36,F,7906
2019,36,M,7942
2019,37,F,7848
2019,37,M,7965
2019,38,F,7838
2019,38,M,7748
2019,39,F,7711
2019,39,M,7690
2019,40,F,7593
2019,40,M,7379
2019,41,F,7422
2019,41,M,7278
2019,42,F,7328
2019,42,M,7332
2019,43,F,7432
2019,43,M,7186
2019,44,F,7282
2019,44,M,7223
2019,45,F,7181
2019,45,M,7052
2019,46,F,7096
2019,46,M,7158
2019,47,F,7380
2019,47,M,7076
2019,48,F,7546
2019,48,M,7438
2019,49,F,7562
2019,49,M,7358
2019,50,F,7535
2019,50,M,7206
2019,51,F,7365
2019,51,M,7186
2019,52,F,7367
2019,52,M,7402
2019,53,F,7744
2019,53,M,7687
2019,54,F,8309
2019,54,M,8116
2019,55,F,8549
2019,55,M,8361
2019,56,F,8561
2019,56,M,8478
2019,57,F,8386
2019,57,M,8196
2019,58,F,8381
2019,58,M,8269
2019,59,F,8138
2019,59,M,8250
2019,60,F,8064
2019,60,M,7906
2019,61,F,7990
2019,61,M,7647
2019,62,F,7741
2019,62,M,7510
2019,63,F,7499
2019,63,M,7242
2019,64,F,7358
2019,64,M,7106
2019,65,F,7085
2019,65,M,6729
2019,66,F,6766
2019,66,M,6288
2019,67,F,6387
2019,67,M,6077
2019,68,F,6354
2019,68,M,5790
2019,69,F,6143
2019,69,M,5664
2019,70,F,6026
2019,70,M,5317
2019,71,F,5867
2019,71,M,5306
2019,72,F,5658
2019,72,M,5163
2019,73,F,4914
2019,73,M,4340
2019,74,F,4398
2019,74,M,4040
2019,75,F,4207
2019,75,M,3836
2019,76,F,4017
2019,76,M,3540
2019,77,F,3671
2019,77,M,3190
2019,78,F,3479
2019,78,M,2830
2019,79,F,3156
2019,79,M,2587
2019,80,F,3001
2019,80,M,2388
2019,81,F,2762
2019,81,M,2146
2019,82,F,2516
2019,82,M,1950
2019,83,F,2406
2019,83,M,1842
2019,84,F,2248
2019,84,M,1568
2019,85,F,2030
2019,85,M,1426
2019,86,F,1913
2019,86,M,1293
2019,87,F,1737
2019,87,M,1147
2019,88,F,1552
2019,88,M,960
2019,89,F,1359
2019,89,M,828
2019,90,F,1179
2019,90,M,599
2019,91,F,1049
2019,91,M,512
2019,92,F,882
2019,92,M,401
2019,93,F,667
2019,93,M,307
2019,94,F,570
2019,94,M,231
2019,95,F,406
2019,95,M,159
2019,96,F,330
2019,96,M,82
2019,97,F,239
2019,97,M,57
2019,98,F,165
2019,98,M,49
2019,99,F,105
2019,99,M,30
2019,100,F,192
2019,100,M,25
2019,101,F,109
2019,101,M,22
2019,102,F,72
2019,102,M,13
2019,103,F,51
2019,103,M,5
2019,104,F,28
2019,104,M,1
2019,105,F,9
2019,105,M,0
2019,106,F,12
2019,106,M,0
2019,107,F,4
2019,107,M,0
2019,108,F,3
2019,108,M,0
2019,109,F,2
2019,109,M,0
2019,110,F,0
2019,110,M,0
2020,0,F,5420
2020,0,M,5763
2020,1,F,5687
2020,1,M,5764
2020,2,F,5649
2020,2,M,6022
2020,3,F,5773
2020,3,M,6171
2020,4,F,5963
2020,4,M,6247
2020,5,F,5909
2020,5,M,6388
2020,6,F,6076
2020,6,M,6332
2020,7,F,6144
2020,7,M,6423
2020,8,F,6085
2020,8,M,6489
2020,9,F,6181
2020,9,M,6479
2020,10,F,6186
2020,10,M,6542
2020,11,F,6270
2020,11,M,6545
2020,12,F,6364
2020,12,M,6366
2020,13,F,6193
2020,13,M,6285
2020,14,F,5988
2020,14,M,6226
2020,15,F,5987
2020,15,M,6180
2020,16,F,6091
2020,16,M,6245
2020,17,F,6148
2020,17,M,6320
2020,18,F,6442
2020,18,M,6565
2020,19,F,6873
2020,19,M,7288
2020,20,F,7204
2020,20,M,7679
2020,21,F,7099
2020,21,M,7812
2020,22,F,7159
2020,22,M,7807
2020,23,F,7199
2020,23,M,8009
2020,24,F,7447
2020,24,M,8196
2020,25,F,7664
2020,25,M,8320
2020,26,F,7635
2020,26,M,8233
2020,27,F,7716
2020,27,M,8300
2020,28,F,7874
2020,28,M,8360
2020,29,F,8097
2020,29,M,8416
2020,30,F,8127
2020,30,M,8527
2020,31,F,7940
2020,31,M,8259
2020,32,F,8018
2020,32,M,8016
2020,33,F,7827
2020,33,M,8084
2020,34,F,8035
2020,34,M,8159
2020,35,F,7989
2020,35,M,8144
2020,36,F,7891
2020,36,M,8171
2020,37,F,7973
2020,37,M,8037
2020,38,F,7943
2020,38,M,8055
2020,39,F,7914
2020,39,M,7837
2020,40,F,7793
2020,40,M,7740
2020,41,F,7647
2020,41,M,7442
2020,42,F,7475
2020,42,M,7320
2020,43,F,7381
2020,43,M,7367
2020,44,F,7458
2020,44,M,7207
2020,45,F,7307
2020,45,M,7255
2020,46,F,7213
2020,46,M,7077
2020,47,F,7119
2020,47,M,7161
2020,48,F,7396
2020,48,M,7077
2020,49,F,7559
2020,49,M,7434
2020,50,F,7570
2020,50,M,7349
2020,51,F,7540
2020,51,M,7188
2020,52,F,7365
2020,52,M,7174
2020,53,F,7356
2020,53,M,7370
2020,54,F,7741
2020,54,M,7658
2020,55,F,8299
2020,55,M,8086
2020,56,F,8543
2020,56,M,8315
2020,57,F,8552
2020,57,M,8437
2020,58,F,8366
2020,58,M,8134
2020,59,F,8362
2020,59,M,8223
2020,60,F,8110
2020,60,M,8198
2020,61,F,8038
2020,61,M,7852
2020,62,F,7976
2020,62,M,7606
2020,63,F,7716
2020,63,M,7434
2020,64,F,7455
2020,64,M,7166
2020,65,F,7319
2020,65,M,7050
2020,66,F,7036
2020,66,M,6656
2020,67,F,6705
2020,67,M,6218
2020,68,F,6350
2020,68,M,5986
2020,69,F,6304
2020,69,M,5702
2020,70,F,6076
2020,70,M,5585
2020,71,F,5963
2020,71,M,5200
2020,72,F,5791
2020,72,M,5203
2020,73,F,5595
2020,73,M,5038
2020,74,F,4836
2020,74,M,4206
2020,75,F,4318
2020,75,M,3927
2020,76,F,4120
2020,76,M,3698
2020,77,F,3927
2020,77,M,3412
2020,78,F,3567
2020,78,M,3079
2020,79,F,3382
2020,79,M,2706
2020,80,F,3033
2020,80,M,2462
2020,81,F,2895
2020,81,M,2232
2020,82,F,2645
2020,82,M,2008
2020,83,F,2395
2020,83,M,1806
2020,84,F,2269
2020,84,M,1692
2020,85,F,2135
2020,85,M,1414
2020,86,F,1883
2020,86,M,1303
2020,87,F,1769
2020,87,M,1154
2020,88,F,1558
2020,88,M,974
2020,89,F,1391
2020,89,M,814
2020,90,F,1213
2020,90,M,677
2020,91,F,1011
2020,91,M,494
2020,92,F,875
2020,92,M,411
2020,93,F,734
2020,93,M,318
2020,94,F,533
2020,94,M,243
2020,95,F,443
2020,95,M,172
2020,96,F,319
2020,96,M,118
2020,97,F,243
2020,97,M,59
2020,98,F,166
2020,98,M,42
2020,99,F,114
2020,99,M,32
2020,100,F,200
2020,100,M,42
2020,101,F,129
2020,101,M,21
2020,102,F,74
2020,102,M,13
2020,103,F,48
2020,103,M,8
2020,104,F,30
2020,104,M,4
2020,105,F,16
2020,105,M,0
2020,106,F,7
2020,106,M,0
2020,107,F,7
2020,107,M,0
2020,108,F,2
2020,108,M,0
2020,109,F,1
2020,109,M,0
2020,110,F,0
2020,110,M,0
2021,0,F,5354
2021,0,M,5497
2021,1,F,5709
2021,1,M,6087
2021,2,F,5913
2021,2,M,6011
2021,3,F,5809
2021,3,M,6241
2021,4,F,5881
2021,4,M,6279
2021,5,F,6012
2021,5,M,6300
2021,6,F,5957
2021,6,M,6444
2021,7,F,6117
2021,7,M,6376
2021,8,F,6191
2021,8,M,6465
2021,9,F,6116
2021,9,M,6537
2021,10,F,6221
2021,10,M,6519
2021,11,F,6207
2021,11,M,6583
2021,12,F,6303
2021,12,M,6584
2021,13,F,6405
2021,13,M,6420
2021,14,F,6279
2021,14,M,6383
2021,15,F,6122
2021,15,M,6348
2021,16,F,6126
2021,16,M,6366
2021,17,F,6328
2021,17,M,6524
2021,18,F,6519
2021,18,M,6776
2021,19,F,6789
2021,19,M,7007
2021,20,F,6914
2021,20,M,7383
2021,21,F,7201
2021,21,M,7670
2021,22,F,7170
2021,22,M,7873
2021,23,F,7219
2021,23,M,7799
2021,24,F,7210
2021,24,M,8001
2021,25,F,7444
2021,25,M,8182
2021,26,F,7658
2021,26,M,8310
2021,27,F,7632
2021,27,M,8226
2021,28,F,7711
2021,28,M,8289
2021,29,F,7868
2021,29,M,8351
2021,30,F,8094
2021,30,M,8405
2021,31,F,8123
2021,31,M,8515
2021,32,F,7938
2021,32,M,8251
2021,33,F,8015
2021,33,M,7999
2021,34,F,7822
2021,34,M,8070
2021,35,F,8033
2021,35,M,8153
2021,36,F,7982
2021,36,M,8131
2021,37,F,7887
2021,37,M,8161
2021,38,F,7969
2021,38,M,8026
2021,39,F,7942
2021,39,M,8047
2021,40,F,7921
2021,40,M,7825
2021,41,F,7795
2021,41,M,7730
2021,42,F,7679
2021,42,M,7438
2021,43,F,7496
2021,43,M,7321
2021,44,F,7391
2021,44,M,7355
2021,45,F,7474
2021,45,M,7203
2021,46,F,7322
2021,46,M,7259
2021,47,F,7219
2021,47,M,7074
2021,48,F,7121
2021,48,M,7143
2021,49,F,7393
2021,49,M,7062
2021,50,F,7554
2021,50,M,7407
2021,51,F,7559
2021,51,M,7311
2021,52,F,7535
2021,52,M,7161
2021,53,F,7357
2021,53,M,7157
2021,54,F,7329
2021,54,M,7352
2021,55,F,7727
2021,55,M,7616
2021,56,F,8273
2021,56,M,8048
2021,57,F,8528
2021,57,M,8278
2021,58,F,8530
2021,58,M,8389
2021,59,F,8337
2021,59,M,8089
2021,60,F,8346
2021,60,M,8183
2021,61,F,8080
2021,61,M,8139
2021,62,F,8019
2021,62,M,7801
2021,63,F,7941
2021,63,M,7554
2021,64,F,7665
2021,64,M,7396
2021,65,F,7412
2021,65,M,7106
2021,66,F,7276
2021,66,M,6987
2021,67,F,6988
2021,67,M,6570
2021,68,F,6642
2021,68,M,6132
2021,69,F,6293
2021,69,M,5887
2021,70,F,6230
2021,70,M,5579
2021,71,F,6003
2021,71,M,5484
2021,72,F,5873
2021,72,M,5101
2021,73,F,5705
2021,73,M,5074
2021,74,F,5514
2021,74,M,4896
2021,75,F,4748
2021,75,M,4077
2021,76,F,4236
2021,76,M,3802
2021,77,F,4014
2021,77,M,3550
2021,78,F,3833
2021,78,M,3290
2021,79,F,3466
2021,79,M,2925
2021,80,F,3282
2021,80,M,2591
2021,81,F,2925
2021,81,M,2328
2021,82,F,2767
2021,82,M,2090
2021,83,F,2515
2021,83,M,1876
2021,84,F,2280
2021,84,M,1688
2021,85,F,2142
2021,85,M,1525
2021,86,F,1972
2021,86,M,1261
2021,87,F,1740
2021,87,M,1149
2021,88,F,1602
2021,88,M,1003
2021,89,F,1376
2021,89,M,829
2021,90,F,1219
2021,90,M,687
2021,91,F,1043
2021,91,M,553
2021,92,F,840
2021,92,M,381
2021,93,F,722
2021,93,M,331
2021,94,F,597
2021,94,M,221
2021,95,F,406
2021,95,M,183
2021,96,F,356
2021,96,M,121
2021,97,F,229
2021,97,M,81
2021,98,F,179
2021,98,M,38
2021,99,F,119
2021,99,M,26
2021,100,F,182
2021,100,M,49
2021,101,F,142
2021,101,M,27
2021,102,F,84
2021,102,M,12
2021,103,F,52
2021,103,M,5
2021,104,F,23
2021,104,M,5
2021,105,F,19
2021,105,M,3
2021,106,F,8
2021,106,M,0
2021,107,F,1
2021,107,M,0
2021,108,F,3
2021,108,M,0
2021,109,F,1
2021,109,M,0
2021,110,F,0
2021,110,M,0
2022,0,F,5730
2022,0,M,6090
2022,1,F,5449
2022,1,M,5573
2022,2,F,5782
2022,2,M,6152
2022,3,F,5964
2022,3,M,6073
2022,4,F,5868
2022,4,M,6319
2022,5,F,5960
2022,5,M,6357
2022,6,F,6077
2022,6,M,6370
2022,7,F,6034
2022,7,M,6517
2022,8,F,6190
2022,8,M,6433
2022,9,F,6257
2022,9,M,6537
2022,10,F,6178
2022,10,M,6591
2022,11,F,6272
2022,11,M,6576
2022,12,F,6262
2022,12,M,6646
2022,13,F,6358
2022,13,M,6659
2022,14,F,6486
2022,14,M,6508
2022,15,F,6397
2022,15,M,6504
2022,16,F,6272
2022,16,M,6514
2022,17,F,6332
2022,17,M,6620
2022,18,F,6622
2022,18,M,6911
2022,19,F,6813
2022,19,M,7133
2022,20,F,7010
2022,20,M,7284
2022,21,F,7021
2022,21,M,7497
2022,22,F,7277
2022,22,M,7693
2022,23,F,7256
2022,23,M,7957
2022,24,F,7326
2022,24,M,7860
2022,25,F,7316
2022,25,M,7884
2022,26,F,7540
2022,26,M,8045
2022,27,F,7768
2022,27,M,8184
2022,28,F,7732
2022,28,M,8106
2022,29,F,7792
2022,29,M,8222
2022,30,F,7928
2022,30,M,8288
2022,31,F,8150
2022,31,M,8357
2022,32,F,8177
2022,32,M,8503
2022,33,F,8042
2022,33,M,8261
2022,34,F,8124
2022,34,M,8084
2022,35,F,7922
2022,35,M,8146
2022,36,F,8111
2022,36,M,8217
2022,37,F,8057
2022,37,M,8178
2022,38,F,7938
2022,38,M,8189
2022,39,F,8052
2022,39,M,8068
2022,40,F,8006
2022,40,M,8081
2022,41,F,7982
2022,41,M,7855
2022,42,F,7848
2022,42,M,7766
2022,43,F,7732
2022,43,M,7475
2022,44,F,7536
2022,44,M,7346
2022,45,F,7421
2022,45,M,7387
2022,46,F,7509
2022,46,M,7214
2022,47,F,7349
2022,47,M,7270
2022,48,F,7233
2022,48,M,7088
2022,49,F,7125
2022,49,M,7141
2022,50,F,7405
2022,50,M,7061
2022,51,F,7559
2022,51,M,7397
2022,52,F,7565
2022,52,M,7308
2022,53,F,7537
2022,53,M,7150
2022,54,F,7343
2022,54,M,7144
2022,55,F,7332
2022,55,M,7332
2022,56,F,7720
2022,56,M,7585
2022,57,F,8271
2022,57,M,8018
2022,58,F,8511
2022,58,M,8235
2022,59,F,8518
2022,59,M,8349
2022,60,F,8321
2022,60,M,8057
2022,61,F,8320
2022,61,M,8137
2022,62,F,8064
2022,62,M,8086
2022,63,F,7983
2022,63,M,7755
2022,64,F,7923
2022,64,M,7507
2022,65,F,7630
2022,65,M,7320
2022,66,F,7375
2022,66,M,7030
2022,67,F,7240
2022,67,M,6926
2022,68,F,6943
2022,68,M,6492
2022,69,F,6599
2022,69,M,6045
2022,70,F,6245
2022,70,M,5789
2022,71,F,6166
2022,71,M,5481
2022,72,F,5926
2022,72,M,5378
2022,73,F,5782
2022,73,M,5002
2022,74,F,5608
2022,74,M,4939
2022,75,F,5406
2022,75,M,4767
2022,76,F,4661
2022,76,M,3984
2022,77,F,4138
2022,77,M,3672
2022,78,F,3910
2022,78,M,3417
2022,79,F,3713
2022,79,M,3144
2022,80,F,3345
2022,80,M,2764
2022,81,F,3148
2022,81,M,2468
2022,82,F,2790
2022,82,M,2187
2022,83,F,2610
2022,83,M,1936
2022,84,F,2352
2022,84,M,1718
2022,85,F,2131
2022,85,M,1533
2022,86,F,1985
2022,86,M,1385
2022,87,F,1823
2022,87,M,1130
2022,88,F,1569
2022,88,M,1019
2022,89,F,1435
2022,89,M,875
2022,90,F,1247
2022,90,M,724
2022,91,F,1058
2022,91,M,577
2022,92,F,907
2022,92,M,459
2022,93,F,692
2022,93,M,305
2022,94,F,593
2022,94,M,258
2022,95,F,462
2022,95,M,173
2022,96,F,315
2022,96,M,135
2022,97,F,265
2022,97,M,81
2022,98,F,169
2022,98,M,58
2022,99,F,127
2022,99,M,27
2022,100,F,204
2022,100,M,50
2022,101,F,133
2022,101,M,32
2022,102,F,91
2022,102,M,20
2022,103,F,57
2022,103,M,8
2022,104,F,33
2022,104,M,2
2022,105,F,12
2022,105,M,4
2022,106,F,13
2022,106,M,2
2022,107,F,3
2022,107,M,0
2022,108,F,0
2022,108,M,0
2022,109,F,1
2022,109,M,0
2022,110,F,0
2022,110,M,0
2023,0,F,5793
2023,0,M,6098
2023,1,F,5792
2023,1,M,6178
2023,2,F,5514
2023,2,M,5658
2023,3,F,5861
2023,3,M,6233
2023,4,F,6033
2023,4,M,6149
2023,5,F,5932
2023,5,M,6383
2023,6,F,6028
2023,6,M,6440
2023,7,F,6131
2023,7,M,6450
2023,8,F,6117
2023,8,M,6603
2023,9,F,6264
2023,9,M,6504
2023,10,F,6312
2023,10,M,6587
2023,11,F,6226
2023,11,M,6657
2023,12,F,6326
2023,12,M,6653
2023,13,F,6329
2023,13,M,6726
2023,14,F,6441
2023,14,M,6751
2023,15,F,6599
2023,15,M,6631
2023,16,F,6551
2023,16,M,6686
2023,17,F,6501
2023,17,M,6782
2023,18,F,6625
2023,18,M,6952
2023,19,F,6912
2023,19,M,7271
2023,20,F,7033
2023,20,M,7418
2023,21,F,7123
2023,21,M,7398
2023,22,F,7100
2023,22,M,7571
2023,23,F,7369
2023,23,M,7776
2023,24,F,7326
2023,24,M,8009
2023,25,F,7418
2023,25,M,7912
2023,26,F,7390
2023,26,M,7915
2023,27,F,7636
2023,27,M,8097
2023,28,F,7866
2023,28,M,8220
2023,29,F,7832
2023,29,M,8158
2023,30,F,7900
2023,30,M,8296
2023,31,F,8046
2023,31,M,8357
2023,32,F,8240
2023,32,M,8434
2023,33,F,8286
2023,33,M,8604
2023,34,F,8149
2023,34,M,8359
2023,35,F,8190
2023,35,M,8175
2023,36,F,8006
2023,36,M,8226
2023,37,F,8209
2023,37,M,8288
2023,38,F,8136
2023,38,M,8241
2023,39,F,8000
2023,39,M,8228
2023,40,F,8117
2023,40,M,8120
2023,41,F,8051
2023,41,M,8128
2023,42,F,8034
2023,42,M,7893
2023,43,F,7896
2023,43,M,7822
2023,44,F,7771
2023,44,M,7511
2023,45,F,7576
2023,45,M,7396
2023,46,F,7441
2023,46,M,7410
2023,47,F,7531
2023,47,M,7226
2023,48,F,7372
2023,48,M,7275
2023,49,F,7245
2023,49,M,7086
2023,50,F,7118
2023,50,M,7137
2023,51,F,7411
2023,51,M,7057
2023,52,F,7557
2023,52,M,7388
2023,53,F,7553
2023,53,M,7292
2023,54,F,7527
2023,54,M,7135
2023,55,F,7339
2023,55,M,7122
2023,56,F,7319
2023,56,M,7306
2023,57,F,7709
2023,57,M,7566
2023,58,F,8262
2023,58,M,7978
2023,59,F,8499
2023,59,M,8195
2023,60,F,8505
2023,60,M,8298
2023,61,F,8297
2023,61,M,8012
2023,62,F,8291
2023,62,M,8085
2023,63,F,8029
2023,63,M,8018
2023,64,F,7958
2023,64,M,7689
2023,65,F,7881
2023,65,M,7437
2023,66,F,7593
2023,66,M,7256
2023,67,F,7329
2023,67,M,6944
2023,68,F,7197
2023,68,M,6823
2023,69,F,6884
2023,69,M,6376
2023,70,F,6556
2023,70,M,5954
2023,71,F,6172
2023,71,M,5697
2023,72,F,6091
2023,72,M,5374
2023,73,F,5839
2023,73,M,5286
2023,74,F,5693
2023,74,M,4888
2023,75,F,5524
2023,75,M,4816
2023,76,F,5303
2023,76,M,4646
2023,77,F,4562
2023,77,M,3843
2023,78,F,4044
2023,78,M,3511
2023,79,F,3785
2023,79,M,3265
2023,80,F,3606
2023,80,M,2987
2023,81,F,3217
2023,81,M,2602
2023,82,F,3007
2023,82,M,2335
2023,83,F,2663
2023,83,M,2039
2023,84,F,2467
2023,84,M,1801
2023,85,F,2206
2023,85,M,1570
2023,86,F,1975
2023,86,M,1404
2023,87,F,1841
2023,87,M,1250
2023,88,F,1666
2023,88,M,996
2023,89,F,1395
2023,89,M,882
2023,90,F,1289
2023,90,M,718
2023,91,F,1079
2023,91,M,606
2023,92,F,911
2023,92,M,478
2023,93,F,760
2023,93,M,378
2023,94,F,571
2023,94,M,231
2023,95,F,484
2023,95,M,198
2023,96,F,367
2023,96,M,126
2023,97,F,225
2023,97,M,95
2023,98,F,186
2023,98,M,59
2023,99,F,130
2023,99,M,36
2023,100,F,252
2023,100,M,43
2023,101,F,136
2023,101,M,30
2023,102,F,95
2023,102,M,11
2023,103,F,51
2023,103,M,14
2023,104,F,42
2023,104,M,6
2023,105,F,20
2023,105,M,1
2023,106,F,8
2023,106,M,3
2023,107,F,6
2023,107,M,0
2023,108,F,2
2023,108,M,0
2023,109,F,0
2023,109,M,0
2023,110,F,0
2023,110,M,0
2024,0,F,5825
2024,0,M,6132
2024,1,F,5870
2024,1,M,6193
2024,2,F,5868
2024,2,M,6249
2024,3,F,5600
2024,3,M,5732
2024,4,F,5939
2024,4,M,6291
2024,5,F,6117
2024,5,M,6221
2024,6,F,6015
2024,6,M,6460
2024,7,F,6087
2024,7,M,6531
2024,8,F,6198
2024,8,M,6522
2024,9,F,6168
2024,9,M,6672
2024,10,F,6311
2024,10,M,6569
2024,11,F,6361
2024,11,M,6664
2024,12,F,6278
2024,12,M,6724
2024,13,F,6384
2024,13,M,6731
2024,14,F,6412
2024,14,M,6820
2024,15,F,6546
2024,15,M,6872
2024,16,F,6761
2024,16,M,6791
2024,17,F,6789
2024,17,M,6940
2024,18,F,6815
2024,18,M,7175
2024,19,F,6888
2024,19,M,7355
2024,20,F,7122
2024,20,M,7526
2024,21,F,7143
2024,21,M,7542
2024,22,F,7198
2024,22,M,7475
2024,23,F,7201
2024,23,M,7621
2024,24,F,7470
2024,24,M,7850
2024,25,F,7431
2024,25,M,8037
2024,26,F,7509
2024,26,M,7932
2024,27,F,7482
2024,27,M,7943
2024,28,F,7752
2024,28,M,8127
2024,29,F,7958
2024,29,M,8259
2024,30,F,7944
2024,30,M,8238
2024,31,F,7993
2024,31,M,8383
2024,32,F,8160
2024,32,M,8426
2024,33,F,8332
2024,33,M,8518
2024,34,F,8402
2024,34,M,8716
2024,35,F,8263
2024,35,M,8440
2024,36,F,8283
2024,36,M,8265
2024,37,F,8089
2024,37,M,8278
2024,38,F,8280
2024,38,M,8341
2024,39,F,8207
2024,39,M,8310
2024,40,F,8049
2024,40,M,8276
2024,41,F,8169
2024,41,M,8164
2024,42,F,8109
2024,42,M,8165
2024,43,F,8090
2024,43,M,7926
2024,44,F,7932
2024,44,M,7874
2024,45,F,7800
2024,45,M,7537
2024,46,F,7601
2024,46,M,7430
2024,47,F,7469
2024,47,M,7422
2024,48,F,7548
2024,48,M,7232
2024,49,F,7388
2024,49,M,7284
2024,50,F,7252
2024,50,M,7087
2024,51,F,7131
2024,51,M,7137
2024,52,F,7427
2024,52,M,7053
2024,53,F,7554
2024,53,M,7383
2024,54,F,7562
2024,54,M,7282
2024,55,F,7520
2024,55,M,7113
2024,56,F,7334
2024,56,M,7100
2024,57,F,7295
2024,57,M,7289
2024,58,F,7685
2024,58,M,7525
2024,59,F,8241
2024,59,M,7935
2024,60,F,8494
2024,60,M,8145
2024,61,F,8485
2024,61,M,8244
2024,62,F,8275
2024,62,M,7953
2024,63,F,8264
2024,63,M,8027
2024,64,F,7994
2024,64,M,7927
2024,65,F,7929
2024,65,M,7613
2024,66,F,7833
2024,66,M,7364
2024,67,F,7539
2024,67,M,7161
2024,68,F,7281
2024,68,M,6884
2024,69,F,7137
2024,69,M,6730
2024,70,F,6847
2024,70,M,6258
2024,71,F,6487
2024,71,M,5851
2024,72,F,6126
2024,72,M,5592
2024,73,F,6007
2024,73,M,5258
2024,74,F,5755
2024,74,M,5146
2024,75,F,5587
2024,75,M,4765
2024,76,F,5418
2024,76,M,4667
2024,77,F,5177
2024,77,M,4489
2024,78,F,4445
2024,78,M,3685
2024,79,F,3936
2024,79,M,3350
2024,80,F,3663
2024,80,M,3117
2024,81,F,3459
2024,81,M,2828
2024,82,F,3088
2024,82,M,2443
2024,83,F,2857
2024,83,M,2173
2024,84,F,2516
2024,84,M,1873
2024,85,F,2322
2024,85,M,1642
2024,86,F,2059
2024,86,M,1418
2024,87,F,1830
2024,87,M,1259
2024,88,F,1661
2024,88,M,1115
2024,89,F,1507
2024,89,M,844
2024,90,F,1225
2024,90,M,739
2024,91,F,1119
2024,91,M,598
2024,92,F,907
2024,92,M,477
2024,93,F,767
2024,93,M,389
2024,94,F,616
2024,94,M,304
2024,95,F,452
2024,95,M,169
2024,96,F,393
2024,96,M,132
2024,97,F,286
2024,97,M,91
2024,98,F,158
2024,98,M,62
2024,99,F,132
2024,99,M,37
2024,100,F,245
2024,100,M,52
2024,101,F,165
2024,101,M,31
2024,102,F,86
2024,102,M,20
2024,103,F,62
2024,103,M,5
2024,104,F,34
2024,104,M,9
2024,105,F,28
2024,105,M,2
2024,106,F,17
2024,106,M,0
2024,107,F,4
2024,107,M,1
2024,108,F,3
2024,108,M,0
2024,109,F,2
2024,109,M,0
2024,110,F,0
2024,110,M,0
2025,0,F,5801
2025,0,M,6199
2025,1,F,5917
2025,1,M,6216
2025,2,F,5944
2025,2,M,6267
2025,3,F,5942
2025,3,M,6305
2025,4,F,5664
2025,4,M,5799
2025,5,F,6023
2025,5,M,6376
2025,6,F,6189
2025,6,M,6310
2025,7,F,6073
2025,7,M,6540
2025,8,F,6151
2025,8,M,6603
2025,9,F,6279
2025,9,M,6580
2025,10,F,6232
2025,10,M,6743
2025,11,F,6359
2025,11,M,6629
2025,12,F,6417
2025,12,M,6750
2025,13,F,6336
2025,13,M,6790
2025,14,F,6480
2025,14,M,6842
2025,15,F,6554
2025,15,M,6947
2025,16,F,6712
2025,16,M,7015
2025,17,F,7016
2025,17,M,7036
2025,18,F,7134
2025,18,M,7325
2025,19,F,7090
2025,19,M,7589
2025,20,F,7125
2025,20,M,7610
2025,21,F,7191
2025,21,M,7644
2025,22,F,7226
2025,22,M,7618
2025,23,F,7274
2025,23,M,7537
2025,24,F,7274
2025,24,M,7678
2025,25,F,7570
2025,25,M,7890
2025,26,F,7515
2025,26,M,8074
2025,27,F,7588
2025,27,M,7958
2025,28,F,7579
2025,28,M,7970
2025,29,F,7834
2025,29,M,8170
2025,30,F,8066
2025,30,M,8326
2025,31,F,8054
2025,31,M,8332
2025,32,F,8100
2025,32,M,8465
2025,33,F,8251
2025,33,M,8524
2025,34,F,8446
2025,34,M,8610
2025,35,F,8510
2025,35,M,8783
2025,36,F,8345
2025,36,M,8521
2025,37,F,8359
2025,37,M,8329
2025,38,F,8162
2025,38,M,8350
2025,39,F,8325
2025,39,M,8379
2025,40,F,8260
2025,40,M,8368
2025,41,F,8099
2025,41,M,8313
2025,42,F,8223
2025,42,M,8220
2025,43,F,8163
2025,43,M,8195
2025,44,F,8130
2025,44,M,7975
2025,45,F,7971
2025,45,M,7901
2025,46,F,7830
2025,46,M,7566
2025,47,F,7621
2025,47,M,7447
2025,48,F,7494
2025,48,M,7417
2025,49,F,7563
2025,49,M,7234
2025,50,F,7394
2025,50,M,7283
2025,51,F,7262
2025,51,M,7080
2025,52,F,7132
2025,52,M,7139
2025,53,F,7427
2025,53,M,7036
2025,54,F,7541
2025,54,M,7361
2025,55,F,7567
2025,55,M,7249
2025,56,F,7514
2025,56,M,7089
2025,57,F,7331
2025,57,M,7069
2025,58,F,7290
2025,58,M,7257
2025,59,F,7675
2025,59,M,7492
2025,60,F,8232
2025,60,M,7884
2025,61,F,8482
2025,61,M,8095
2025,62,F,8473
2025,62,M,8192
2025,63,F,8239
2025,63,M,7899
2025,64,F,8244
2025,64,M,7968
2025,65,F,7969
2025,65,M,7861
2025,66,F,7905
2025,66,M,7547
2025,67,F,7791
2025,67,M,7257
2025,68,F,7501
2025,68,M,7065
2025,69,F,7240
2025,69,M,6810
2025,70,F,7075
2025,70,M,6619
2025,71,F,6783
2025,71,M,6166
2025,72,F,6419
2025,72,M,5735
2025,73,F,6051
2025,73,M,5478
2025,74,F,5941
2025,74,M,5131
2025,75,F,5639
2025,75,M,4975
2025,76,F,5502
2025,76,M,4633
2025,77,F,5322
2025,77,M,4519
2025,78,F,5064
2025,78,M,4341
2025,79,F,4325
2025,79,M,3554
2025,80,F,3824
2025,80,M,3172
2025,81,F,3533
2025,81,M,2948
2025,82,F,3309
2025,82,M,2654
2025,83,F,2935
2025,83,M,2303
2025,84,F,2710
2025,84,M,2013
2025,85,F,2367
2025,85,M,1710
2025,86,F,2177
2025,86,M,1495
2025,87,F,1916
2025,87,M,1272
2025,88,F,1681
2025,88,M,1116
2025,89,F,1494
2025,89,M,961
2025,90,F,1346
2025,90,M,699
2025,91,F,1065
2025,91,M,631
2025,92,F,953
2025,92,M,474
2025,93,F,763
2025,93,M,397
2025,94,F,637
2025,94,M,304
2025,95,F,478
2025,95,M,229
2025,96,F,350
2025,96,M,121
2025,97,F,297
2025,97,M,96
2025,98,F,211
2025,98,M,60
2025,99,F,126
2025,99,M,43
2025,100,F,260
2025,100,M,62
2025,101,F,169
2025,101,M,36
2025,102,F,107
2025,102,M,14
2025,103,F,50
2025,103,M,11
2025,104,F,37
2025,104,M,4
2025,105,F,24
2025,105,M,4
2025,106,F,18
2025,106,M,0
2025,107,F,12
2025,107,M,0
2025,108,F,2
2025,108,M,1
2025,109,F,0
2025,109,M,0
2025,110,F,0
2025,110,M,0
2026,0,F,5878
2026,0,M,6190
2026,1,F,5893
2026,1,M,6314
2026,2,F,5990
2026,2,M,6291
2026,3,F,6021
2026,3,M,6344
2026,4,F,6006
2026,4,M,6399
2026,5,F,5741
2026,5,M,5875
2026,6,F,6095
2026,6,M,6459
2026,7,F,6252
2026,7,M,6404
2026,8,F,6142
2026,8,M,6608
2026,9,F,6218
2026,9,M,6681
2026,10,F,6336
2026,10,M,6633
2026,11,F,6299
2026,11,M,6821
2026,12,F,6413
2026,12,M,6690
2026,13,F,6487
2026,13,M,6807
2026,14,F,6424
2026,14,M,6893
2026,15,F,6598
2026,15,M,6943
2026,16,F,6727
2026,16,M,7138
2026,17,F,6957
2026,17,M,7295
2026,18,F,7359
2026,18,M,7407
2026,19,F,7434
2026,19,M,7704
2026,20,F,7296
2026,20,M,7864
2026,21,F,7230
2026,21,M,7726
2026,22,F,7276
2026,22,M,7698
2026,23,F,7303
2026,23,M,7669
2026,24,F,7375
2026,24,M,7595
2026,25,F,7354
2026,25,M,7706
2026,26,F,7646
2026,26,M,7917
2026,27,F,7603
2026,27,M,8095
2026,28,F,7676
2026,28,M,7987
2026,29,F,7663
2026,29,M,8033
2026,30,F,7928
2026,30,M,8249
2026,31,F,8173
2026,31,M,8430
2026,32,F,8158
2026,32,M,8426
2026,33,F,8202
2026,33,M,8545
2026,34,F,8360
2026,34,M,8631
2026,35,F,8550
2026,35,M,8704
2026,36,F,8608
2026,36,M,8873
2026,37,F,8432
2026,37,M,8589
2026,38,F,8428
2026,38,M,8388
2026,39,F,8229
2026,39,M,8402
2026,40,F,8395
2026,40,M,8420
2026,41,F,8319
2026,41,M,8403
2026,42,F,8162
2026,42,M,8356
2026,43,F,8267
2026,43,M,8265
2026,44,F,8206
2026,44,M,8224
2026,45,F,8153
2026,45,M,7994
2026,46,F,8016
2026,46,M,7927
2026,47,F,7853
2026,47,M,7576
2026,48,F,7651
2026,48,M,7462
2026,49,F,7516
2026,49,M,7418
2026,50,F,7567
2026,50,M,7230
2026,51,F,7404
2026,51,M,7279
2026,52,F,7267
2026,52,M,7061
2026,53,F,7136
2026,53,M,7121
2026,54,F,7432
2026,54,M,7012
2026,55,F,7540
2026,55,M,7342
2026,56,F,7565
2026,56,M,7237
2026,57,F,7505
2026,57,M,7068
2026,58,F,7333
2026,58,M,7041
2026,59,F,7281
2026,59,M,7219
2026,60,F,7687
2026,60,M,7444
2026,61,F,8212
2026,61,M,7836
2026,62,F,8460
2026,62,M,8050
2026,63,F,8453
2026,63,M,8137
2026,64,F,8195
2026,64,M,7855
2026,65,F,8206
2026,65,M,7901
2026,66,F,7930
2026,66,M,7775
2026,67,F,7873
2026,67,M,7470
2026,68,F,7740
2026,68,M,7167
2026,69,F,7442
2026,69,M,6982
2026,70,F,7180
2026,70,M,6708
2026,71,F,7013
2026,71,M,6511
2026,72,F,6699
2026,72,M,6061
2026,73,F,6351
2026,73,M,5622
2026,74,F,5961
2026,74,M,5340
2026,75,F,5852
2026,75,M,4980
2026,76,F,5530
2026,76,M,4830
2026,77,F,5384
2026,77,M,4484
2026,78,F,5202
2026,78,M,4371
2026,79,F,4914
2026,79,M,4175
2026,80,F,4213
2026,80,M,3415
2026,81,F,3673
2026,81,M,3013
2026,82,F,3385
2026,82,M,2774
2026,83,F,3164
2026,83,M,2480
2026,84,F,2767
2026,84,M,2140
2026,85,F,2542
2026,85,M,1839
2026,86,F,2204
2026,86,M,1563
2026,87,F,2021
2026,87,M,1335
2026,88,F,1745
2026,88,M,1151
2026,89,F,1521
2026,89,M,968
2026,90,F,1356
2026,90,M,817
2026,91,F,1163
2026,91,M,575
2026,92,F,917
2026,92,M,520
2026,93,F,784
2026,93,M,355
2026,94,F,618
2026,94,M,314
2026,95,F,525
2026,95,M,232
2026,96,F,382
2026,96,M,155
2026,97,F,263
2026,97,M,78
2026,98,F,215
2026,98,M,63
2026,99,F,137
2026,99,M,36
2026,100,F,256
2026,100,M,61
2026,101,F,169
2026,101,M,42
2026,102,F,119
2026,102,M,24
2026,103,F,66
2026,103,M,10
2026,104,F,32
2026,104,M,9
2026,105,F,25
2026,105,M,3
2026,106,F,18
2026,106,M,1
2026,107,F,8
2026,107,M,0
2026,108,F,6
2026,108,M,0
2026,109,F,2
2026,109,M,1
2026,110,F,0
2026,110,M,0
2027,0,F,5912
2027,0,M,6214
2027,1,F,5969
2027,1,M,6289
2027,2,F,5963
2027,2,M,6384
2027,3,F,6062
2027,3,M,6372
2027,4,F,6095
2027,4,M,6403
2027,5,F,6064
2027,5,M,6475
2027,6,F,5814
2027,6,M,5942
2027,7,F,6168
2027,7,M,6524
2027,8,F,6315
2027,8,M,6464
2027,9,F,6210
2027,9,M,6686
2027,10,F,6277
2027,10,M,6752
2027,11,F,6397
2027,11,M,6689
2027,12,F,6351
2027,12,M,6895
2027,13,F,6482
2027,13,M,6752
2027,14,F,6583
2027,14,M,6911
2027,15,F,6547
2027,15,M,7012
2027,16,F,6748
2027,16,M,7114
2027,17,F,6962
2027,17,M,7399
2027,18,F,7284
2027,18,M,7705
2027,19,F,7691
2027,19,M,7786
2027,20,F,7655
2027,20,M,7957
2027,21,F,7374
2027,21,M,7970
2027,22,F,7314
2027,22,M,7806
2027,23,F,7362
2027,23,M,7757
2027,24,F,7411
2027,24,M,7737
2027,25,F,7471
2027,25,M,7627
2027,26,F,7449
2027,26,M,7730
2027,27,F,7734
2027,27,M,7943
2027,28,F,7667
2027,28,M,8135
2027,29,F,7769
2027,29,M,8030
2027,30,F,7779
2027,30,M,8097
2027,31,F,8037
2027,31,M,8318
2027,32,F,8291
2027,32,M,8505
2027,33,F,8274
2027,33,M,8511
2027,34,F,8297
2027,34,M,8649
2027,35,F,8446
2027,35,M,8720
2027,36,F,8635
2027,36,M,8790
2027,37,F,8687
2027,37,M,8936
2027,38,F,8505
2027,38,M,8663
2027,39,F,8490
2027,39,M,8455
2027,40,F,8295
2027,40,M,8451
2027,41,F,8453
2027,41,M,8470
2027,42,F,8380
2027,42,M,8446
2027,43,F,8209
2027,43,M,8381
2027,44,F,8314
2027,44,M,8295
2027,45,F,8246
2027,45,M,8259
2027,46,F,8185
2027,46,M,8004
2027,47,F,8040
2027,47,M,7946
2027,48,F,7872
2027,48,M,7591
2027,49,F,7662
2027,49,M,7469
2027,50,F,7530
2027,50,M,7419
2027,51,F,7573
2027,51,M,7225
2027,52,F,7409
2027,52,M,7273
2027,53,F,7281
2027,53,M,7055
2027,54,F,7135
2027,54,M,7096
2027,55,F,7424
2027,55,M,6995
2027,56,F,7544
2027,56,M,7319
2027,57,F,7556
2027,57,M,7208
2027,58,F,7504
2027,58,M,7036
2027,59,F,7334
2027,59,M,7006
2027,60,F,7268
2027,60,M,7186
2027,61,F,7662
2027,61,M,7425
2027,62,F,8213
2027,62,M,7794
2027,63,F,8423
2027,63,M,8004
2027,64,F,8431
2027,64,M,8065
2027,65,F,8154
2027,65,M,7809
2027,66,F,8178
2027,66,M,7837
2027,67,F,7878
2027,67,M,7690
2027,68,F,7817
2027,68,M,7375
2027,69,F,7660
2027,69,M,7081
2027,70,F,7392
2027,70,M,6878
2027,71,F,7083
2027,71,M,6575
2027,72,F,6947
2027,72,M,6390
2027,73,F,6603
2027,73,M,5945
2027,74,F,6272
2027,74,M,5498
2027,75,F,5870
2027,75,M,5228
2027,76,F,5750
2027,76,M,4833
2027,77,F,5390
2027,77,M,4661
2027,78,F,5241
2027,78,M,4314
2027,79,F,5071
2027,79,M,4181
2027,80,F,4772
2027,80,M,4015
2027,81,F,4075
2027,81,M,3243
2027,82,F,3517
2027,82,M,2879
2027,83,F,3233
2027,83,M,2613
2027,84,F,3012
2027,84,M,2314
2027,85,F,2612
2027,85,M,1960
2027,86,F,2377
2027,86,M,1675
2027,87,F,2036
2027,87,M,1421
2027,88,F,1872
2027,88,M,1196
2027,89,F,1580
2027,89,M,999
2027,90,F,1348
2027,90,M,821
2027,91,F,1183
2027,91,M,679
2027,92,F,1001
2027,92,M,482
2027,93,F,765
2027,93,M,425
2027,94,F,632
2027,94,M,275
2027,95,F,490
2027,95,M,231
2027,96,F,409
2027,96,M,174
2027,97,F,287
2027,97,M,88
2027,98,F,189
2027,98,M,48
2027,99,F,144
2027,99,M,39
2027,100,F,256
2027,100,M,57
2027,101,F,167
2027,101,M,34
2027,102,F,104
2027,102,M,26
2027,103,F,75
2027,103,M,13
2027,104,F,45
2027,104,M,8
2027,105,F,15
2027,105,M,5
2027,106,F,18
2027,106,M,3
2027,107,F,9
2027,107,M,1
2027,108,F,1
2027,108,M,0
2027,109,F,4
2027,109,M,0
2027,110,F,0
2027,110,M,0
2028,0,F,5960
2028,0,M,6217
2028,1,F,6001
2028,1,M,6333
2028,2,F,6033
2028,2,M,6380
2028,3,F,6033
2028,3,M,6465
2028,4,F,6137
2028,4,M,6458
2028,5,F,6167
2028,5,M,6497
2028,6,F,6134
2028,6,M,6552
2028,7,F,5885
2028,7,M,6022
2028,8,F,6234
2028,8,M,6584
2028,9,F,6387
2028,9,M,6535
2028,10,F,6266
2028,10,M,6749
2028,11,F,6337
2028,11,M,6828
2028,12,F,6475
2028,12,M,6763
2028,13,F,6431
2028,13,M,6974
2028,14,F,6581
2028,14,M,6871
2028,15,F,6700
2028,15,M,7038
2028,16,F,6733
2028,16,M,7180
2028,17,F,6964
2028,17,M,7376
2028,18,F,7301
2028,18,M,7791
2028,19,F,7598
2028,19,M,8069
2028,20,F,7895
2028,20,M,8038
2028,21,F,7751
2028,21,M,8068
2028,22,F,7450
2028,22,M,8035
2028,23,F,7391
2028,23,M,7864
2028,24,F,7439
2028,24,M,7792
2028,25,F,7495
2028,25,M,7760
2028,26,F,7561
2028,26,M,7657
2028,27,F,7538
2028,27,M,7751
2028,28,F,7826
2028,28,M,7977
2028,29,F,7759
2028,29,M,8181
2028,30,F,7891
2028,30,M,8101
2028,31,F,7867
2028,31,M,8168
2028,32,F,8144
2028,32,M,8408
2028,33,F,8404
2028,33,M,8598
2028,34,F,8366
2028,34,M,8610
2028,35,F,8396
2028,35,M,8723
2028,36,F,8537
2028,36,M,8803
2028,37,F,8706
2028,37,M,8854
2028,38,F,8766
2028,38,M,8983
2028,39,F,8571
2028,39,M,8721
2028,40,F,8549
2028,40,M,8502
2028,41,F,8361
2028,41,M,8508
2028,42,F,8508
2028,42,M,8526
2028,43,F,8434
2028,43,M,8478
2028,44,F,8251
2028,44,M,8408
2028,45,F,8361
2028,45,M,8324
2028,46,F,8278
2028,46,M,8278
2028,47,F,8201
2028,47,M,8020
2028,48,F,8052
2028,48,M,7949
2028,49,F,7890
2028,49,M,7599
2028,50,F,7671
2028,50,M,7461
2028,51,F,7536
2028,51,M,7418
2028,52,F,7572
2028,52,M,7214
2028,53,F,7420
2028,53,M,7275
2028,54,F,7286
2028,54,M,7051
2028,55,F,7150
2028,55,M,7075
2028,56,F,7416
2028,56,M,6977
2028,57,F,7539
2028,57,M,7286
2028,58,F,7542
2028,58,M,7184
2028,59,F,7489
2028,59,M,6999
2028,60,F,7330
2028,60,M,6975
2028,61,F,7258
2028,61,M,7149
2028,62,F,7660
2028,62,M,7370
2028,63,F,8210
2028,63,M,7751
2028,64,F,8399
2028,64,M,7952
2028,65,F,8407
2028,65,M,8003
2028,66,F,8128
2028,66,M,7767
2028,67,F,8141
2028,67,M,7756
2028,68,F,7817
2028,68,M,7602
2028,69,F,7741
2028,69,M,7263
2028,70,F,7610
2028,70,M,6983
2028,71,F,7324
2028,71,M,6770
2028,72,F,7014
2028,72,M,6471
2028,73,F,6882
2028,73,M,6270
2028,74,F,6495
2028,74,M,5827
2028,75,F,6170
2028,75,M,5358
2028,76,F,5779
2028,76,M,5079
2028,77,F,5635
2028,77,M,4670
2028,78,F,5262
2028,78,M,4484
2028,79,F,5104
2028,79,M,4146
2028,80,F,4907
2028,80,M,4000
2028,81,F,4622
2028,81,M,3817
2028,82,F,3918
2028,82,M,3054
2028,83,F,3348
2028,83,M,2661
2028,84,F,3066
2028,84,M,2429
2028,85,F,2831
2028,85,M,2150
2028,86,F,2423
2028,86,M,1762
2028,87,F,2207
2028,87,M,1517
2028,88,F,1864
2028,88,M,1271
2028,89,F,1681
2028,89,M,1052
2028,90,F,1424
2028,90,M,849
2028,91,F,1181
2028,91,M,698
2028,92,F,1014
2028,92,M,561
2028,93,F,866
2028,93,M,383
2028,94,F,617
2028,94,M,336
2028,95,F,501
2028,95,M,211
2028,96,F,380
2028,96,M,153
2028,97,F,308
2028,97,M,112
2028,98,F,225
2028,98,M,46
2028,99,F,134
2028,99,M,30
2028,100,F,262
2028,100,M,65
2028,101,F,177
2028,101,M,35
2028,102,F,111
2028,102,M,17
2028,103,F,61
2028,103,M,18
2028,104,F,45
2028,104,M,12
2028,105,F,28
2028,105,M,4
2028,106,F,9
2028,106,M,3
2028,107,F,10
2028,107,M,0
2028,108,F,6
2028,108,M,1
2028,109,F,1
2028,109,M,0
2028,110,F,0
2028,110,M,0
2029,0,F,5950
2029,0,M,6301
2029,1,F,6053
2029,1,M,6311
2029,2,F,6074
2029,2,M,6426
2029,3,F,6115
2029,3,M,6461
2029,4,F,6100
2029,4,M,6533
2029,5,F,6217
2029,5,M,6556
2029,6,F,6240
2029,6,M,6596
2029,7,F,6220
2029,7,M,6630
2029,8,F,5949
2029,8,M,6089
2029,9,F,6301
2029,9,M,6643
2029,10,F,6456
2029,10,M,6598
2029,11,F,6335
2029,11,M,6815
2029,12,F,6396
2029,12,M,6879
2029,13,F,6541
2029,13,M,6835
2029,14,F,6512
2029,14,M,7061
2029,15,F,6726
2029,15,M,7000
2029,16,F,6878
2029,16,M,7214
2029,17,F,6951
2029,17,M,7439
2029,18,F,7256
2029,18,M,7771
2029,19,F,7610
2029,19,M,8200
2029,20,F,7804
2029,20,M,8347
2029,21,F,7999
2029,21,M,8154
2029,22,F,7832
2029,22,M,8124
2029,23,F,7540
2029,23,M,8100
2029,24,F,7470
2029,24,M,7900
2029,25,F,7538
2029,25,M,7821
2029,26,F,7577
2029,26,M,7788
2029,27,F,7657
2029,27,M,7678
2029,28,F,7622
2029,28,M,7792
2029,29,F,7918
2029,29,M,8026
2029,30,F,7856
2029,30,M,8253
2029,31,F,7991
2029,31,M,8200
2029,32,F,7968
2029,32,M,8254
2029,33,F,8234
2029,33,M,8496
2029,34,F,8518
2029,34,M,8681
2029,35,F,8475
2029,35,M,8703
2029,36,F,8472
2029,36,M,8815
2029,37,F,8619
2029,37,M,8871
2029,38,F,8775
2029,38,M,8908
2029,39,F,8815
2029,39,M,9040
2029,40,F,8631
2029,40,M,8768
2029,41,F,8607
2029,41,M,8534
2029,42,F,8405
2029,42,M,8554
2029,43,F,8545
2029,43,M,8568
2029,44,F,8490
2029,44,M,8508
2029,45,F,8284
2029,45,M,8436
2029,46,F,8390
2029,46,M,8349
2029,47,F,8304
2029,47,M,8299
2029,48,F,8220
2029,48,M,8026
2029,49,F,8062
2029,49,M,7952
2029,50,F,7887
2029,50,M,7598
2029,51,F,7683
2029,51,M,7467
2029,52,F,7549
2029,52,M,7407
2029,53,F,7565
2029,53,M,7214
2029,54,F,7425
2029,54,M,7253
2029,55,F,7288
2029,55,M,7036
2029,56,F,7137
2029,56,M,7053
2029,57,F,7407
2029,57,M,6968
2029,58,F,7531
2029,58,M,7253
2029,59,F,7537
2029,59,M,7155
2029,60,F,7473
2029,60,M,6959
2029,61,F,7323
2029,61,M,6940
2029,62,F,7252
2029,62,M,7120
2029,63,F,7638
2029,63,M,7317
2029,64,F,8195
2029,64,M,7681
2029,65,F,8371
2029,65,M,7897
2029,66,F,8357
2029,66,M,7955
2029,67,F,8074
2029,67,M,7682
2029,68,F,8084
2029,68,M,7687
2029,69,F,7763
2029,69,M,7520
2029,70,F,7691
2029,70,M,7168
2029,71,F,7535
2029,71,M,6878
2029,72,F,7243
2029,72,M,6675
2029,73,F,6929
2029,73,M,6339
2029,74,F,6783
2029,74,M,6133
2029,75,F,6408
2029,75,M,5683
2029,76,F,6064
2029,76,M,5211
2029,77,F,5653
2029,77,M,4916
2029,78,F,5492
2029,78,M,4506
2029,79,F,5138
2029,79,M,4333
2029,80,F,4951
2029,80,M,3941
2029,81,F,4746
2029,81,M,3813
2029,82,F,4434
2029,82,M,3617
2029,83,F,3725
2029,83,M,2862
2029,84,F,3200
2029,84,M,2488
2029,85,F,2894
2029,85,M,2245
2029,86,F,2656
2029,86,M,1952
2029,87,F,2258
2029,87,M,1564
2029,88,F,2034
2029,88,M,1332
2029,89,F,1682
2029,89,M,1091
2029,90,F,1488
2029,90,M,902
2029,91,F,1220
2029,91,M,700
2029,92,F,1006
2029,92,M,576
2029,93,F,849
2029,93,M,437
2029,94,F,716
2029,94,M,279
2029,95,F,484
2029,95,M,250
2029,96,F,391
2029,96,M,154
2029,97,F,295
2029,97,M,114
2029,98,F,235
2029,98,M,69
2029,99,F,161
2029,99,M,32
2029,100,F,282
2029,100,M,78
2029,101,F,191
2029,101,M,46
2029,102,F,116
2029,102,M,19
2029,103,F,67
2029,103,M,10
2029,104,F,28
2029,104,M,9
2029,105,F,27
2029,105,M,6
2029,106,F,14
2029,106,M,3
2029,107,F,4
2029,107,M,0
2029,108,F,7
2029,108,M,0
2029,109,F,2
2029,109,M,0
2029,110,F,0
2029,110,M,0
2030,0,F,5983
2030,0,M,6334
2030,1,F,6041
2030,1,M,6424
2030,2,F,6123
2030,2,M,6385
2030,3,F,6154
2030,3,M,6496
2030,4,F,6196
2030,4,M,6554
2030,5,F,6183
2030,5,M,6617
2030,6,F,6313
2030,6,M,6627
2030,7,F,6318
2030,7,M,6673
2030,8,F,6291
2030,8,M,6688
2030,9,F,6028
2030,9,M,6156
2030,10,F,6366
2030,10,M,6702
2030,11,F,6507
2030,11,M,6657
2030,12,F,6394
2030,12,M,6878
2030,13,F,6470
2030,13,M,6948
2030,14,F,6641
2030,14,M,6926
2030,15,F,6650
2030,15,M,7173
2030,16,F,6919
2030,16,M,7179
2030,17,F,7129
2030,17,M,7508
2030,18,F,7272
2030,18,M,7829
2030,19,F,7539
2030,19,M,8187
2030,20,F,7854
2030,20,M,8467
2030,21,F,7898
2030,21,M,8463
2030,22,F,8063
2030,22,M,8203
2030,23,F,7903
2030,23,M,8173
2030,24,F,7623
2030,24,M,8134
2030,25,F,7558
2030,25,M,7906
2030,26,F,7625
2030,26,M,7839
2030,27,F,7677
2030,27,M,7811
2030,28,F,7750
2030,28,M,7717
2030,29,F,7743
2030,29,M,7842
2030,30,F,8017
2030,30,M,8099
2030,31,F,7975
2030,31,M,8320
2030,32,F,8106
2030,32,M,8265
2030,33,F,8089
2030,33,M,8360
2030,34,F,8337
2030,34,M,8575
2030,35,F,8626
2030,35,M,8775
2030,36,F,8574
2030,36,M,8765
2030,37,F,8549
2030,37,M,8873
2030,38,F,8687
2030,38,M,8923
2030,39,F,8828
2030,39,M,8957
2030,40,F,8871
2030,40,M,9101
2030,41,F,8681
2030,41,M,8803
2030,42,F,8658
2030,42,M,8587
2030,43,F,8441
2030,43,M,8591
2030,44,F,8588
2030,44,M,8600
2030,45,F,8524
2030,45,M,8535
2030,46,F,8311
2030,46,M,8466
2030,47,F,8424
2030,47,M,8378
2030,48,F,8313
2030,48,M,8297
2030,49,F,8226
2030,49,M,8024
2030,50,F,8066
2030,50,M,7954
2030,51,F,7896
2030,51,M,7605
2030,52,F,7677
2030,52,M,7462
2030,53,F,7560
2030,53,M,7404
2030,54,F,7581
2030,54,M,7201
2030,55,F,7416
2030,55,M,7251
2030,56,F,7296
2030,56,M,7007
2030,57,F,7142
2030,57,M,7033
2030,58,F,7417
2030,58,M,6957
2030,59,F,7518
2030,59,M,7229
2030,60,F,7533
2030,60,M,7129
2030,61,F,7470
2030,61,M,6938
2030,62,F,7323
2030,62,M,6907
2030,63,F,7231
2030,63,M,7077
2030,64,F,7615
2030,64,M,7270
2030,65,F,8163
2030,65,M,7630
2030,66,F,8329
2030,66,M,7827
2030,67,F,8323
2030,67,M,7893
2030,68,F,8025
2030,68,M,7599
2030,69,F,8026
2030,69,M,7589
2030,70,F,7707
2030,70,M,7435
2030,71,F,7615
2030,71,M,7051
2030,72,F,7459
2030,72,M,6738
2030,73,F,7157
2030,73,M,6581
2030,74,F,6803
2030,74,M,6209
2030,75,F,6705
2030,75,M,5985
2030,76,F,6301
2030,76,M,5534
2030,77,F,5947
2030,77,M,5038
2030,78,F,5528
2030,78,M,4764
2030,79,F,5351
2030,79,M,4343
2030,80,F,4993
2030,80,M,4184
2030,81,F,4788
2030,81,M,3734
2030,82,F,4572
2030,82,M,3593
2030,83,F,4241
2030,83,M,3355
2030,84,F,3555
2030,84,M,2672
2030,85,F,3035
2030,85,M,2293
2030,86,F,2679
2030,86,M,2062
2030,87,F,2447
2030,87,M,1758
2030,88,F,2055
2030,88,M,1398
2030,89,F,1847
2030,89,M,1166
2030,90,F,1498
2030,90,M,929
2030,91,F,1305
2030,91,M,739
2030,92,F,1053
2030,92,M,579
2030,93,F,852
2030,93,M,456
2030,94,F,701
2030,94,M,346
2030,95,F,578
2030,95,M,224
2030,96,F,366
2030,96,M,184
2030,97,F,294
2030,97,M,108
2030,98,F,215
2030,98,M,74
2030,99,F,158
2030,99,M,50
2030,100,F,296
2030,100,M,54
2030,101,F,194
2030,101,M,59
2030,102,F,134
2030,102,M,30
2030,103,F,81
2030,103,M,11
2030,104,F,40
2030,104,M,6
2030,105,F,15
2030,105,M,7
2030,106,F,15
2030,106,M,4
2030,107,F,10
2030,107,M,2
2030,108,F,3
2030,108,M,0
2030,109,F,4
2030,109,M,0
2030,110,F,0
2030,110,M,0
