year,age,sex,n_exacerbations
2001,0,F,0
2001,0,M,0
2001,1,F,0
2001,1,M,0
2001,2,F,0
2001,2,M,0
2001,3,F,492
2001,3,M,646
2001,4,F,452
2001,4,M,761
2001,5,F,345
2001,5,M,471
2001,6,F,264
2001,6,M,385
2001,7,F,218
2001,7,M,297
2001,8,F,200
2001,8,M,302
2001,9,F,198
2001,9,M,275
2001,10,F,239
2001,10,M,307
2001,11,F,225
2001,11,M,298
2001,12,F,225
2001,12,M,304
2001,13,F,208
2001,13,M,270
2001,14,F,175
2001,14,M,245
2001,15,F,248
2001,15,M,220
2001,16,F,206
2001,16,M,215
2001,17,F,254
2001,17,M,270
2001,18,F,207
2001,18,M,199
2001,19,F,253
2001,19,M,162
2001,20,F,253
2001,20,M,131
2001,21,F,259
2001,21,M,178
2001,22,F,247
2001,22,M,158
2001,23,F,317
2001,23,M,146
2001,24,F,254
2001,24,M,150
2001,25,F,265
2001,25,M,214
2001,26,F,217
2001,26,M,81
2001,27,F,230
2001,27,M,142
2001,28,F,194
2001,28,M,116
2001,29,F,225
2001,29,M,94
2001,30,F,243
2001,30,M,116
2001,31,F,199
2001,31,M,103
2001,32,F,200
2001,32,M,116
2001,33,F,187
2001,33,M,107
2001,34,F,153
2001,34,M,82
2001,35,F,208
2001,35,M,103
2001,36,F,214
2001,36,M,103
2001,37,F,215
2001,37,M,73
2001,38,F,174
2001,38,M,82
2001,39,F,225
2001,39,M,76
2001,40,F,185
2001,40,M,76
2001,41,F,170
2001,41,M,80
2001,42,F,199
2001,42,M,53
2001,43,F,209
2001,43,M,96
2001,44,F,193
2001,44,M,64
2001,45,F,179
2001,45,M,64
2001,46,F,226
2001,46,M,69
2001,47,F,144
2001,47,M,67
2001,48,F,214
2001,48,M,59
2001,49,F,196
2001,49,M,84
2001,50,F,202
2001,50,M,65
2001,51,F,197
2001,51,M,92
2001,52,F,251
2001,52,M,87
2001,53,F,232
2001,53,M,90
2001,54,F,227
2001,54,M,77
2001,55,F,164
2001,55,M,94
2001,56,F,157
2001,56,M,101
2001,57,F,190
2001,57,M,78
2001,58,F,185
2001,58,M,101
2001,59,F,211
2001,59,M,121
2001,60,F,254
2001,60,M,51
2001,61,F,228
2001,61,M,86
2001,62,F,192
2001,62,M,75
2001,63,F,188
2001,63,M,79
2001,64,F,166
2001,64,M,52
2001,65,F,172
2001,65,M,61
2001,66,F,138
2001,66,M,67
2001,67,F,145
2001,67,M,70
2001,68,F,122
2001,68,M,74
2001,69,F,161
2001,69,M,76
2001,70,F,157
2001,70,M,69
2001,71,F,182
2001,71,M,75
2001,72,F,142
2001,72,M,91
2001,73,F,145
2001,73,M,79
2001,74,F,161
2001,74,M,58
2001,75,F,149
2001,75,M,63
2001,76,F,160
2001,76,M,77
2001,77,F,160
2001,77,M,60
2001,78,F,182
2001,78,M,103
2001,79,F,151
2001,79,M,59
2001,80,F,157
2001,80,M,79
2001,81,F,135
2001,81,M,52
2001,82,F,125
2001,82,M,29
2001,83,F,133
2001,83,M,41
2001,84,F,119
2001,84,M,42
2001,85,F,99
2001,85,M,26
2001,86,F,91
2001,86,M,26
2001,87,F,59
2001,87,M,21
2001,88,F,81
2001,88,M,23
2001,89,F,29
2001,89,M,19
2001,90,F,40
2001,90,M,11
2001,91,F,21
2001,91,M,7
2001,92,F,18
2001,92,M,11
2001,93,F,11
2001,93,M,2
2001,94,F,20
2001,94,M,2
2001,95,F,11
2001,95,M,0
2001,96,F,15
2001,96,M,0
2001,97,F,5
2001,97,M,0
2001,98,F,1
2001,98,M,0
2001,99,F,7
2001,99,M,0
2001,100,F,1
2001,100,M,0
2001,101,F,0
2001,101,M,0
2001,102,F,0
2001,102,M,0
2001,103,F,0
2001,103,M,0
2001,104,F,0
2001,104,M,0
2001,105,F,0
2001,105,M,0
2001,106,F,0
2001,106,M,0
2001,107,F,0
2001,107,M,0
2001,108,F,0
2001,108,M,0
2001,109,F,0
2001,109,M,0
2001,110,F,0
2001,110,M,0
2002,0,F,0
2002,0,M,0
2002,1,F,0
2002,1,M,0
2002,2,F,0
2002,2,M,0
2002,3,F,522
2002,3,M,713
2002,4,F,413
2002,4,M,573
2002,5,F,302
2002,5,M,615
2002,6,F,271
2002,6,M,497
2002,7,F,216
2002,7,M,305
2002,8,F,177
2002,8,M,269
2002,9,F,139
2002,9,M,218
2002,10,F,146
2002,10,M,249
2002,11,F,138
2002,11,M,270
2002,12,F,164
2002,12,M,226
2002,13,F,172
2002,13,M,209
2002,14,F,143
2002,14,M,194
2002,15,F,151
2002,15,M,147
2002,16,F,166
2002,16,M,176
2002,17,F,200
2002,17,M,158
2002,18,F,130
2002,18,M,98
2002,19,F,147
2002,19,M,84
2002,20,F,163
2002,20,M,135
2002,21,F,180
2002,21,M,93
2002,22,F,184
2002,22,M,147
2002,23,F,155
2002,23,M,150
2002,24,F,157
2002,24,M,77
2002,25,F,169
2002,25,M,134
2002,26,F,134
2002,26,M,134
2002,27,F,132
2002,27,M,80
2002,28,F,176
2002,28,M,108
2002,29,F,150
2002,29,M,80
2002,30,F,176
2002,30,M,83
2002,31,F,115
2002,31,M,85
2002,32,F,143
2002,32,M,68
2002,33,F,114
2002,33,M,74
2002,34,F,148
2002,34,M,50
2002,35,F,80
2002,35,M,47
2002,36,F,99
2002,36,M,45
2002,37,F,141
2002,37,M,77
2002,38,F,148
2002,38,M,71
2002,39,F,176
2002,39,M,66
2002,40,F,116
2002,40,M,49
2002,41,F,126
2002,41,M,49
2002,42,F,130
2002,42,M,35
2002,43,F,119
2002,43,M,33
2002,44,F,91
2002,44,M,38
2002,45,F,119
2002,45,M,66
2002,46,F,144
2002,46,M,32
2002,47,F,139
2002,47,M,70
2002,48,F,158
2002,48,M,30
2002,49,F,115
2002,49,M,48
2002,50,F,127
2002,50,M,40
2002,51,F,127
2002,51,M,35
2002,52,F,157
2002,52,M,37
2002,53,F,117
2002,53,M,36
2002,54,F,125
2002,54,M,50
2002,55,F,142
2002,55,M,43
2002,56,F,102
2002,56,M,35
2002,57,F,74
2002,57,M,34
2002,58,F,154
2002,58,M,38
2002,59,F,136
2002,59,M,52
2002,60,F,125
2002,60,M,49
2002,61,F,134
2002,61,M,56
2002,62,F,117
2002,62,M,39
2002,63,F,111
2002,63,M,45
2002,64,F,79
2002,64,M,20
2002,65,F,83
2002,65,M,26
2002,66,F,85
2002,66,M,33
2002,67,F,78
2002,67,M,43
2002,68,F,95
2002,68,M,27
2002,69,F,75
2002,69,M,39
2002,70,F,103
2002,70,M,21
2002,71,F,96
2002,71,M,39
2002,72,F,101
2002,72,M,40
2002,73,F,90
2002,73,M,29
2002,74,F,103
2002,74,M,40
2002,75,F,90
2002,75,M,33
2002,76,F,97
2002,76,M,36
2002,77,F,94
2002,77,M,25
2002,78,F,81
2002,78,M,37
2002,79,F,105
2002,79,M,56
2002,80,F,103
2002,80,M,32
2002,81,F,77
2002,81,M,30
2002,82,F,80
2002,82,M,24
2002,83,F,48
2002,83,M,15
2002,84,F,74
2002,84,M,19
2002,85,F,50
2002,85,M,10
2002,86,F,42
2002,86,M,12
2002,87,F,38
2002,87,M,14
2002,88,F,34
2002,88,M,17
2002,89,F,29
2002,89,M,3
2002,90,F,20
2002,90,M,10
2002,91,F,18
2002,91,M,8
2002,92,F,11
2002,92,M,4
2002,93,F,9
2002,93,M,1
2002,94,F,9
2002,94,M,0
2002,95,F,3
2002,95,M,4
2002,96,F,7
2002,96,M,0
2002,97,F,5
2002,97,M,0
2002,98,F,0
2002,98,M,0
2002,99,F,0
2002,99,M,0
2002,100,F,2
2002,100,M,0
2002,101,F,0
2002,101,M,0
2002,102,F,0
2002,102,M,0
2002,103,F,0
2002,103,M,0
2002,104,F,0
2002,104,M,0
2002,105,F,0
2002,105,M,0
2002,106,F,0
2002,106,M,0
2002,107,F,0
2002,107,M,0
2002,108,F,0
2002,108,M,0
2002,109,F,0
2002,109,M,0
2002,110,F,0
2002,110,M,0
2003,0,F,0
2003,0,M,0
2003,1,F,0
2003,1,M,0
2003,2,F,0
2003,2,M,0
2003,3,F,519
2003,3,M,651
2003,4,F,422
2003,4,M,649
2003,5,F,344
2003,5,M,469
2003,6,F,242
2003,6,M,435
2003,7,F,185
2003,7,M,285
2003,8,F,165
2003,8,M,258
2003,9,F,184
2003,9,M,185
2003,10,F,133
2003,10,M,238
2003,11,F,100
2003,11,M,149
2003,12,F,113
2003,12,M,165
2003,13,F,115
2003,13,M,184
2003,14,F,134
2003,14,M,155
2003,15,F,138
2003,15,M,146
2003,16,F,157
2003,16,M,118
2003,17,F,186
2003,17,M,147
2003,18,F,137
2003,18,M,120
2003,19,F,145
2003,19,M,121
2003,20,F,133
2003,20,M,132
2003,21,F,198
2003,21,M,120
2003,22,F,178
2003,22,M,136
2003,23,F,188
2003,23,M,133
2003,24,F,179
2003,24,M,126
2003,25,F,192
2003,25,M,105
2003,26,F,151
2003,26,M,128
2003,27,F,132
2003,27,M,111
2003,28,F,149
2003,28,M,124
2003,29,F,137
2003,29,M,97
2003,30,F,156
2003,30,M,79
2003,31,F,155
2003,31,M,94
2003,32,F,125
2003,32,M,81
2003,33,F,158
2003,33,M,73
2003,34,F,132
2003,34,M,66
2003,35,F,167
2003,35,M,54
2003,36,F,104
2003,36,M,50
2003,37,F,102
2003,37,M,66
2003,38,F,122
2003,38,M,50
2003,39,F,154
2003,39,M,50
2003,40,F,152
2003,40,M,58
2003,41,F,149
2003,41,M,70
2003,42,F,146
2003,42,M,52
2003,43,F,150
2003,43,M,43
2003,44,F,116
2003,44,M,31
2003,45,F,128
2003,45,M,55
2003,46,F,141
2003,46,M,50
2003,47,F,136
2003,47,M,51
2003,48,F,139
2003,48,M,28
2003,49,F,120
2003,49,M,29
2003,50,F,127
2003,50,M,48
2003,51,F,107
2003,51,M,60
2003,52,F,122
2003,52,M,50
2003,53,F,120
2003,53,M,53
2003,54,F,152
2003,54,M,72
2003,55,F,129
2003,55,M,47
2003,56,F,132
2003,56,M,49
2003,57,F,113
2003,57,M,21
2003,58,F,112
2003,58,M,42
2003,59,F,115
2003,59,M,34
2003,60,F,95
2003,60,M,57
2003,61,F,112
2003,61,M,52
2003,62,F,109
2003,62,M,32
2003,63,F,90
2003,63,M,29
2003,64,F,93
2003,64,M,50
2003,65,F,88
2003,65,M,33
2003,66,F,77
2003,66,M,29
2003,67,F,71
2003,67,M,22
2003,68,F,69
2003,68,M,23
2003,69,F,78
2003,69,M,41
2003,70,F,83
2003,70,M,19
2003,71,F,78
2003,71,M,36
2003,72,F,64
2003,72,M,40
2003,73,F,75
2003,73,M,43
2003,74,F,71
2003,74,M,46
2003,75,F,76
2003,75,M,37
2003,76,F,83
2003,76,M,26
2003,77,F,64
2003,77,M,36
2003,78,F,79
2003,78,M,30
2003,79,F,78
2003,79,M,16
2003,80,F,115
2003,80,M,44
2003,81,F,68
2003,81,M,32
2003,82,F,66
2003,82,M,29
2003,83,F,71
2003,83,M,14
2003,84,F,64
2003,84,M,21
2003,85,F,46
2003,85,M,13
2003,86,F,58
2003,86,M,8
2003,87,F,32
2003,87,M,16
2003,88,F,28
2003,88,M,4
2003,89,F,28
2003,89,M,5
2003,90,F,22
2003,90,M,8
2003,91,F,17
2003,91,M,10
2003,92,F,14
2003,92,M,5
2003,93,F,9
2003,93,M,7
2003,94,F,11
2003,94,M,1
2003,95,F,3
2003,95,M,0
2003,96,F,2
2003,96,M,1
2003,97,F,3
2003,97,M,0
2003,98,F,2
2003,98,M,0
2003,99,F,0
2003,99,M,0
2003,100,F,0
2003,100,M,0
2003,101,F,4
2003,101,M,0
2003,102,F,0
2003,102,M,1
2003,103,F,0
2003,103,M,0
2003,104,F,0
2003,104,M,0
2003,105,F,0
2003,105,M,0
2003,106,F,0
2003,106,M,0
2003,107,F,0
2003,107,M,0
2003,108,F,0
2003,108,M,0
2003,109,F,0
2003,109,M,0
2003,110,F,0
2003,110,M,0
2004,0,F,0
2004,0,M,0
2004,1,F,0
2004,1,M,0
2004,2,F,0
2004,2,M,0
2004,3,F,427
2004,3,M,679
2004,4,F,456
2004,4,M,763
2004,5,F,400
2004,5,M,534
2004,6,F,278
2004,6,M,413
2004,7,F,170
2004,7,M,381
2004,8,F,173
2004,8,M,326
2004,9,F,195
2004,9,M,195
2004,10,F,137
2004,10,M,217
2004,11,F,121
2004,11,M,171
2004,12,F,94
2004,12,M,121
2004,13,F,104
2004,13,M,154
2004,14,F,102
2004,14,M,145
2004,15,F,111
2004,15,M,112
2004,16,F,172
2004,16,M,91
2004,17,F,157
2004,17,M,71
2004,18,F,96
2004,18,M,73
2004,19,F,99
2004,19,M,57
2004,20,F,113
2004,20,M,124
2004,21,F,115
2004,21,M,109
2004,22,F,165
2004,22,M,113
2004,23,F,169
2004,23,M,120
2004,24,F,136
2004,24,M,82
2004,25,F,113
2004,25,M,94
2004,26,F,129
2004,26,M,90
2004,27,F,115
2004,27,M,104
2004,28,F,147
2004,28,M,93
2004,29,F,88
2004,29,M,109
2004,30,F,105
2004,30,M,49
2004,31,F,102
2004,31,M,93
2004,32,F,106
2004,32,M,79
2004,33,F,110
2004,33,M,99
2004,34,F,137
2004,34,M,48
2004,35,F,74
2004,35,M,35
2004,36,F,99
2004,36,M,47
2004,37,F,132
2004,37,M,33
2004,38,F,110
2004,38,M,71
2004,39,F,164
2004,39,M,58
2004,40,F,107
2004,40,M,38
2004,41,F,136
2004,41,M,58
2004,42,F,166
2004,42,M,80
2004,43,F,144
2004,43,M,56
2004,44,F,106
2004,44,M,37
2004,45,F,97
2004,45,M,41
2004,46,F,146
2004,46,M,33
2004,47,F,101
2004,47,M,51
2004,48,F,141
2004,48,M,33
2004,49,F,132
2004,49,M,62
2004,50,F,92
2004,50,M,46
2004,51,F,102
2004,51,M,26
2004,52,F,142
2004,52,M,45
2004,53,F,113
2004,53,M,52
2004,54,F,90
2004,54,M,40
2004,55,F,154
2004,55,M,56
2004,56,F,154
2004,56,M,45
2004,57,F,118
2004,57,M,52
2004,58,F,86
2004,58,M,32
2004,59,F,106
2004,59,M,30
2004,60,F,115
2004,60,M,45
2004,61,F,105
2004,61,M,80
2004,62,F,90
2004,62,M,39
2004,63,F,129
2004,63,M,32
2004,64,F,96
2004,64,M,41
2004,65,F,78
2004,65,M,15
2004,66,F,76
2004,66,M,33
2004,67,F,82
2004,67,M,35
2004,68,F,71
2004,68,M,30
2004,69,F,73
2004,69,M,30
2004,70,F,66
2004,70,M,44
2004,71,F,98
2004,71,M,25
2004,72,F,87
2004,72,M,53
2004,73,F,76
2004,73,M,37
2004,74,F,102
2004,74,M,40
2004,75,F,67
2004,75,M,41
2004,76,F,78
2004,76,M,35
2004,77,F,79
2004,77,M,30
2004,78,F,92
2004,78,M,36
2004,79,F,74
2004,79,M,27
2004,80,F,60
2004,80,M,29
2004,81,F,87
2004,81,M,42
2004,82,F,70
2004,82,M,23
2004,83,F,81
2004,83,M,17
2004,84,F,78
2004,84,M,11
2004,85,F,66
2004,85,M,10
2004,86,F,42
2004,86,M,21
2004,87,F,60
2004,87,M,22
2004,88,F,35
2004,88,M,10
2004,89,F,34
2004,89,M,18
2004,90,F,22
2004,90,M,5
2004,91,F,26
2004,91,M,10
2004,92,F,23
2004,92,M,7
2004,93,F,11
2004,93,M,6
2004,94,F,11
2004,94,M,3
2004,95,F,9
2004,95,M,2
2004,96,F,2
2004,96,M,3
2004,97,F,3
2004,97,M,0
2004,98,F,5
2004,98,M,0
2004,99,F,2
2004,99,M,0
2004,100,F,2
2004,100,M,0
2004,101,F,5
2004,101,M,0
2004,102,F,2
2004,102,M,0
2004,103,F,0
2004,103,M,0
2004,104,F,0
2004,104,M,0
2004,105,F,0
2004,105,M,0
2004,106,F,0
2004,106,M,0
2004,107,F,0
2004,107,M,0
2004,108,F,0
2004,108,M,0
2004,109,F,0
2004,109,M,0
2004,110,F,0
2004,110,M,0
2005,0,F,0
2005,0,M,0
2005,1,F,0
2005,1,M,0
2005,2,F,0
2005,2,M,0
2005,3,F,627
2005,3,M,877
2005,4,F,532
2005,4,M,821
2005,5,F,410
2005,5,M,752
2005,6,F,369
2005,6,M,533
2005,7,F,305
2005,7,M,464
2005,8,F,208
2005,8,M,368
2005,9,F,175
2005,9,M,311
2005,10,F,155
2005,10,M,251
2005,11,F,145
2005,11,M,188
2005,12,F,113
2005,12,M,141
2005,13,F,115
2005,13,M,127
2005,14,F,146
2005,14,M,100
2005,15,F,106
2005,15,M,132
2005,16,F,127
2005,16,M,115
2005,17,F,145
2005,17,M,91
2005,18,F,89
2005,18,M,76
2005,19,F,92
2005,19,M,110
2005,20,F,129
2005,20,M,82
2005,21,F,182
2005,21,M,106
2005,22,F,117
2005,22,M,130
2005,23,F,135
2005,23,M,97
2005,24,F,141
2005,24,M,118
2005,25,F,130
2005,25,M,88
2005,26,F,138
2005,26,M,89
2005,27,F,154
2005,27,M,70
2005,28,F,116
2005,28,M,106
2005,29,F,161
2005,29,M,96
2005,30,F,98
2005,30,M,63
2005,31,F,99
2005,31,M,54
2005,32,F,116
2005,32,M,69
2005,33,F,171
2005,33,M,78
2005,34,F,177
2005,34,M,65
2005,35,F,135
2005,35,M,67
2005,36,F,86
2005,36,M,63
2005,37,F,152
2005,37,M,67
2005,38,F,125
2005,38,M,63
2005,39,F,96
2005,39,M,41
2005,40,F,104
2005,40,M,71
2005,41,F,166
2005,41,M,48
2005,42,F,146
2005,42,M,59
2005,43,F,150
2005,43,M,72
2005,44,F,141
2005,44,M,70
2005,45,F,145
2005,45,M,63
2005,46,F,124
2005,46,M,32
2005,47,F,102
2005,47,M,32
2005,48,F,120
2005,48,M,56
2005,49,F,121
2005,49,M,28
2005,50,F,95
2005,50,M,59
2005,51,F,130
2005,51,M,43
2005,52,F,122
2005,52,M,38
2005,53,F,133
2005,53,M,59
2005,54,F,113
2005,54,M,25
2005,55,F,109
2005,55,M,52
2005,56,F,108
2005,56,M,53
2005,57,F,134
2005,57,M,36
2005,58,F,133
2005,58,M,64
2005,59,F,113
2005,59,M,42
2005,60,F,99
2005,60,M,44
2005,61,F,104
2005,61,M,42
2005,62,F,92
2005,62,M,62
2005,63,F,88
2005,63,M,31
2005,64,F,100
2005,64,M,40
2005,65,F,109
2005,65,M,29
2005,66,F,83
2005,66,M,26
2005,67,F,76
2005,67,M,36
2005,68,F,90
2005,68,M,35
2005,69,F,88
2005,69,M,49
2005,70,F,89
2005,70,M,45
2005,71,F,115
2005,71,M,29
2005,72,F,94
2005,72,M,45
2005,73,F,102
2005,73,M,44
2005,74,F,69
2005,74,M,40
2005,75,F,79
2005,75,M,35
2005,76,F,94
2005,76,M,37
2005,77,F,78
2005,77,M,29
2005,78,F,79
2005,78,M,31
2005,79,F,116
2005,79,M,34
2005,80,F,74
2005,80,M,40
2005,81,F,100
2005,81,M,27
2005,82,F,86
2005,82,M,41
2005,83,F,56
2005,83,M,30
2005,84,F,83
2005,84,M,23
2005,85,F,92
2005,85,M,22
2005,86,F,71
2005,86,M,8
2005,87,F,47
2005,87,M,12
2005,88,F,28
2005,88,M,13
2005,89,F,37
2005,89,M,13
2005,90,F,18
2005,90,M,9
2005,91,F,30
2005,91,M,11
2005,92,F,12
2005,92,M,9
2005,93,F,7
2005,93,M,1
2005,94,F,11
2005,94,M,12
2005,95,F,6
2005,95,M,5
2005,96,F,2
2005,96,M,0
2005,97,F,2
2005,97,M,3
2005,98,F,1
2005,98,M,2
2005,99,F,1
2005,99,M,0
2005,100,F,3
2005,100,M,0
2005,101,F,2
2005,101,M,0
2005,102,F,1
2005,102,M,0
2005,103,F,4
2005,103,M,0
2005,104,F,0
2005,104,M,0
2005,105,F,0
2005,105,M,0
2005,106,F,0
2005,106,M,0
2005,107,F,0
2005,107,M,0
2005,108,F,0
2005,108,M,0
2005,109,F,0
2005,109,M,0
2005,110,F,0
2005,110,M,0
2006,0,F,0
2006,0,M,0
2006,1,F,0
2006,1,M,0
2006,2,F,0
2006,2,M,0
2006,3,F,396
2006,3,M,702
2006,4,F,446
2006,4,M,668
2006,5,F,345
2006,5,M,549
2006,6,F,304
2006,6,M,438
2006,7,F,168
2006,7,M,320
2006,8,F,154
2006,8,M,237
2006,9,F,160
2006,9,M,229
2006,10,F,123
2006,10,M,172
2006,11,F,108
2006,11,M,151
2006,12,F,102
2006,12,M,128
2006,13,F,70
2006,13,M,106
2006,14,F,56
2006,14,M,72
2006,15,F,69
2006,15,M,78
2006,16,F,91
2006,16,M,65
2006,17,F,84
2006,17,M,45
2006,18,F,90
2006,18,M,60
2006,19,F,103
2006,19,M,55
2006,20,F,80
2006,20,M,69
2006,21,F,118
2006,21,M,63
2006,22,F,127
2006,22,M,78
2006,23,F,103
2006,23,M,83
2006,24,F,87
2006,24,M,83
2006,25,F,102
2006,25,M,64
2006,26,F,111
2006,26,M,79
2006,27,F,105
2006,27,M,63
2006,28,F,116
2006,28,M,93
2006,29,F,115
2006,29,M,105
2006,30,F,126
2006,30,M,67
2006,31,F,102
2006,31,M,54
2006,32,F,103
2006,32,M,52
2006,33,F,80
2006,33,M,79
2006,34,F,133
2006,34,M,70
2006,35,F,105
2006,35,M,53
2006,36,F,118
2006,36,M,73
2006,37,F,99
2006,37,M,35
2006,38,F,95
2006,38,M,35
2006,39,F,105
2006,39,M,48
2006,40,F,97
2006,40,M,55
2006,41,F,102
2006,41,M,61
2006,42,F,97
2006,42,M,46
2006,43,F,132
2006,43,M,50
2006,44,F,96
2006,44,M,41
2006,45,F,122
2006,45,M,39
2006,46,F,92
2006,46,M,42
2006,47,F,104
2006,47,M,31
2006,48,F,94
2006,48,M,45
2006,49,F,91
2006,49,M,61
2006,50,F,111
2006,50,M,43
2006,51,F,92
2006,51,M,37
2006,52,F,105
2006,52,M,38
2006,53,F,108
2006,53,M,29
2006,54,F,66
2006,54,M,37
2006,55,F,79
2006,55,M,20
2006,56,F,113
2006,56,M,39
2006,57,F,82
2006,57,M,42
2006,58,F,116
2006,58,M,30
2006,59,F,100
2006,59,M,34
2006,60,F,102
2006,60,M,31
2006,61,F,68
2006,61,M,19
2006,62,F,54
2006,62,M,35
2006,63,F,57
2006,63,M,30
2006,64,F,81
2006,64,M,7
2006,65,F,58
2006,65,M,28
2006,66,F,73
2006,66,M,21
2006,67,F,47
2006,67,M,17
2006,68,F,55
2006,68,M,15
2006,69,F,49
2006,69,M,20
2006,70,F,53
2006,70,M,9
2006,71,F,65
2006,71,M,25
2006,72,F,47
2006,72,M,32
2006,73,F,57
2006,73,M,22
2006,74,F,64
2006,74,M,24
2006,75,F,45
2006,75,M,23
2006,76,F,63
2006,76,M,15
2006,77,F,53
2006,77,M,21
2006,78,F,77
2006,78,M,22
2006,79,F,54
2006,79,M,11
2006,80,F,44
2006,80,M,17
2006,81,F,60
2006,81,M,24
2006,82,F,50
2006,82,M,17
2006,83,F,54
2006,83,M,12
2006,84,F,37
2006,84,M,17
2006,85,F,38
2006,85,M,11
2006,86,F,46
2006,86,M,15
2006,87,F,37
2006,87,M,9
2006,88,F,25
2006,88,M,4
2006,89,F,26
2006,89,M,8
2006,90,F,23
2006,90,M,4
2006,91,F,18
2006,91,M,3
2006,92,F,13
2006,92,M,3
2006,93,F,5
2006,93,M,5
2006,94,F,12
2006,94,M,0
2006,95,F,4
2006,95,M,3
2006,96,F,0
2006,96,M,1
2006,97,F,2
2006,97,M,0
2006,98,F,0
2006,98,M,0
2006,99,F,0
2006,99,M,1
2006,100,F,2
2006,100,M,0
2006,101,F,1
2006,101,M,1
2006,102,F,0
2006,102,M,0
2006,103,F,0
2006,103,M,0
2006,104,F,1
2006,104,M,0
2006,105,F,0
2006,105,M,0
2006,106,F,0
2006,106,M,0
2006,107,F,0
2006,107,M,0
2006,108,F,0
2006,108,M,0
2006,109,F,0
2006,109,M,0
2006,110,F,0
2006,110,M,0
2007,0,F,0
2007,0,M,0
2007,1,F,0
2007,1,M,0
2007,2,F,0
2007,2,M,0
2007,3,F,408
2007,3,M,701
2007,4,F,297
2007,4,M,494
2007,5,F,298
2007,5,M,444
2007,6,F,247
2007,6,M,305
2007,7,F,194
2007,7,M,279
2007,8,F,182
2007,8,M,209
2007,9,F,132
2007,9,M,191
2007,10,F,128
2007,10,M,186
2007,11,F,84
2007,11,M,134
2007,12,F,69
2007,12,M,107
2007,13,F,63
2007,13,M,82
2007,14,F,50
2007,14,M,66
2007,15,F,55
2007,15,M,37
2007,16,F,60
2007,16,M,62
2007,17,F,76
2007,17,M,58
2007,18,F,65
2007,18,M,42
2007,19,F,35
2007,19,M,50
2007,20,F,43
2007,20,M,70
2007,21,F,72
2007,21,M,62
2007,22,F,106
2007,22,M,47
2007,23,F,67
2007,23,M,69
2007,24,F,58
2007,24,M,71
2007,25,F,93
2007,25,M,80
2007,26,F,115
2007,26,M,80
2007,27,F,108
2007,27,M,38
2007,28,F,72
2007,28,M,74
2007,29,F,88
2007,29,M,87
2007,30,F,89
2007,30,M,68
2007,31,F,97
2007,31,M,64
2007,32,F,72
2007,32,M,57
2007,33,F,96
2007,33,M,72
2007,34,F,70
2007,34,M,36
2007,35,F,81
2007,35,M,86
2007,36,F,106
2007,36,M,58
2007,37,F,113
2007,37,M,63
2007,38,F,78
2007,38,M,41
2007,39,F,137
2007,39,M,32
2007,40,F,88
2007,40,M,22
2007,41,F,88
2007,41,M,39
2007,42,F,104
2007,42,M,40
2007,43,F,111
2007,43,M,30
2007,44,F,127
2007,44,M,32
2007,45,F,83
2007,45,M,37
2007,46,F,136
2007,46,M,37
2007,47,F,99
2007,47,M,46
2007,48,F,84
2007,48,M,52
2007,49,F,89
2007,49,M,22
2007,50,F,85
2007,50,M,39
2007,51,F,116
2007,51,M,22
2007,52,F,119
2007,52,M,27
2007,53,F,56
2007,53,M,32
2007,54,F,90
2007,54,M,30
2007,55,F,84
2007,55,M,38
2007,56,F,107
2007,56,M,25
2007,57,F,68
2007,57,M,25
2007,58,F,81
2007,58,M,30
2007,59,F,74
2007,59,M,27
2007,60,F,90
2007,60,M,19
2007,61,F,52
2007,61,M,29
2007,62,F,58
2007,62,M,17
2007,63,F,58
2007,63,M,34
2007,64,F,67
2007,64,M,13
2007,65,F,53
2007,65,M,30
2007,66,F,53
2007,66,M,25
2007,67,F,57
2007,67,M,15
2007,68,F,69
2007,68,M,14
2007,69,F,40
2007,69,M,24
2007,70,F,50
2007,70,M,19
2007,71,F,64
2007,71,M,10
2007,72,F,35
2007,72,M,15
2007,73,F,42
2007,73,M,17
2007,74,F,35
2007,74,M,13
2007,75,F,52
2007,75,M,21
2007,76,F,46
2007,76,M,14
2007,77,F,63
2007,77,M,10
2007,78,F,30
2007,78,M,15
2007,79,F,41
2007,79,M,25
2007,80,F,42
2007,80,M,23
2007,81,F,41
2007,81,M,15
2007,82,F,53
2007,82,M,24
2007,83,F,44
2007,83,M,4
2007,84,F,55
2007,84,M,16
2007,85,F,34
2007,85,M,13
2007,86,F,34
2007,86,M,15
2007,87,F,38
2007,87,M,5
2007,88,F,26
2007,88,M,1
2007,89,F,16
2007,89,M,3
2007,90,F,15
2007,90,M,1
2007,91,F,22
2007,91,M,2
2007,92,F,14
2007,92,M,1
2007,93,F,9
2007,93,M,1
2007,94,F,5
2007,94,M,0
2007,95,F,2
2007,95,M,0
2007,96,F,7
2007,96,M,1
2007,97,F,0
2007,97,M,0
2007,98,F,1
2007,98,M,0
2007,99,F,3
2007,99,M,0
2007,100,F,5
2007,100,M,1
2007,101,F,0
2007,101,M,0
2007,102,F,0
2007,102,M,0
2007,103,F,0
2007,103,M,0
2007,104,F,0
2007,104,M,0
2007,105,F,0
2007,105,M,0
2007,106,F,0
2007,106,M,0
2007,107,F,0
2007,107,M,0
2007,108,F,0
2007,108,M,0
2007,109,F,0
2007,109,M,0
2007,110,F,0
2007,110,M,0
2008,0,F,0
2008,0,M,0
2008,1,F,0
2008,1,M,0
2008,2,F,0
2008,2,M,0
2008,3,F,415
2008,3,M,801
2008,4,F,320
2008,4,M,621
2008,5,F,256
2008,5,M,485
2008,6,F,257
2008,6,M,391
2008,7,F,166
2008,7,M,311
2008,8,F,143
2008,8,M,199
2008,9,F,116
2008,9,M,165
2008,10,F,90
2008,10,M,144
2008,11,F,82
2008,11,M,121
2008,12,F,63
2008,12,M,90
2008,13,F,71
2008,13,M,74
2008,14,F,68
2008,14,M,57
2008,15,F,55
2008,15,M,35
2008,16,F,42
2008,16,M,41
2008,17,F,93
2008,17,M,64
2008,18,F,69
2008,18,M,34
2008,19,F,49
2008,19,M,49
2008,20,F,40
2008,20,M,42
2008,21,F,63
2008,21,M,23
2008,22,F,58
2008,22,M,64
2008,23,F,92
2008,23,M,56
2008,24,F,61
2008,24,M,75
2008,25,F,46
2008,25,M,51
2008,26,F,80
2008,26,M,58
2008,27,F,61
2008,27,M,46
2008,28,F,63
2008,28,M,51
2008,29,F,118
2008,29,M,52
2008,30,F,71
2008,30,M,65
2008,31,F,73
2008,31,M,46
2008,32,F,118
2008,32,M,55
2008,33,F,81
2008,33,M,59
2008,34,F,90
2008,34,M,30
2008,35,F,76
2008,35,M,35
2008,36,F,93
2008,36,M,46
2008,37,F,76
2008,37,M,50
2008,38,F,98
2008,38,M,50
2008,39,F,73
2008,39,M,33
2008,40,F,69
2008,40,M,20
2008,41,F,82
2008,41,M,35
2008,42,F,81
2008,42,M,25
2008,43,F,107
2008,43,M,38
2008,44,F,123
2008,44,M,42
2008,45,F,85
2008,45,M,48
2008,46,F,98
2008,46,M,38
2008,47,F,114
2008,47,M,68
2008,48,F,78
2008,48,M,26
2008,49,F,121
2008,49,M,24
2008,50,F,73
2008,50,M,41
2008,51,F,95
2008,51,M,18
2008,52,F,68
2008,52,M,25
2008,53,F,76
2008,53,M,24
2008,54,F,81
2008,54,M,20
2008,55,F,109
2008,55,M,26
2008,56,F,80
2008,56,M,14
2008,57,F,61
2008,57,M,31
2008,58,F,79
2008,58,M,29
2008,59,F,67
2008,59,M,19
2008,60,F,88
2008,60,M,22
2008,61,F,56
2008,61,M,25
2008,62,F,61
2008,62,M,17
2008,63,F,59
2008,63,M,15
2008,64,F,66
2008,64,M,23
2008,65,F,84
2008,65,M,20
2008,66,F,47
2008,66,M,28
2008,67,F,38
2008,67,M,19
2008,68,F,41
2008,68,M,11
2008,69,F,51
2008,69,M,5
2008,70,F,32
2008,70,M,16
2008,71,F,37
2008,71,M,9
2008,72,F,47
2008,72,M,11
2008,73,F,48
2008,73,M,11
2008,74,F,45
2008,74,M,35
2008,75,F,23
2008,75,M,12
2008,76,F,39
2008,76,M,13
2008,77,F,50
2008,77,M,9
2008,78,F,53
2008,78,M,15
2008,79,F,55
2008,79,M,20
2008,80,F,37
2008,80,M,22
2008,81,F,20
2008,81,M,9
2008,82,F,34
2008,82,M,18
2008,83,F,50
2008,83,M,15
2008,84,F,33
2008,84,M,9
2008,85,F,38
2008,85,M,19
2008,86,F,38
2008,86,M,10
2008,87,F,22
2008,87,M,8
2008,88,F,24
2008,88,M,7
2008,89,F,22
2008,89,M,4
2008,90,F,17
2008,90,M,6
2008,91,F,13
2008,91,M,2
2008,92,F,18
2008,92,M,4
2008,93,F,8
2008,93,M,2
2008,94,F,13
2008,94,M,2
2008,95,F,7
2008,95,M,2
2008,96,F,4
2008,96,M,1
2008,97,F,0
2008,97,M,0
2008,98,F,2
2008,98,M,1
2008,99,F,1
2008,99,M,0
2008,100,F,1
2008,100,M,1
2008,101,F,2
2008,101,M,0
2008,102,F,0
2008,102,M,0
2008,103,F,1
2008,103,M,0
2008,104,F,0
2008,104,M,0
2008,105,F,0
2008,105,M,0
2008,106,F,0
2008,106,M,0
2008,107,F,0
2008,107,M,0
2008,108,F,0
2008,108,M,0
2008,109,F,0
2008,109,M,0
2008,110,F,0
2008,110,M,0
2009,0,F,0
2009,0,M,0
2009,1,F,0
2009,1,M,0
2009,2,F,0
2009,2,M,0
2009,3,F,394
2009,3,M,744
2009,4,F,343
2009,4,M,592
2009,5,F,245
2009,5,M,454
2009,6,F,212
2009,6,M,308
2009,7,F,171
2009,7,M,251
2009,8,F,121
2009,8,M,209
2009,9,F,108
2009,9,M,172
2009,10,F,97
2009,10,M,155
2009,11,F,94
2009,11,M,111
2009,12,F,71
2009,12,M,97
2009,13,F,58
2009,13,M,88
2009,14,F,53
2009,14,M,39
2009,15,F,73
2009,15,M,46
2009,16,F,66
2009,16,M,50
2009,17,F,60
2009,17,M,41
2009,18,F,64
2009,18,M,35
2009,19,F,53
2009,19,M,35
2009,20,F,58
2009,20,M,45
2009,21,F,60
2009,21,M,32
2009,22,F,49
2009,22,M,47
2009,23,F,48
2009,23,M,62
2009,24,F,71
2009,24,M,78
2009,25,F,103
2009,25,M,54
2009,26,F,88
2009,26,M,95
2009,27,F,87
2009,27,M,40
2009,28,F,74
2009,28,M,49
2009,29,F,107
2009,29,M,54
2009,30,F,82
2009,30,M,35
2009,31,F,85
2009,31,M,49
2009,32,F,89
2009,32,M,53
2009,33,F,84
2009,33,M,51
2009,34,F,62
2009,34,M,51
2009,35,F,102
2009,35,M,56
2009,36,F,117
2009,36,M,40
2009,37,F,86
2009,37,M,46
2009,38,F,71
2009,38,M,37
2009,39,F,83
2009,39,M,54
2009,40,F,77
2009,40,M,35
2009,41,F,73
2009,41,M,38
2009,42,F,83
2009,42,M,46
2009,43,F,98
2009,43,M,39
2009,44,F,116
2009,44,M,36
2009,45,F,106
2009,45,M,22
2009,46,F,98
2009,46,M,49
2009,47,F,78
2009,47,M,28
2009,48,F,92
2009,48,M,30
2009,49,F,101
2009,49,M,45
2009,50,F,85
2009,50,M,37
2009,51,F,70
2009,51,M,32
2009,52,F,99
2009,52,M,24
2009,53,F,88
2009,53,M,30
2009,54,F,114
2009,54,M,24
2009,55,F,76
2009,55,M,28
2009,56,F,112
2009,56,M,23
2009,57,F,79
2009,57,M,17
2009,58,F,63
2009,58,M,18
2009,59,F,74
2009,59,M,11
2009,60,F,70
2009,60,M,38
2009,61,F,105
2009,61,M,28
2009,62,F,47
2009,62,M,27
2009,63,F,57
2009,63,M,13
2009,64,F,50
2009,64,M,5
2009,65,F,34
2009,65,M,23
2009,66,F,44
2009,66,M,9
2009,67,F,29
2009,67,M,27
2009,68,F,42
2009,68,M,12
2009,69,F,61
2009,69,M,11
2009,70,F,38
2009,70,M,6
2009,71,F,48
2009,71,M,12
2009,72,F,31
2009,72,M,17
2009,73,F,37
2009,73,M,9
2009,74,F,40
2009,74,M,8
2009,75,F,44
2009,75,M,21
2009,76,F,40
2009,76,M,12
2009,77,F,53
2009,77,M,8
2009,78,F,47
2009,78,M,26
2009,79,F,66
2009,79,M,16
2009,80,F,47
2009,80,M,19
2009,81,F,29
2009,81,M,16
2009,82,F,49
2009,82,M,32
2009,83,F,42
2009,83,M,23
2009,84,F,25
2009,84,M,11
2009,85,F,39
2009,85,M,6
2009,86,F,42
2009,86,M,8
2009,87,F,38
2009,87,M,12
2009,88,F,23
2009,88,M,7
2009,89,F,25
2009,89,M,0
2009,90,F,18
2009,90,M,7
2009,91,F,10
2009,91,M,2
2009,92,F,13
2009,92,M,4
2009,93,F,12
2009,93,M,2
2009,94,F,8
2009,94,M,1
2009,95,F,7
2009,95,M,1
2009,96,F,4
2009,96,M,1
2009,97,F,1
2009,97,M,2
2009,98,F,2
2009,98,M,0
2009,99,F,1
2009,99,M,1
2009,100,F,4
2009,100,M,0
2009,101,F,0
2009,101,M,0
2009,102,F,2
2009,102,M,0
2009,103,F,0
2009,103,M,0
2009,104,F,0
2009,104,M,0
2009,105,F,1
2009,105,M,0
2009,106,F,0
2009,106,M,0
2009,107,F,0
2009,107,M,0
2009,108,F,0
2009,108,M,0
2009,109,F,0
2009,109,M,0
2009,110,F,0
2009,110,M,0
2010,0,F,0
2010,0,M,0
2010,1,F,0
2010,1,M,0
2010,2,F,0
2010,2,M,0
2010,3,F,478
2010,3,M,846
2010,4,F,355
2010,4,M,520
2010,5,F,299
2010,5,M,447
2010,6,F,218
2010,6,M,335
2010,7,F,151
2010,7,M,269
2010,8,F,137
2010,8,M,224
2010,9,F,133
2010,9,M,163
2010,10,F,102
2010,10,M,149
2010,11,F,59
2010,11,M,94
2010,12,F,51
2010,12,M,99
2010,13,F,46
2010,13,M,83
2010,14,F,50
2010,14,M,47
2010,15,F,75
2010,15,M,34
2010,16,F,44
2010,16,M,39
2010,17,F,58
2010,17,M,49
2010,18,F,31
2010,18,M,27
2010,19,F,57
2010,19,M,41
2010,20,F,47
2010,20,M,41
2010,21,F,63
2010,21,M,26
2010,22,F,73
2010,22,M,38
2010,23,F,56
2010,23,M,35
2010,24,F,43
2010,24,M,49
2010,25,F,106
2010,25,M,68
2010,26,F,57
2010,26,M,66
2010,27,F,71
2010,27,M,68
2010,28,F,82
2010,28,M,34
2010,29,F,50
2010,29,M,37
2010,30,F,57
2010,30,M,44
2010,31,F,87
2010,31,M,38
2010,32,F,84
2010,32,M,49
2010,33,F,73
2010,33,M,43
2010,34,F,88
2010,34,M,54
2010,35,F,95
2010,35,M,43
2010,36,F,107
2010,36,M,59
2010,37,F,57
2010,37,M,47
2010,38,F,98
2010,38,M,42
2010,39,F,105
2010,39,M,52
2010,40,F,102
2010,40,M,74
2010,41,F,67
2010,41,M,53
2010,42,F,84
2010,42,M,30
2010,43,F,57
2010,43,M,32
2010,44,F,75
2010,44,M,49
2010,45,F,89
2010,45,M,43
2010,46,F,89
2010,46,M,30
2010,47,F,99
2010,47,M,43
2010,48,F,76
2010,48,M,41
2010,49,F,81
2010,49,M,21
2010,50,F,86
2010,50,M,42
2010,51,F,86
2010,51,M,19
2010,52,F,86
2010,52,M,18
2010,53,F,73
2010,53,M,21
2010,54,F,53
2010,54,M,25
2010,55,F,48
2010,55,M,28
2010,56,F,75
2010,56,M,19
2010,57,F,70
2010,57,M,22
2010,58,F,53
2010,58,M,21
2010,59,F,59
2010,59,M,12
2010,60,F,70
2010,60,M,15
2010,61,F,54
2010,61,M,19
2010,62,F,47
2010,62,M,27
2010,63,F,60
2010,63,M,24
2010,64,F,25
2010,64,M,21
2010,65,F,50
2010,65,M,12
2010,66,F,62
2010,66,M,14
2010,67,F,49
2010,67,M,20
2010,68,F,55
2010,68,M,13
2010,69,F,36
2010,69,M,11
2010,70,F,38
2010,70,M,25
2010,71,F,64
2010,71,M,12
2010,72,F,39
2010,72,M,12
2010,73,F,54
2010,73,M,13
2010,74,F,50
2010,74,M,23
2010,75,F,39
2010,75,M,19
2010,76,F,39
2010,76,M,12
2010,77,F,37
2010,77,M,23
2010,78,F,66
2010,78,M,13
2010,79,F,36
2010,79,M,14
2010,80,F,36
2010,80,M,13
2010,81,F,27
2010,81,M,5
2010,82,F,46
2010,82,M,9
2010,83,F,38
2010,83,M,10
2010,84,F,47
2010,84,M,9
2010,85,F,36
2010,85,M,4
2010,86,F,31
2010,86,M,9
2010,87,F,48
2010,87,M,4
2010,88,F,32
2010,88,M,5
2010,89,F,18
2010,89,M,5
2010,90,F,32
2010,90,M,9
2010,91,F,13
2010,91,M,3
2010,92,F,19
2010,92,M,4
2010,93,F,12
2010,93,M,2
2010,94,F,8
2010,94,M,1
2010,95,F,6
2010,95,M,1
2010,96,F,2
2010,96,M,0
2010,97,F,1
2010,97,M,0
2010,98,F,1
2010,98,M,0
2010,99,F,2
2010,99,M,0
2010,100,F,0
2010,100,M,0
2010,101,F,3
2010,101,M,0
2010,102,F,0
2010,102,M,0
2010,103,F,1
2010,103,M,0
2010,104,F,0
2010,104,M,0
2010,105,F,0
2010,105,M,0
2010,106,F,0
2010,106,M,0
2010,107,F,0
2010,107,M,0
2010,108,F,0
2010,108,M,0
2010,109,F,0
2010,109,M,0
2010,110,F,0
2010,110,M,0
2011,0,F,0
2011,0,M,0
2011,1,F,0
2011,1,M,0
2011,2,F,0
2011,2,M,0
2011,3,F,453
2011,3,M,797
2011,4,F,289
2011,4,M,538
2011,5,F,231
2011,5,M,345
2011,6,F,135
2011,6,M,285
2011,7,F,123
2011,7,M,203
2011,8,F,114
2011,8,M,188
2011,9,F,109
2011,9,M,153
2011,10,F,69
2011,10,M,149
2011,11,F,118
2011,11,M,112
2011,12,F,46
2011,12,M,98
2011,13,F,68
2011,13,M,83
2011,14,F,64
2011,14,M,49
2011,15,F,29
2011,15,M,56
2011,16,F,48
2011,16,M,28
2011,17,F,54
2011,17,M,27
2011,18,F,22
2011,18,M,27
2011,19,F,42
2011,19,M,26
2011,20,F,57
2011,20,M,40
2011,21,F,63
2011,21,M,41
2011,22,F,61
2011,22,M,38
2011,23,F,61
2011,23,M,53
2011,24,F,69
2011,24,M,37
2011,25,F,64
2011,25,M,52
2011,26,F,69
2011,26,M,50
2011,27,F,47
2011,27,M,44
2011,28,F,38
2011,28,M,78
2011,29,F,61
2011,29,M,42
2011,30,F,72
2011,30,M,37
2011,31,F,62
2011,31,M,40
2011,32,F,97
2011,32,M,33
2011,33,F,79
2011,33,M,49
2011,34,F,70
2011,34,M,42
2011,35,F,71
2011,35,M,53
2011,36,F,71
2011,36,M,46
2011,37,F,78
2011,37,M,52
2011,38,F,85
2011,38,M,29
2011,39,F,94
2011,39,M,38
2011,40,F,89
2011,40,M,14
2011,41,F,53
2011,41,M,48
2011,42,F,66
2011,42,M,35
2011,43,F,68
2011,43,M,34
2011,44,F,61
2011,44,M,33
2011,45,F,69
2011,45,M,53
2011,46,F,87
2011,46,M,34
2011,47,F,57
2011,47,M,50
2011,48,F,101
2011,48,M,42
2011,49,F,63
2011,49,M,17
2011,50,F,79
2011,50,M,58
2011,51,F,61
2011,51,M,19
2011,52,F,73
2011,52,M,32
2011,53,F,76
2011,53,M,21
2011,54,F,59
2011,54,M,28
2011,55,F,75
2011,55,M,17
2011,56,F,61
2011,56,M,19
2011,57,F,73
2011,57,M,36
2011,58,F,83
2011,58,M,23
2011,59,F,74
2011,59,M,26
2011,60,F,65
2011,60,M,27
2011,61,F,52
2011,61,M,11
2011,62,F,52
2011,62,M,14
2011,63,F,72
2011,63,M,14
2011,64,F,48
2011,64,M,27
2011,65,F,47
2011,65,M,20
2011,66,F,38
2011,66,M,10
2011,67,F,43
2011,67,M,18
2011,68,F,43
2011,68,M,13
2011,69,F,42
2011,69,M,15
2011,70,F,68
2011,70,M,9
2011,71,F,32
2011,71,M,13
2011,72,F,31
2011,72,M,7
2011,73,F,55
2011,73,M,20
2011,74,F,51
2011,74,M,24
2011,75,F,47
2011,75,M,17
2011,76,F,39
2011,76,M,13
2011,77,F,38
2011,77,M,21
2011,78,F,32
2011,78,M,22
2011,79,F,27
2011,79,M,7
2011,80,F,44
2011,80,M,14
2011,81,F,44
2011,81,M,7
2011,82,F,44
2011,82,M,8
2011,83,F,33
2011,83,M,16
2011,84,F,40
2011,84,M,8
2011,85,F,33
2011,85,M,26
2011,86,F,30
2011,86,M,11
2011,87,F,52
2011,87,M,13
2011,88,F,51
2011,88,M,6
2011,89,F,30
2011,89,M,9
2011,90,F,19
2011,90,M,1
2011,91,F,15
2011,91,M,5
2011,92,F,18
2011,92,M,2
2011,93,F,5
2011,93,M,4
2011,94,F,9
2011,94,M,2
2011,95,F,4
2011,95,M,0
2011,96,F,6
2011,96,M,1
2011,97,F,5
2011,97,M,0
2011,98,F,3
2011,98,M,0
2011,99,F,3
2011,99,M,0
2011,100,F,2
2011,100,M,0
2011,101,F,2
2011,101,M,2
2011,102,F,0
2011,102,M,0
2011,103,F,0
2011,103,M,0
2011,104,F,0
2011,104,M,0
2011,105,F,0
2011,105,M,0
2011,106,F,0
2011,106,M,0
2011,107,F,0
2011,107,M,0
2011,108,F,0
2011,108,M,0
2011,109,F,0
2011,109,M,0
2011,110,F,0
2011,110,M,0
2012,0,F,0
2012,0,M,0
2012,1,F,0
2012,1,M,0
2012,2,F,0
2012,2,M,0
2012,3,F,414
2012,3,M,840
2012,4,F,385
2012,4,M,523
2012,5,F,235
2012,5,M,448
2012,6,F,155
2012,6,M,247
2012,7,F,154
2012,7,M,255
2012,8,F,124
2012,8,M,200
2012,9,F,91
2012,9,M,161
2012,10,F,75
2012,10,M,134
2012,11,F,83
2012,11,M,155
2012,12,F,59
2012,12,M,105
2012,13,F,51
2012,13,M,62
2012,14,F,29
2012,14,M,57
2012,15,F,30
2012,15,M,44
2012,16,F,62
2012,16,M,29
2012,17,F,39
2012,17,M,28
2012,18,F,33
2012,18,M,30
2012,19,F,55
2012,19,M,13
2012,20,F,25
2012,20,M,50
2012,21,F,44
2012,21,M,26
2012,22,F,50
2012,22,M,29
2012,23,F,68
2012,23,M,56
2012,24,F,65
2012,24,M,56
2012,25,F,46
2012,25,M,40
2012,26,F,78
2012,26,M,32
2012,27,F,72
2012,27,M,40
2012,28,F,58
2012,28,M,47
2012,29,F,54
2012,29,M,60
2012,30,F,64
2012,30,M,73
2012,31,F,68
2012,31,M,57
2012,32,F,81
2012,32,M,77
2012,33,F,76
2012,33,M,40
2012,34,F,100
2012,34,M,52
2012,35,F,59
2012,35,M,72
2012,36,F,105
2012,36,M,49
2012,37,F,81
2012,37,M,33
2012,38,F,76
2012,38,M,44
2012,39,F,82
2012,39,M,29
2012,40,F,66
2012,40,M,18
2012,41,F,84
2012,41,M,40
2012,42,F,59
2012,42,M,42
2012,43,F,66
2012,43,M,23
2012,44,F,86
2012,44,M,33
2012,45,F,82
2012,45,M,34
2012,46,F,73
2012,46,M,43
2012,47,F,84
2012,47,M,51
2012,48,F,77
2012,48,M,38
2012,49,F,62
2012,49,M,33
2012,50,F,94
2012,50,M,38
2012,51,F,91
2012,51,M,52
2012,52,F,89
2012,52,M,29
2012,53,F,62
2012,53,M,36
2012,54,F,77
2012,54,M,13
2012,55,F,76
2012,55,M,24
2012,56,F,84
2012,56,M,20
2012,57,F,71
2012,57,M,25
2012,58,F,100
2012,58,M,28
2012,59,F,74
2012,59,M,28
2012,60,F,52
2012,60,M,37
2012,61,F,49
2012,61,M,20
2012,62,F,71
2012,62,M,24
2012,63,F,55
2012,63,M,27
2012,64,F,48
2012,64,M,30
2012,65,F,40
2012,65,M,26
2012,66,F,45
2012,66,M,20
2012,67,F,49
2012,67,M,12
2012,68,F,65
2012,68,M,28
2012,69,F,31
2012,69,M,6
2012,70,F,40
2012,70,M,10
2012,71,F,36
2012,71,M,19
2012,72,F,51
2012,72,M,7
2012,73,F,49
2012,73,M,27
2012,74,F,50
2012,74,M,26
2012,75,F,33
2012,75,M,6
2012,76,F,47
2012,76,M,21
2012,77,F,56
2012,77,M,23
2012,78,F,45
2012,78,M,11
2012,79,F,35
2012,79,M,17
2012,80,F,54
2012,80,M,20
2012,81,F,49
2012,81,M,16
2012,82,F,43
2012,82,M,10
2012,83,F,36
2012,83,M,5
2012,84,F,38
2012,84,M,15
2012,85,F,43
2012,85,M,6
2012,86,F,30
2012,86,M,7
2012,87,F,27
2012,87,M,10
2012,88,F,33
2012,88,M,3
2012,89,F,36
2012,89,M,1
2012,90,F,29
2012,90,M,1
2012,91,F,17
2012,91,M,7
2012,92,F,14
2012,92,M,2
2012,93,F,11
2012,93,M,1
2012,94,F,8
2012,94,M,2
2012,95,F,4
2012,95,M,0
2012,96,F,5
2012,96,M,2
2012,97,F,3
2012,97,M,0
2012,98,F,0
2012,98,M,0
2012,99,F,5
2012,99,M,1
2012,100,F,2
2012,100,M,0
2012,101,F,0
2012,101,M,0
2012,102,F,1
2012,102,M,0
2012,103,F,2
2012,103,M,0
2012,104,F,0
2012,104,M,0
2012,105,F,0
2012,105,M,0
2012,106,F,0
2012,106,M,0
2012,107,F,0
2012,107,M,0
2012,108,F,0
2012,108,M,0
2012,109,F,0
2012,109,M,0
2012,110,F,0
2012,110,M,0
2013,0,F,0
2013,0,M,0
2013,1,F,0
2013,1,M,0
2013,2,F,0
2013,2,M,0
2013,3,F,340
2013,3,M,909
2013,4,F,315
2013,4,M,593
2013,5,F,275
2013,5,M,466
2013,6,F,200
2013,6,M,289
2013,7,F,140
2013,7,M,175
2013,8,F,128
2013,8,M,166
2013,9,F,101
2013,9,M,145
2013,10,F,87
2013,10,M,131
2013,11,F,83
2013,11,M,86
2013,12,F,68
2013,12,M,83
2013,13,F,49
2013,13,M,70
2013,14,F,30
2013,14,M,34
2013,15,F,40
2013,15,M,36
2013,16,F,45
2013,16,M,23
2013,17,F,48
2013,17,M,28
2013,18,F,41
2013,18,M,28
2013,19,F,42
2013,19,M,24
2013,20,F,49
2013,20,M,23
2013,21,F,46
2013,21,M,29
2013,22,F,38
2013,22,M,14
2013,23,F,57
2013,23,M,46
2013,24,F,53
2013,24,M,39
2013,25,F,50
2013,25,M,29
2013,26,F,69
2013,26,M,41
2013,27,F,59
2013,27,M,45
2013,28,F,66
2013,28,M,71
2013,29,F,51
2013,29,M,60
2013,30,F,62
2013,30,M,51
2013,31,F,78
2013,31,M,55
2013,32,F,56
2013,32,M,49
2013,33,F,77
2013,33,M,57
2013,34,F,66
2013,34,M,53
2013,35,F,91
2013,35,M,49
2013,36,F,71
2013,36,M,60
2013,37,F,69
2013,37,M,49
2013,38,F,85
2013,38,M,46
2013,39,F,61
2013,39,M,53
2013,40,F,87
2013,40,M,48
2013,41,F,100
2013,41,M,48
2013,42,F,70
2013,42,M,44
2013,43,F,75
2013,43,M,36
2013,44,F,59
2013,44,M,34
2013,45,F,60
2013,45,M,41
2013,46,F,71
2013,46,M,31
2013,47,F,77
2013,47,M,30
2013,48,F,96
2013,48,M,43
2013,49,F,85
2013,49,M,40
2013,50,F,79
2013,50,M,42
2013,51,F,76
2013,51,M,37
2013,52,F,81
2013,52,M,46
2013,53,F,62
2013,53,M,43
2013,54,F,86
2013,54,M,31
2013,55,F,67
2013,55,M,16
2013,56,F,84
2013,56,M,24
2013,57,F,57
2013,57,M,35
2013,58,F,74
2013,58,M,19
2013,59,F,69
2013,59,M,30
2013,60,F,72
2013,60,M,25
2013,61,F,77
2013,61,M,27
2013,62,F,63
2013,62,M,30
2013,63,F,80
2013,63,M,23
2013,64,F,70
2013,64,M,36
2013,65,F,61
2013,65,M,23
2013,66,F,44
2013,66,M,11
2013,67,F,40
2013,67,M,28
2013,68,F,45
2013,68,M,37
2013,69,F,26
2013,69,M,16
2013,70,F,43
2013,70,M,23
2013,71,F,36
2013,71,M,20
2013,72,F,44
2013,72,M,14
2013,73,F,63
2013,73,M,16
2013,74,F,41
2013,74,M,22
2013,75,F,67
2013,75,M,20
2013,76,F,38
2013,76,M,11
2013,77,F,62
2013,77,M,29
2013,78,F,49
2013,78,M,11
2013,79,F,42
2013,79,M,16
2013,80,F,28
2013,80,M,9
2013,81,F,36
2013,81,M,13
2013,82,F,51
2013,82,M,14
2013,83,F,49
2013,83,M,17
2013,84,F,60
2013,84,M,12
2013,85,F,53
2013,85,M,15
2013,86,F,45
2013,86,M,15
2013,87,F,47
2013,87,M,9
2013,88,F,21
2013,88,M,3
2013,89,F,24
2013,89,M,5
2013,90,F,24
2013,90,M,8
2013,91,F,21
2013,91,M,6
2013,92,F,12
2013,92,M,0
2013,93,F,11
2013,93,M,3
2013,94,F,8
2013,94,M,3
2013,95,F,11
2013,95,M,2
2013,96,F,3
2013,96,M,0
2013,97,F,4
2013,97,M,1
2013,98,F,3
2013,98,M,0
2013,99,F,1
2013,99,M,0
2013,100,F,3
2013,100,M,1
2013,101,F,5
2013,101,M,0
2013,102,F,1
2013,102,M,0
2013,103,F,0
2013,103,M,0
2013,104,F,1
2013,104,M,0
2013,105,F,1
2013,105,M,0
2013,106,F,1
2013,106,M,0
2013,107,F,0
2013,107,M,0
2013,108,F,0
2013,108,M,0
2013,109,F,0
2013,109,M,0
2013,110,F,0
2013,110,M,0
2014,0,F,0
2014,0,M,0
2014,1,F,0
2014,1,M,0
2014,2,F,0
2014,2,M,0
2014,3,F,460
2014,3,M,878
2014,4,F,281
2014,4,M,711
2014,5,F,290
2014,5,M,538
2014,6,F,293
2014,6,M,387
2014,7,F,226
2014,7,M,311
2014,8,F,159
2014,8,M,226
2014,9,F,113
2014,9,M,202
2014,10,F,89
2014,10,M,162
2014,11,F,80
2014,11,M,99
2014,12,F,84
2014,12,M,76
2014,13,F,63
2014,13,M,57
2014,14,F,45
2014,14,M,41
2014,15,F,40
2014,15,M,43
2014,16,F,53
2014,16,M,49
2014,17,F,56
2014,17,M,26
2014,18,F,42
2014,18,M,21
2014,19,F,34
2014,19,M,22
2014,20,F,66
2014,20,M,23
2014,21,F,54
2014,21,M,22
2014,22,F,42
2014,22,M,48
2014,23,F,51
2014,23,M,28
2014,24,F,67
2014,24,M,42
2014,25,F,51
2014,25,M,33
2014,26,F,53
2014,26,M,39
2014,27,F,67
2014,27,M,26
2014,28,F,57
2014,28,M,48
2014,29,F,51
2014,29,M,62
2014,30,F,42
2014,30,M,57
2014,31,F,73
2014,31,M,71
2014,32,F,54
2014,32,M,59
2014,33,F,88
2014,33,M,36
2014,34,F,76
2014,34,M,50
2014,35,F,61
2014,35,M,42
2014,36,F,69
2014,36,M,43
2014,37,F,62
2014,37,M,61
2014,38,F,77
2014,38,M,49
2014,39,F,92
2014,39,M,49
2014,40,F,81
2014,40,M,30
2014,41,F,75
2014,41,M,32
2014,42,F,105
2014,42,M,36
2014,43,F,84
2014,43,M,22
2014,44,F,74
2014,44,M,24
2014,45,F,62
2014,45,M,20
2014,46,F,83
2014,46,M,14
2014,47,F,57
2014,47,M,36
2014,48,F,94
2014,48,M,32
2014,49,F,101
2014,49,M,23
2014,50,F,89
2014,50,M,33
2014,51,F,91
2014,51,M,39
2014,52,F,70
2014,52,M,48
2014,53,F,81
2014,53,M,29
2014,54,F,67
2014,54,M,30
2014,55,F,52
2014,55,M,34
2014,56,F,66
2014,56,M,33
2014,57,F,60
2014,57,M,30
2014,58,F,56
2014,58,M,12
2014,59,F,68
2014,59,M,22
2014,60,F,86
2014,60,M,32
2014,61,F,55
2014,61,M,25
2014,62,F,52
2014,62,M,26
2014,63,F,70
2014,63,M,27
2014,64,F,38
2014,64,M,29
2014,65,F,50
2014,65,M,17
2014,66,F,66
2014,66,M,24
2014,67,F,72
2014,67,M,18
2014,68,F,38
2014,68,M,9
2014,69,F,56
2014,69,M,20
2014,70,F,44
2014,70,M,37
2014,71,F,46
2014,71,M,29
2014,72,F,49
2014,72,M,16
2014,73,F,69
2014,73,M,16
2014,74,F,45
2014,74,M,16
2014,75,F,42
2014,75,M,6
2014,76,F,61
2014,76,M,16
2014,77,F,31
2014,77,M,11
2014,78,F,49
2014,78,M,10
2014,79,F,54
2014,79,M,25
2014,80,F,56
2014,80,M,11
2014,81,F,47
2014,81,M,22
2014,82,F,57
2014,82,M,16
2014,83,F,63
2014,83,M,5
2014,84,F,31
2014,84,M,15
2014,85,F,50
2014,85,M,3
2014,86,F,40
2014,86,M,6
2014,87,F,35
2014,87,M,7
2014,88,F,43
2014,88,M,13
2014,89,F,26
2014,89,M,4
2014,90,F,15
2014,90,M,10
2014,91,F,15
2014,91,M,6
2014,92,F,17
2014,92,M,5
2014,93,F,10
2014,93,M,4
2014,94,F,8
2014,94,M,3
2014,95,F,8
2014,95,M,0
2014,96,F,5
2014,96,M,1
2014,97,F,3
2014,97,M,0
2014,98,F,1
2014,98,M,0
2014,99,F,0
2014,99,M,0
2014,100,F,4
2014,100,M,2
2014,101,F,1
2014,101,M,0
2014,102,F,2
2014,102,M,0
2014,103,F,0
2014,103,M,0
2014,104,F,0
2014,104,M,0
2014,105,F,1
2014,105,M,0
2014,106,F,0
2014,106,M,0
2014,107,F,0
2014,107,M,0
2014,108,F,0
2014,108,M,0
2014,109,F,0
2014,109,M,0
2014,110,F,0
2014,110,M,0
2015,0,F,0
2015,0,M,0
2015,1,F,0
2015,1,M,0
2015,2,F,0
2015,2,M,0
2015,3,F,377
2015,3,M,892
2015,4,F,282
2015,4,M,471
2015,5,F,258
2015,5,M,427
2015,6,F,215
2015,6,M,303
2015,7,F,153
2015,7,M,247
2015,8,F,127
2015,8,M,192
2015,9,F,108
2015,9,M,157
2015,10,F,73
2015,10,M,87
2015,11,F,61
2015,11,M,82
2015,12,F,51
2015,12,M,84
2015,13,F,58
2015,13,M,47
2015,14,F,40
2015,14,M,39
2015,15,F,46
2015,15,M,31
2015,16,F,41
2015,16,M,42
2015,17,F,53
2015,17,M,45
2015,18,F,32
2015,18,M,28
2015,19,F,33
2015,19,M,18
2015,20,F,44
2015,20,M,8
2015,21,F,53
2015,21,M,15
2015,22,F,47
2015,22,M,20
2015,23,F,28
2015,23,M,33
2015,24,F,42
2015,24,M,43
2015,25,F,37
2015,25,M,27
2015,26,F,35
2015,26,M,37
2015,27,F,65
2015,27,M,25
2015,28,F,57
2015,28,M,34
2015,29,F,62
2015,29,M,37
2015,30,F,50
2015,30,M,49
2015,31,F,69
2015,31,M,57
2015,32,F,74
2015,32,M,61
2015,33,F,68
2015,33,M,34
2015,34,F,94
2015,34,M,69
2015,35,F,62
2015,35,M,48
2015,36,F,77
2015,36,M,38
2015,37,F,61
2015,37,M,34
2015,38,F,54
2015,38,M,19
2015,39,F,72
2015,39,M,46
2015,40,F,77
2015,40,M,36
2015,41,F,68
2015,41,M,36
2015,42,F,65
2015,42,M,34
2015,43,F,70
2015,43,M,35
2015,44,F,81
2015,44,M,27
2015,45,F,89
2015,45,M,49
2015,46,F,63
2015,46,M,18
2015,47,F,70
2015,47,M,29
2015,48,F,63
2015,48,M,27
2015,49,F,83
2015,49,M,29
2015,50,F,105
2015,50,M,26
2015,51,F,82
2015,51,M,26
2015,52,F,115
2015,52,M,34
2015,53,F,93
2015,53,M,18
2015,54,F,73
2015,54,M,24
2015,55,F,58
2015,55,M,29
2015,56,F,81
2015,56,M,24
2015,57,F,72
2015,57,M,26
2015,58,F,69
2015,58,M,17
2015,59,F,85
2015,59,M,17
2015,60,F,63
2015,60,M,17
2015,61,F,70
2015,61,M,19
2015,62,F,84
2015,62,M,18
2015,63,F,49
2015,63,M,18
2015,64,F,48
2015,64,M,20
2015,65,F,64
2015,65,M,38
2015,66,F,55
2015,66,M,18
2015,67,F,64
2015,67,M,13
2015,68,F,56
2015,68,M,15
2015,69,F,44
2015,69,M,20
2015,70,F,54
2015,70,M,13
2015,71,F,42
2015,71,M,18
2015,72,F,30
2015,72,M,15
2015,73,F,39
2015,73,M,27
2015,74,F,73
2015,74,M,16
2015,75,F,57
2015,75,M,14
2015,76,F,50
2015,76,M,19
2015,77,F,48
2015,77,M,7
2015,78,F,25
2015,78,M,10
2015,79,F,46
2015,79,M,26
2015,80,F,42
2015,80,M,10
2015,81,F,38
2015,81,M,30
2015,82,F,29
2015,82,M,29
2015,83,F,34
2015,83,M,14
2015,84,F,49
2015,84,M,15
2015,85,F,54
2015,85,M,7
2015,86,F,39
2015,86,M,11
2015,87,F,27
2015,87,M,15
2015,88,F,38
2015,88,M,7
2015,89,F,20
2015,89,M,11
2015,90,F,19
2015,90,M,4
2015,91,F,18
2015,91,M,3
2015,92,F,19
2015,92,M,6
2015,93,F,21
2015,93,M,1
2015,94,F,9
2015,94,M,0
2015,95,F,13
2015,95,M,1
2015,96,F,5
2015,96,M,0
2015,97,F,5
2015,97,M,0
2015,98,F,4
2015,98,M,0
2015,99,F,4
2015,99,M,0
2015,100,F,5
2015,100,M,0
2015,101,F,4
2015,101,M,0
2015,102,F,0
2015,102,M,1
2015,103,F,1
2015,103,M,0
2015,104,F,0
2015,104,M,0
2015,105,F,0
2015,105,M,0
2015,106,F,0
2015,106,M,0
2015,107,F,0
2015,107,M,0
2015,108,F,0
2015,108,M,0
2015,109,F,0
2015,109,M,0
2015,110,F,0
2015,110,M,0
2016,0,F,0
2016,0,M,0
2016,1,F,0
2016,1,M,0
2016,2,F,0
2016,2,M,0
2016,3,F,617
2016,3,M,1016
2016,4,F,320
2016,4,M,786
2016,5,F,213
2016,5,M,422
2016,6,F,151
2016,6,M,292
2016,7,F,160
2016,7,M,236
2016,8,F,152
2016,8,M,239
2016,9,F,83
2016,9,M,171
2016,10,F,77
2016,10,M,155
2016,11,F,60
2016,11,M,101
2016,12,F,36
2016,12,M,63
2016,13,F,56
2016,13,M,64
2016,14,F,31
2016,14,M,42
2016,15,F,46
2016,15,M,37
2016,16,F,56
2016,16,M,38
2016,17,F,41
2016,17,M,27
2016,18,F,35
2016,18,M,18
2016,19,F,45
2016,19,M,16
2016,20,F,58
2016,20,M,33
2016,21,F,38
2016,21,M,23
2016,22,F,45
2016,22,M,16
2016,23,F,48
2016,23,M,23
2016,24,F,43
2016,24,M,24
2016,25,F,38
2016,25,M,28
2016,26,F,45
2016,26,M,24
2016,27,F,53
2016,27,M,48
2016,28,F,48
2016,28,M,24
2016,29,F,60
2016,29,M,36
2016,30,F,53
2016,30,M,47
2016,31,F,43
2016,31,M,59
2016,32,F,54
2016,32,M,33
2016,33,F,55
2016,33,M,56
2016,34,F,40
2016,34,M,27
2016,35,F,59
2016,35,M,42
2016,36,F,72
2016,36,M,67
2016,37,F,60
2016,37,M,30
2016,38,F,57
2016,38,M,44
2016,39,F,64
2016,39,M,28
2016,40,F,68
2016,40,M,37
2016,41,F,52
2016,41,M,16
2016,42,F,61
2016,42,M,44
2016,43,F,70
2016,43,M,30
2016,44,F,79
2016,44,M,27
2016,45,F,74
2016,45,M,36
2016,46,F,67
2016,46,M,32
2016,47,F,81
2016,47,M,43
2016,48,F,68
2016,48,M,29
2016,49,F,72
2016,49,M,39
2016,50,F,65
2016,50,M,28
2016,51,F,85
2016,51,M,37
2016,52,F,102
2016,52,M,35
2016,53,F,75
2016,53,M,32
2016,54,F,62
2016,54,M,38
2016,55,F,77
2016,55,M,42
2016,56,F,57
2016,56,M,27
2016,57,F,77
2016,57,M,28
2016,58,F,56
2016,58,M,22
2016,59,F,56
2016,59,M,24
2016,60,F,53
2016,60,M,35
2016,61,F,51
2016,61,M,32
2016,62,F,80
2016,62,M,25
2016,63,F,62
2016,63,M,21
2016,64,F,54
2016,64,M,28
2016,65,F,68
2016,65,M,26
2016,66,F,61
2016,66,M,24
2016,67,F,30
2016,67,M,21
2016,68,F,56
2016,68,M,21
2016,69,F,34
2016,69,M,13
2016,70,F,51
2016,70,M,21
2016,71,F,60
2016,71,M,18
2016,72,F,64
2016,72,M,20
2016,73,F,36
2016,73,M,14
2016,74,F,53
2016,74,M,14
2016,75,F,50
2016,75,M,17
2016,76,F,63
2016,76,M,13
2016,77,F,33
2016,77,M,15
2016,78,F,26
2016,78,M,12
2016,79,F,45
2016,79,M,16
2016,80,F,47
2016,80,M,12
2016,81,F,62
2016,81,M,8
2016,82,F,49
2016,82,M,17
2016,83,F,45
2016,83,M,9
2016,84,F,27
2016,84,M,14
2016,85,F,33
2016,85,M,13
2016,86,F,34
2016,86,M,18
2016,87,F,23
2016,87,M,14
2016,88,F,30
2016,88,M,3
2016,89,F,43
2016,89,M,16
2016,90,F,36
2016,90,M,6
2016,91,F,18
2016,91,M,2
2016,92,F,21
2016,92,M,2
2016,93,F,19
2016,93,M,4
2016,94,F,19
2016,94,M,0
2016,95,F,6
2016,95,M,3
2016,96,F,9
2016,96,M,0
2016,97,F,6
2016,97,M,0
2016,98,F,6
2016,98,M,2
2016,99,F,4
2016,99,M,0
2016,100,F,6
2016,100,M,0
2016,101,F,4
2016,101,M,0
2016,102,F,5
2016,102,M,0
2016,103,F,1
2016,103,M,0
2016,104,F,1
2016,104,M,0
2016,105,F,1
2016,105,M,0
2016,106,F,0
2016,106,M,0
2016,107,F,0
2016,107,M,0
2016,108,F,0
2016,108,M,0
2016,109,F,0
2016,109,M,0
2016,110,F,0
2016,110,M,0
2017,0,F,0
2017,0,M,0
2017,1,F,0
2017,1,M,0
2017,2,F,0
2017,2,M,0
2017,3,F,495
2017,3,M,1051
2017,4,F,330
2017,4,M,599
2017,5,F,250
2017,5,M,523
2017,6,F,164
2017,6,M,301
2017,7,F,113
2017,7,M,243
2017,8,F,150
2017,8,M,170
2017,9,F,126
2017,9,M,182
2017,10,F,88
2017,10,M,169
2017,11,F,62
2017,11,M,84
2017,12,F,51
2017,12,M,97
2017,13,F,42
2017,13,M,56
2017,14,F,42
2017,14,M,40
2017,15,F,64
2017,15,M,34
2017,16,F,61
2017,16,M,31
2017,17,F,43
2017,17,M,28
2017,18,F,53
2017,18,M,23
2017,19,F,40
2017,19,M,20
2017,20,F,40
2017,20,M,25
2017,21,F,42
2017,21,M,37
2017,22,F,55
2017,22,M,31
2017,23,F,36
2017,23,M,35
2017,24,F,47
2017,24,M,19
2017,25,F,33
2017,25,M,21
2017,26,F,48
2017,26,M,17
2017,27,F,43
2017,27,M,29
2017,28,F,86
2017,28,M,55
2017,29,F,53
2017,29,M,23
2017,30,F,45
2017,30,M,34
2017,31,F,62
2017,31,M,21
2017,32,F,50
2017,32,M,44
2017,33,F,58
2017,33,M,44
2017,34,F,60
2017,34,M,48
2017,35,F,55
2017,35,M,41
2017,36,F,72
2017,36,M,48
2017,37,F,80
2017,37,M,32
2017,38,F,95
2017,38,M,45
2017,39,F,85
2017,39,M,66
2017,40,F,75
2017,40,M,22
2017,41,F,84
2017,41,M,61
2017,42,F,59
2017,42,M,39
2017,43,F,70
2017,43,M,42
2017,44,F,61
2017,44,M,45
2017,45,F,63
2017,45,M,38
2017,46,F,86
2017,46,M,27
2017,47,F,89
2017,47,M,44
2017,48,F,43
2017,48,M,37
2017,49,F,47
2017,49,M,35
2017,50,F,45
2017,50,M,18
2017,51,F,56
2017,51,M,38
2017,52,F,98
2017,52,M,45
2017,53,F,88
2017,53,M,31
2017,54,F,79
2017,54,M,37
2017,55,F,75
2017,55,M,33
2017,56,F,77
2017,56,M,42
2017,57,F,66
2017,57,M,27
2017,58,F,84
2017,58,M,16
2017,59,F,87
2017,59,M,29
2017,60,F,66
2017,60,M,29
2017,61,F,79
2017,61,M,20
2017,62,F,73
2017,62,M,32
2017,63,F,68
2017,63,M,18
2017,64,F,79
2017,64,M,31
2017,65,F,56
2017,65,M,15
2017,66,F,70
2017,66,M,14
2017,67,F,43
2017,67,M,20
2017,68,F,58
2017,68,M,34
2017,69,F,55
2017,69,M,28
2017,70,F,75
2017,70,M,22
2017,71,F,46
2017,71,M,19
2017,72,F,49
2017,72,M,28
2017,73,F,41
2017,73,M,18
2017,74,F,47
2017,74,M,28
2017,75,F,35
2017,75,M,31
2017,76,F,63
2017,76,M,18
2017,77,F,48
2017,77,M,13
2017,78,F,58
2017,78,M,23
2017,79,F,48
2017,79,M,3
2017,80,F,46
2017,80,M,34
2017,81,F,41
2017,81,M,22
2017,82,F,46
2017,82,M,20
2017,83,F,29
2017,83,M,16
2017,84,F,52
2017,84,M,22
2017,85,F,48
2017,85,M,17
2017,86,F,36
2017,86,M,10
2017,87,F,43
2017,87,M,8
2017,88,F,40
2017,88,M,11
2017,89,F,32
2017,89,M,5
2017,90,F,26
2017,90,M,17
2017,91,F,17
2017,91,M,11
2017,92,F,21
2017,92,M,4
2017,93,F,21
2017,93,M,6
2017,94,F,17
2017,94,M,5
2017,95,F,16
2017,95,M,1
2017,96,F,6
2017,96,M,3
2017,97,F,5
2017,97,M,0
2017,98,F,3
2017,98,M,0
2017,99,F,4
2017,99,M,0
2017,100,F,4
2017,100,M,0
2017,101,F,3
2017,101,M,0
2017,102,F,2
2017,102,M,0
2017,103,F,2
2017,103,M,0
2017,104,F,1
2017,104,M,2
2017,105,F,0
2017,105,M,0
2017,106,F,0
2017,106,M,0
2017,107,F,0
2017,107,M,0
2017,108,F,0
2017,108,M,0
2017,109,F,0
2017,109,M,0
2017,110,F,0
2017,110,M,0
2018,0,F,0
2018,0,M,0
2018,1,F,0
2018,1,M,0
2018,2,F,0
2018,2,M,0
2018,3,F,648
2018,3,M,1159
2018,4,F,303
2018,4,M,544
2018,5,F,277
2018,5,M,447
2018,6,F,159
2018,6,M,339
2018,7,F,123
2018,7,M,227
2018,8,F,146
2018,8,M,212
2018,9,F,89
2018,9,M,156
2018,10,F,97
2018,10,M,155
2018,11,F,82
2018,11,M,90
2018,12,F,61
2018,12,M,110
2018,13,F,37
2018,13,M,92
2018,14,F,42
2018,14,M,35
2018,15,F,62
2018,15,M,30
2018,16,F,54
2018,16,M,41
2018,17,F,37
2018,17,M,20
2018,18,F,38
2018,18,M,22
2018,19,F,46
2018,19,M,19
2018,20,F,57
2018,20,M,21
2018,21,F,35
2018,21,M,45
2018,22,F,46
2018,22,M,38
2018,23,F,49
2018,23,M,33
2018,24,F,44
2018,24,M,13
2018,25,F,35
2018,25,M,32
2018,26,F,40
2018,26,M,17
2018,27,F,46
2018,27,M,28
2018,28,F,57
2018,28,M,37
2018,29,F,53
2018,29,M,27
2018,30,F,48
2018,30,M,42
2018,31,F,59
2018,31,M,17
2018,32,F,61
2018,32,M,58
2018,33,F,73
2018,33,M,45
2018,34,F,47
2018,34,M,42
2018,35,F,33
2018,35,M,47
2018,36,F,86
2018,36,M,53
2018,37,F,81
2018,37,M,33
2018,38,F,90
2018,38,M,35
2018,39,F,65
2018,39,M,60
2018,40,F,65
2018,40,M,26
2018,41,F,76
2018,41,M,49
2018,42,F,56
2018,42,M,46
2018,43,F,75
2018,43,M,42
2018,44,F,67
2018,44,M,65
2018,45,F,63
2018,45,M,38
2018,46,F,70
2018,46,M,31
2018,47,F,92
2018,47,M,32
2018,48,F,62
2018,48,M,36
2018,49,F,51
2018,49,M,27
2018,50,F,55
2018,50,M,29
2018,51,F,59
2018,51,M,33
2018,52,F,103
2018,52,M,31
2018,53,F,77
2018,53,M,31
2018,54,F,95
2018,54,M,32
2018,55,F,93
2018,55,M,43
2018,56,F,73
2018,56,M,33
2018,57,F,68
2018,57,M,21
2018,58,F,81
2018,58,M,31
2018,59,F,93
2018,59,M,38
2018,60,F,60
2018,60,M,23
2018,61,F,85
2018,61,M,22
2018,62,F,68
2018,62,M,31
2018,63,F,67
2018,63,M,20
2018,64,F,70
2018,64,M,26
2018,65,F,70
2018,65,M,23
2018,66,F,67
2018,66,M,24
2018,67,F,58
2018,67,M,14
2018,68,F,58
2018,68,M,19
2018,69,F,61
2018,69,M,31
2018,70,F,84
2018,70,M,27
2018,71,F,54
2018,71,M,22
2018,72,F,52
2018,72,M,25
2018,73,F,58
2018,73,M,28
2018,74,F,53
2018,74,M,24
2018,75,F,49
2018,75,M,46
2018,76,F,62
2018,76,M,26
2018,77,F,46
2018,77,M,20
2018,78,F,69
2018,78,M,22
2018,79,F,49
2018,79,M,22
2018,80,F,53
2018,80,M,21
2018,81,F,47
2018,81,M,21
2018,82,F,59
2018,82,M,22
2018,83,F,36
2018,83,M,16
2018,84,F,49
2018,84,M,15
2018,85,F,41
2018,85,M,18
2018,86,F,40
2018,86,M,14
2018,87,F,29
2018,87,M,10
2018,88,F,41
2018,88,M,21
2018,89,F,36
2018,89,M,2
2018,90,F,28
2018,90,M,8
2018,91,F,24
2018,91,M,10
2018,92,F,22
2018,92,M,12
2018,93,F,10
2018,93,M,3
2018,94,F,15
2018,94,M,3
2018,95,F,11
2018,95,M,5
2018,96,F,10
2018,96,M,1
2018,97,F,8
2018,97,M,0
2018,98,F,6
2018,98,M,0
2018,99,F,1
2018,99,M,1
2018,100,F,3
2018,100,M,0
2018,101,F,3
2018,101,M,0
2018,102,F,2
2018,102,M,0
2018,103,F,1
2018,103,M,0
2018,104,F,0
2018,104,M,0
2018,105,F,0
2018,105,M,0
2018,106,F,0
2018,106,M,0
2018,107,F,0
2018,107,M,0
2018,108,F,0
2018,108,M,0
2018,109,F,0
2018,109,M,0
2018,110,F,0
2018,110,M,0
2019,0,F,0
2019,0,M,0
2019,1,F,0
2019,1,M,0
2019,2,F,0
2019,2,M,0
2019,3,F,500
2019,3,M,1070
2019,4,F,334
2019,4,M,587
2019,5,F,240
2019,5,M,441
2019,6,F,187
2019,6,M,294
2019,7,F,127
2019,7,M,275
2019,8,F,165
2019,8,M,188
2019,9,F,92
2019,9,M,181
2019,10,F,78
2019,10,M,140
2019,11,F,86
2019,11,M,108
2019,12,F,69
2019,12,M,98
2019,13,F,35
2019,13,M,81
2019,14,F,43
2019,14,M,41
2019,15,F,64
2019,15,M,32
2019,16,F,72
2019,16,M,33
2019,17,F,32
2019,17,M,25
2019,18,F,40
2019,18,M,28
2019,19,F,51
2019,19,M,19
2019,20,F,47
2019,20,M,23
2019,21,F,41
2019,21,M,28
2019,22,F,45
2019,22,M,28
2019,23,F,53
2019,23,M,30
2019,24,F,57
2019,24,M,25
2019,25,F,34
2019,25,M,24
2019,26,F,60
2019,26,M,21
2019,27,F,55
2019,27,M,16
2019,28,F,56
2019,28,M,53
2019,29,F,69
2019,29,M,20
2019,30,F,61
2019,30,M,22
2019,31,F,46
2019,31,M,21
2019,32,F,75
2019,32,M,50
2019,33,F,63
2019,33,M,32
2019,34,F,41
2019,34,M,36
2019,35,F,60
2019,35,M,39
2019,36,F,77
2019,36,M,50
2019,37,F,97
2019,37,M,33
2019,38,F,94
2019,38,M,21
2019,39,F,69
2019,39,M,73
2019,40,F,77
2019,40,M,34
2019,41,F,76
2019,41,M,49
2019,42,F,73
2019,42,M,44
2019,43,F,91
2019,43,M,38
2019,44,F,58
2019,44,M,51
2019,45,F,80
2019,45,M,30
2019,46,F,65
2019,46,M,29
2019,47,F,96
2019,47,M,30
2019,48,F,60
2019,48,M,39
2019,49,F,53
2019,49,M,42
2019,50,F,52
2019,50,M,41
2019,51,F,51
2019,51,M,39
2019,52,F,94
2019,52,M,35
2019,53,F,83
2019,53,M,42
2019,54,F,85
2019,54,M,37
2019,55,F,95
2019,55,M,19
2019,56,F,73
2019,56,M,33
2019,57,F,78
2019,57,M,24
2019,58,F,91
2019,58,M,26
2019,59,F,80
2019,59,M,25
2019,60,F,76
2019,60,M,33
2019,61,F,80
2019,61,M,24
2019,62,F,57
2019,62,M,32
2019,63,F,78
2019,63,M,21
2019,64,F,90
2019,64,M,30
2019,65,F,73
2019,65,M,18
2019,66,F,74
2019,66,M,34
2019,67,F,51
2019,67,M,15
2019,68,F,51
2019,68,M,24
2019,69,F,56
2019,69,M,24
2019,70,F,81
2019,70,M,22
2019,71,F,55
2019,71,M,23
2019,72,F,66
2019,72,M,32
2019,73,F,65
2019,73,M,29
2019,74,F,48
2019,74,M,34
2019,75,F,54
2019,75,M,38
2019,76,F,60
2019,76,M,36
2019,77,F,52
2019,77,M,23
2019,78,F,71
2019,78,M,12
2019,79,F,50
2019,79,M,16
2019,80,F,61
2019,80,M,34
2019,81,F,56
2019,81,M,21
2019,82,F,67
2019,82,M,17
2019,83,F,39
2019,83,M,26
2019,84,F,55
2019,84,M,13
2019,85,F,39
2019,85,M,17
2019,86,F,52
2019,86,M,13
2019,87,F,31
2019,87,M,11
2019,88,F,42
2019,88,M,10
2019,89,F,38
2019,89,M,6
2019,90,F,26
2019,90,M,10
2019,91,F,21
2019,91,M,8
2019,92,F,16
2019,92,M,7
2019,93,F,20
2019,93,M,6
2019,94,F,12
2019,94,M,2
2019,95,F,19
2019,95,M,3
2019,96,F,16
2019,96,M,1
2019,97,F,8
2019,97,M,1
2019,98,F,9
2019,98,M,0
2019,99,F,1
2019,99,M,0
2019,100,F,5
2019,100,M,1
2019,101,F,3
2019,101,M,0
2019,102,F,0
2019,102,M,0
2019,103,F,2
2019,103,M,0
2019,104,F,2
2019,104,M,0
2019,105,F,0
2019,105,M,0
2019,106,F,0
2019,106,M,0
2019,107,F,0
2019,107,M,0
2019,108,F,0
2019,108,M,0
2019,109,F,0
2019,109,M,0
2019,110,F,0
2019,110,M,0
2020,0,F,0
2020,0,M,0
2020,1,F,0
2020,1,M,0
2020,2,F,0
2020,2,M,0
2020,3,F,582
2020,3,M,1209
2020,4,F,293
2020,4,M,605
2020,5,F,266
2020,5,M,483
2020,6,F,161
2020,6,M,320
2020,7,F,153
2020,7,M,241
2020,8,F,140
2020,8,M,208
2020,9,F,85
2020,9,M,166
2020,10,F,90
2020,10,M,155
2020,11,F,74
2020,11,M,87
2020,12,F,66
2020,12,M,94
2020,13,F,44
2020,13,M,84
2020,14,F,62
2020,14,M,43
2020,15,F,48
2020,15,M,39
2020,16,F,58
2020,16,M,40
2020,17,F,34
2020,17,M,23
2020,18,F,46
2020,18,M,31
2020,19,F,39
2020,19,M,25
2020,20,F,55
2020,20,M,22
2020,21,F,39
2020,21,M,37
2020,22,F,52
2020,22,M,30
2020,23,F,62
2020,23,M,35
2020,24,F,51
2020,24,M,28
2020,25,F,26
2020,25,M,21
2020,26,F,38
2020,26,M,25
2020,27,F,64
2020,27,M,25
2020,28,F,43
2020,28,M,44
2020,29,F,42
2020,29,M,24
2020,30,F,41
2020,30,M,29
2020,31,F,69
2020,31,M,22
2020,32,F,64
2020,32,M,43
2020,33,F,54
2020,33,M,32
2020,34,F,56
2020,34,M,40
2020,35,F,46
2020,35,M,35
2020,36,F,81
2020,36,M,44
2020,37,F,90
2020,37,M,33
2020,38,F,90
2020,38,M,34
2020,39,F,72
2020,39,M,69
2020,40,F,65
2020,40,M,33
2020,41,F,62
2020,41,M,51
2020,42,F,78
2020,42,M,43
2020,43,F,84
2020,43,M,49
2020,44,F,72
2020,44,M,63
2020,45,F,70
2020,45,M,34
2020,46,F,110
2020,46,M,27
2020,47,F,112
2020,47,M,39
2020,48,F,52
2020,48,M,36
2020,49,F,69
2020,49,M,31
2020,50,F,52
2020,50,M,41
2020,51,F,58
2020,51,M,34
2020,52,F,103
2020,52,M,40
2020,53,F,63
2020,53,M,39
2020,54,F,68
2020,54,M,39
2020,55,F,78
2020,55,M,48
2020,56,F,77
2020,56,M,36
2020,57,F,70
2020,57,M,21
2020,58,F,80
2020,58,M,25
2020,59,F,81
2020,59,M,24
2020,60,F,61
2020,60,M,31
2020,61,F,85
2020,61,M,28
2020,62,F,61
2020,62,M,27
2020,63,F,70
2020,63,M,18
2020,64,F,84
2020,64,M,34
2020,65,F,69
2020,65,M,21
2020,66,F,71
2020,66,M,33
2020,67,F,55
2020,67,M,17
2020,68,F,62
2020,68,M,14
2020,69,F,68
2020,69,M,18
2020,70,F,62
2020,70,M,17
2020,71,F,59
2020,71,M,22
2020,72,F,72
2020,72,M,31
2020,73,F,65
2020,73,M,35
2020,74,F,55
2020,74,M,25
2020,75,F,50
2020,75,M,48
2020,76,F,64
2020,76,M,25
2020,77,F,66
2020,77,M,20
2020,78,F,68
2020,78,M,24
2020,79,F,60
2020,79,M,17
2020,80,F,72
2020,80,M,43
2020,81,F,46
2020,81,M,25
2020,82,F,81
2020,82,M,29
2020,83,F,37
2020,83,M,17
2020,84,F,56
2020,84,M,18
2020,85,F,42
2020,85,M,19
2020,86,F,28
2020,86,M,6
2020,87,F,31
2020,87,M,15
2020,88,F,38
2020,88,M,13
2020,89,F,49
2020,89,M,6
2020,90,F,24
2020,90,M,19
2020,91,F,16
2020,91,M,6
2020,92,F,15
2020,92,M,8
2020,93,F,21
2020,93,M,6
2020,94,F,22
2020,94,M,5
2020,95,F,14
2020,95,M,5
2020,96,F,8
2020,96,M,2
2020,97,F,7
2020,97,M,1
2020,98,F,10
2020,98,M,0
2020,99,F,6
2020,99,M,0
2020,100,F,2
2020,100,M,0
2020,101,F,6
2020,101,M,0
2020,102,F,4
2020,102,M,0
2020,103,F,1
2020,103,M,1
2020,104,F,1
2020,104,M,0
2020,105,F,1
2020,105,M,0
2020,106,F,0
2020,106,M,0
2020,107,F,0
2020,107,M,0
2020,108,F,0
2020,108,M,0
2020,109,F,0
2020,109,M,0
2020,110,F,0
2020,110,M,0
2021,0,F,0
2021,0,M,0
2021,1,F,0
2021,1,M,0
2021,2,F,0
2021,2,M,0
2021,3,F,579
2021,3,M,1285
2021,4,F,303
2021,4,M,534
2021,5,F,248
2021,5,M,455
2021,6,F,160
2021,6,M,326
2021,7,F,115
2021,7,M,284
2021,8,F,167
2021,8,M,212
2021,9,F,96
2021,9,M,200
2021,10,F,101
2021,10,M,152
2021,11,F,72
2021,11,M,94
2021,12,F,70
2021,12,M,98
2021,13,F,48
2021,13,M,85
2021,14,F,57
2021,14,M,59
2021,15,F,65
2021,15,M,45
2021,16,F,60
2021,16,M,43
2021,17,F,36
2021,17,M,24
2021,18,F,31
2021,18,M,23
2021,19,F,41
2021,19,M,26
2021,20,F,36
2021,20,M,26
2021,21,F,41
2021,21,M,38
2021,22,F,67
2021,22,M,41
2021,23,F,40
2021,23,M,31
2021,24,F,55
2021,24,M,14
2021,25,F,25
2021,25,M,35
2021,26,F,40
2021,26,M,19
2021,27,F,38
2021,27,M,16
2021,28,F,58
2021,28,M,38
2021,29,F,49
2021,29,M,25
2021,30,F,44
2021,30,M,29
2021,31,F,62
2021,31,M,10
2021,32,F,57
2021,32,M,46
2021,33,F,51
2021,33,M,43
2021,34,F,47
2021,34,M,38
2021,35,F,46
2021,35,M,30
2021,36,F,92
2021,36,M,35
2021,37,F,98
2021,37,M,25
2021,38,F,80
2021,38,M,23
2021,39,F,78
2021,39,M,70
2021,40,F,68
2021,40,M,33
2021,41,F,76
2021,41,M,59
2021,42,F,57
2021,42,M,31
2021,43,F,80
2021,43,M,39
2021,44,F,67
2021,44,M,68
2021,45,F,75
2021,45,M,34
2021,46,F,85
2021,46,M,27
2021,47,F,78
2021,47,M,46
2021,48,F,53
2021,48,M,47
2021,49,F,66
2021,49,M,39
2021,50,F,45
2021,50,M,26
2021,51,F,56
2021,51,M,36
2021,52,F,93
2021,52,M,37
2021,53,F,80
2021,53,M,28
2021,54,F,76
2021,54,M,43
2021,55,F,82
2021,55,M,23
2021,56,F,65
2021,56,M,44
2021,57,F,71
2021,57,M,35
2021,58,F,85
2021,58,M,27
2021,59,F,77
2021,59,M,29
2021,60,F,74
2021,60,M,26
2021,61,F,95
2021,61,M,17
2021,62,F,61
2021,62,M,32
2021,63,F,70
2021,63,M,29
2021,64,F,78
2021,64,M,42
2021,65,F,86
2021,65,M,18
2021,66,F,73
2021,66,M,38
2021,67,F,57
2021,67,M,23
2021,68,F,67
2021,68,M,20
2021,69,F,70
2021,69,M,26
2021,70,F,75
2021,70,M,14
2021,71,F,63
2021,71,M,19
2021,72,F,85
2021,72,M,41
2021,73,F,72
2021,73,M,43
2021,74,F,63
2021,74,M,25
2021,75,F,57
2021,75,M,43
2021,76,F,78
2021,76,M,32
2021,77,F,66
2021,77,M,20
2021,78,F,65
2021,78,M,32
2021,79,F,72
2021,79,M,12
2021,80,F,79
2021,80,M,30
2021,81,F,40
2021,81,M,34
2021,82,F,72
2021,82,M,26
2021,83,F,55
2021,83,M,16
2021,84,F,54
2021,84,M,12
2021,85,F,65
2021,85,M,18
2021,86,F,41
2021,86,M,13
2021,87,F,36
2021,87,M,13
2021,88,F,42
2021,88,M,23
2021,89,F,45
2021,89,M,5
2021,90,F,33
2021,90,M,19
2021,91,F,37
2021,91,M,14
2021,92,F,25
2021,92,M,10
2021,93,F,22
2021,93,M,11
2021,94,F,13
2021,94,M,6
2021,95,F,10
2021,95,M,8
2021,96,F,2
2021,96,M,2
2021,97,F,9
2021,97,M,0
2021,98,F,6
2021,98,M,0
2021,99,F,7
2021,99,M,0
2021,100,F,4
2021,100,M,1
2021,101,F,1
2021,101,M,2
2021,102,F,4
2021,102,M,1
2021,103,F,2
2021,103,M,0
2021,104,F,2
2021,104,M,0
2021,105,F,0
2021,105,M,0
2021,106,F,0
2021,106,M,0
2021,107,F,0
2021,107,M,0
2021,108,F,0
2021,108,M,0
2021,109,F,0
2021,109,M,0
2021,110,F,0
2021,110,M,0
2022,0,F,0
2022,0,M,0
2022,1,F,0
2022,1,M,0
2022,2,F,0
2022,2,M,0
2022,3,F,672
2022,3,M,1169
2022,4,F,261
2022,4,M,582
2022,5,F,270
2022,5,M,405
2022,6,F,170
2022,6,M,324
2022,7,F,142
2022,7,M,277
2022,8,F,159
2022,8,M,223
2022,9,F,92
2022,9,M,177
2022,10,F,73
2022,10,M,162
2022,11,F,70
2022,11,M,107
2022,12,F,59
2022,12,M,118
2022,13,F,45
2022,13,M,85
2022,14,F,60
2022,14,M,48
2022,15,F,67
2022,15,M,44
2022,16,F,82
2022,16,M,43
2022,17,F,35
2022,17,M,27
2022,18,F,45
2022,18,M,21
2022,19,F,38
2022,19,M,15
2022,20,F,60
2022,20,M,23
2022,21,F,50
2022,21,M,35
2022,22,F,60
2022,22,M,35
2022,23,F,58
2022,23,M,22
2022,24,F,48
2022,24,M,20
2022,25,F,34
2022,25,M,31
2022,26,F,26
2022,26,M,17
2022,27,F,68
2022,27,M,25
2022,28,F,62
2022,28,M,38
2022,29,F,60
2022,29,M,23
2022,30,F,47
2022,30,M,23
2022,31,F,48
2022,31,M,17
2022,32,F,56
2022,32,M,50
2022,33,F,62
2022,33,M,31
2022,34,F,54
2022,34,M,39
2022,35,F,46
2022,35,M,29
2022,36,F,80
2022,36,M,28
2022,37,F,92
2022,37,M,35
2022,38,F,83
2022,38,M,39
2022,39,F,68
2022,39,M,69
2022,40,F,84
2022,40,M,33
2022,41,F,90
2022,41,M,60
2022,42,F,75
2022,42,M,49
2022,43,F,77
2022,43,M,47
2022,44,F,55
2022,44,M,70
2022,45,F,78
2022,45,M,39
2022,46,F,100
2022,46,M,25
2022,47,F,101
2022,47,M,42
2022,48,F,64
2022,48,M,34
2022,49,F,59
2022,49,M,33
2022,50,F,58
2022,50,M,26
2022,51,F,54
2022,51,M,32
2022,52,F,85
2022,52,M,36
2022,53,F,73
2022,53,M,35
2022,54,F,68
2022,54,M,38
2022,55,F,55
2022,55,M,27
2022,56,F,86
2022,56,M,29
2022,57,F,56
2022,57,M,19
2022,58,F,73
2022,58,M,23
2022,59,F,65
2022,59,M,33
2022,60,F,56
2022,60,M,25
2022,61,F,81
2022,61,M,21
2022,62,F,58
2022,62,M,39
2022,63,F,71
2022,63,M,23
2022,64,F,80
2022,64,M,25
2022,65,F,76
2022,65,M,25
2022,66,F,73
2022,66,M,28
2022,67,F,60
2022,67,M,27
2022,68,F,54
2022,68,M,25
2022,69,F,53
2022,69,M,25
2022,70,F,87
2022,70,M,17
2022,71,F,54
2022,71,M,22
2022,72,F,70
2022,72,M,25
2022,73,F,70
2022,73,M,27
2022,74,F,68
2022,74,M,28
2022,75,F,52
2022,75,M,49
2022,76,F,88
2022,76,M,27
2022,77,F,60
2022,77,M,27
2022,78,F,67
2022,78,M,26
2022,79,F,78
2022,79,M,17
2022,80,F,87
2022,80,M,36
2022,81,F,45
2022,81,M,30
2022,82,F,71
2022,82,M,22
2022,83,F,54
2022,83,M,17
2022,84,F,66
2022,84,M,17
2022,85,F,41
2022,85,M,12
2022,86,F,49
2022,86,M,11
2022,87,F,40
2022,87,M,17
2022,88,F,38
2022,88,M,17
2022,89,F,30
2022,89,M,7
2022,90,F,25
2022,90,M,13
2022,91,F,21
2022,91,M,13
2022,92,F,21
2022,92,M,9
2022,93,F,11
2022,93,M,6
2022,94,F,22
2022,94,M,2
2022,95,F,9
2022,95,M,4
2022,96,F,6
2022,96,M,4
2022,97,F,9
2022,97,M,2
2022,98,F,12
2022,98,M,0
2022,99,F,4
2022,99,M,0
2022,100,F,8
2022,100,M,2
2022,101,F,2
2022,101,M,0
2022,102,F,1
2022,102,M,1
2022,103,F,2
2022,103,M,0
2022,104,F,0
2022,104,M,0
2022,105,F,2
2022,105,M,2
2022,106,F,1
2022,106,M,0
2022,107,F,0
2022,107,M,0
2022,108,F,0
2022,108,M,0
2022,109,F,0
2022,109,M,0
2022,110,F,0
2022,110,M,0
2023,0,F,0
2023,0,M,0
2023,1,F,0
2023,1,M,0
2023,2,F,0
2023,2,M,0
2023,3,F,690
2023,3,M,1344
2023,4,F,322
2023,4,M,594
2023,5,F,238
2023,5,M,412
2023,6,F,160
2023,6,M,317
2023,7,F,129
2023,7,M,235
2023,8,F,176
2023,8,M,208
2023,9,F,107
2023,9,M,178
2023,10,F,76
2023,10,M,178
2023,11,F,52
2023,11,M,114
2023,12,F,69
2023,12,M,103
2023,13,F,57
2023,13,M,99
2023,14,F,60
2023,14,M,44
2023,15,F,77
2023,15,M,41
2023,16,F,58
2023,16,M,48
2023,17,F,45
2023,17,M,31
2023,18,F,47
2023,18,M,37
2023,19,F,43
2023,19,M,21
2023,20,F,48
2023,20,M,24
2023,21,F,46
2023,21,M,44
2023,22,F,43
2023,22,M,29
2023,23,F,55
2023,23,M,23
2023,24,F,48
2023,24,M,20
2023,25,F,26
2023,25,M,29
2023,26,F,33
2023,26,M,18
2023,27,F,62
2023,27,M,21
2023,28,F,55
2023,28,M,35
2023,29,F,49
2023,29,M,27
2023,30,F,38
2023,30,M,29
2023,31,F,55
2023,31,M,19
2023,32,F,55
2023,32,M,32
2023,33,F,59
2023,33,M,31
2023,34,F,50
2023,34,M,30
2023,35,F,34
2023,35,M,28
2023,36,F,62
2023,36,M,46
2023,37,F,81
2023,37,M,29
2023,38,F,71
2023,38,M,26
2023,39,F,79
2023,39,M,68
2023,40,F,76
2023,40,M,31
2023,41,F,70
2023,41,M,55
2023,42,F,77
2023,42,M,56
2023,43,F,79
2023,43,M,61
2023,44,F,63
2023,44,M,81
2023,45,F,78
2023,45,M,47
2023,46,F,122
2023,46,M,35
2023,47,F,120
2023,47,M,33
2023,48,F,60
2023,48,M,45
2023,49,F,67
2023,49,M,43
2023,50,F,57
2023,50,M,23
2023,51,F,69
2023,51,M,50
2023,52,F,113
2023,52,M,36
2023,53,F,57
2023,53,M,35
2023,54,F,70
2023,54,M,37
2023,55,F,81
2023,55,M,26
2023,56,F,50
2023,56,M,31
2023,57,F,53
2023,57,M,18
2023,58,F,81
2023,58,M,30
2023,59,F,93
2023,59,M,26
2023,60,F,58
2023,60,M,26
2023,61,F,89
2023,61,M,25
2023,62,F,66
2023,62,M,38
2023,63,F,74
2023,63,M,24
2023,64,F,82
2023,64,M,46
2023,65,F,94
2023,65,M,23
2023,66,F,70
2023,66,M,37
2023,67,F,53
2023,67,M,20
2023,68,F,81
2023,68,M,27
2023,69,F,70
2023,69,M,23
2023,70,F,100
2023,70,M,22
2023,71,F,74
2023,71,M,23
2023,72,F,61
2023,72,M,29
2023,73,F,63
2023,73,M,36
2023,74,F,58
2023,74,M,36
2023,75,F,69
2023,75,M,46
2023,76,F,86
2023,76,M,37
2023,77,F,58
2023,77,M,26
2023,78,F,74
2023,78,M,30
2023,79,F,73
2023,79,M,20
2023,80,F,73
2023,80,M,65
2023,81,F,47
2023,81,M,25
2023,82,F,84
2023,82,M,23
2023,83,F,44
2023,83,M,19
2023,84,F,52
2023,84,M,23
2023,85,F,56
2023,85,M,26
2023,86,F,38
2023,86,M,13
2023,87,F,41
2023,87,M,10
2023,88,F,45
2023,88,M,22
2023,89,F,43
2023,89,M,8
2023,90,F,32
2023,90,M,20
2023,91,F,22
2023,91,M,16
2023,92,F,26
2023,92,M,7
2023,93,F,18
2023,93,M,9
2023,94,F,17
2023,94,M,6
2023,95,F,10
2023,95,M,3
2023,96,F,7
2023,96,M,4
2023,97,F,4
2023,97,M,5
2023,98,F,2
2023,98,M,1
2023,99,F,7
2023,99,M,1
2023,100,F,4
2023,100,M,0
2023,101,F,4
2023,101,M,0
2023,102,F,5
2023,102,M,0
2023,103,F,2
2023,103,M,0
2023,104,F,0
2023,104,M,1
2023,105,F,3
2023,105,M,0
2023,106,F,0
2023,106,M,0
2023,107,F,0
2023,107,M,0
2023,108,F,1
2023,108,M,0
2023,109,F,0
2023,109,M,0
2023,110,F,0
2023,110,M,0
2024,0,F,0
2024,0,M,0
2024,1,F,0
2024,1,M,0
2024,2,F,0
2024,2,M,0
2024,3,F,542
2024,3,M,1061
2024,4,F,292
2024,4,M,539
2024,5,F,264
2024,5,M,437
2024,6,F,178
2024,6,M,308
2024,7,F,151
2024,7,M,294
2024,8,F,140
2024,8,M,198
2024,9,F,105
2024,9,M,169
2024,10,F,89
2024,10,M,149
2024,11,F,80
2024,11,M,109
2024,12,F,66
2024,12,M,124
2024,13,F,54
2024,13,M,100
2024,14,F,56
2024,14,M,62
2024,15,F,62
2024,15,M,37
2024,16,F,81
2024,16,M,52
2024,17,F,45
2024,17,M,31
2024,18,F,47
2024,18,M,23
2024,19,F,56
2024,19,M,26
2024,20,F,40
2024,20,M,32
2024,21,F,31
2024,21,M,53
2024,22,F,49
2024,22,M,33
2024,23,F,58
2024,23,M,32
2024,24,F,36
2024,24,M,27
2024,25,F,30
2024,25,M,31
2024,26,F,42
2024,26,M,26
2024,27,F,59
2024,27,M,25
2024,28,F,60
2024,28,M,46
2024,29,F,54
2024,29,M,22
2024,30,F,60
2024,30,M,19
2024,31,F,55
2024,31,M,17
2024,32,F,57
2024,32,M,41
2024,33,F,45
2024,33,M,23
2024,34,F,54
2024,34,M,33
2024,35,F,26
2024,35,M,28
2024,36,F,60
2024,36,M,51
2024,37,F,84
2024,37,M,23
2024,38,F,100
2024,38,M,33
2024,39,F,78
2024,39,M,56
2024,40,F,79
2024,40,M,33
2024,41,F,70
2024,41,M,57
2024,42,F,75
2024,42,M,37
2024,43,F,81
2024,43,M,47
2024,44,F,87
2024,44,M,53
2024,45,F,64
2024,45,M,60
2024,46,F,93
2024,46,M,43
2024,47,F,80
2024,47,M,29
2024,48,F,65
2024,48,M,47
2024,49,F,60
2024,49,M,43
2024,50,F,55
2024,50,M,30
2024,51,F,54
2024,51,M,39
2024,52,F,84
2024,52,M,36
2024,53,F,74
2024,53,M,27
2024,54,F,80
2024,54,M,51
2024,55,F,80
2024,55,M,48
2024,56,F,61
2024,56,M,26
2024,57,F,53
2024,57,M,31
2024,58,F,83
2024,58,M,23
2024,59,F,57
2024,59,M,25
2024,60,F,75
2024,60,M,29
2024,61,F,74
2024,61,M,32
2024,62,F,65
2024,62,M,41
2024,63,F,79
2024,63,M,21
2024,64,F,97
2024,64,M,33
2024,65,F,86
2024,65,M,15
2024,66,F,84
2024,66,M,36
2024,67,F,58
2024,67,M,17
2024,68,F,74
2024,68,M,17
2024,69,F,72
2024,69,M,31
2024,70,F,105
2024,70,M,27
2024,71,F,73
2024,71,M,35
2024,72,F,68
2024,72,M,28
2024,73,F,67
2024,73,M,33
2024,74,F,66
2024,74,M,39
2024,75,F,58
2024,75,M,64
2024,76,F,111
2024,76,M,31
2024,77,F,79
2024,77,M,27
2024,78,F,89
2024,78,M,23
2024,79,F,55
2024,79,M,18
2024,80,F,74
2024,80,M,32
2024,81,F,64
2024,81,M,34
2024,82,F,74
2024,82,M,31
2024,83,F,48
2024,83,M,20
2024,84,F,63
2024,84,M,26
2024,85,F,62
2024,85,M,17
2024,86,F,50
2024,86,M,9
2024,87,F,31
2024,87,M,12
2024,88,F,65
2024,88,M,18
2024,89,F,46
2024,89,M,4
2024,90,F,38
2024,90,M,17
2024,91,F,26
2024,91,M,10
2024,92,F,17
2024,92,M,10
2024,93,F,14
2024,93,M,12
2024,94,F,14
2024,94,M,4
2024,95,F,8
2024,95,M,3
2024,96,F,10
2024,96,M,2
2024,97,F,8
2024,97,M,0
2024,98,F,1
2024,98,M,1
2024,99,F,3
2024,99,M,0
2024,100,F,5
2024,100,M,2
2024,101,F,4
2024,101,M,0
2024,102,F,4
2024,102,M,0
2024,103,F,3
2024,103,M,0
2024,104,F,1
2024,104,M,0
2024,105,F,2
2024,105,M,0
2024,106,F,1
2024,106,M,0
2024,107,F,0
2024,107,M,0
2024,108,F,0
2024,108,M,0
2024,109,F,0
2024,109,M,0
2024,110,F,0
2024,110,M,0
2025,0,F,0
2025,0,M,0
2025,1,F,0
2025,1,M,0
2025,2,F,0
2025,2,M,0
2025,3,F,493
2025,3,M,1355
2025,4,F,290
2025,4,M,410
2025,5,F,235
2025,5,M,434
2025,6,F,206
2025,6,M,271
2025,7,F,120
2025,7,M,251
2025,8,F,169
2025,8,M,206
2025,9,F,95
2025,9,M,186
2025,10,F,84
2025,10,M,171
2025,11,F,81
2025,11,M,98
2025,12,F,67
2025,12,M,109
2025,13,F,42
2025,13,M,96
2025,14,F,50
2025,14,M,47
2025,15,F,75
2025,15,M,65
2025,16,F,78
2025,16,M,46
2025,17,F,61
2025,17,M,26
2025,18,F,61
2025,18,M,40
2025,19,F,62
2025,19,M,22
2025,20,F,39
2025,20,M,20
2025,21,F,40
2025,21,M,47
2025,22,F,51
2025,22,M,37
2025,23,F,44
2025,23,M,40
2025,24,F,51
2025,24,M,27
2025,25,F,31
2025,25,M,38
2025,26,F,43
2025,26,M,20
2025,27,F,64
2025,27,M,19
2025,28,F,51
2025,28,M,51
2025,29,F,45
2025,29,M,24
2025,30,F,35
2025,30,M,23
2025,31,F,45
2025,31,M,19
2025,32,F,61
2025,32,M,50
2025,33,F,60
2025,33,M,22
2025,34,F,53
2025,34,M,30
2025,35,F,44
2025,35,M,39
2025,36,F,72
2025,36,M,39
2025,37,F,84
2025,37,M,29
2025,38,F,74
2025,38,M,29
2025,39,F,76
2025,39,M,57
2025,40,F,65
2025,40,M,28
2025,41,F,68
2025,41,M,59
2025,42,F,70
2025,42,M,64
2025,43,F,99
2025,43,M,46
2025,44,F,70
2025,44,M,85
2025,45,F,71
2025,45,M,51
2025,46,F,81
2025,46,M,29
2025,47,F,112
2025,47,M,36
2025,48,F,63
2025,48,M,48
2025,49,F,65
2025,49,M,40
2025,50,F,77
2025,50,M,31
2025,51,F,68
2025,51,M,33
2025,52,F,90
2025,52,M,32
2025,53,F,79
2025,53,M,31
2025,54,F,58
2025,54,M,42
2025,55,F,67
2025,55,M,26
2025,56,F,77
2025,56,M,40
2025,57,F,64
2025,57,M,32
2025,58,F,78
2025,58,M,24
2025,59,F,78
2025,59,M,26
2025,60,F,49
2025,60,M,23
2025,61,F,94
2025,61,M,30
2025,62,F,72
2025,62,M,47
2025,63,F,71
2025,63,M,24
2025,64,F,90
2025,64,M,42
2025,65,F,94
2025,65,M,22
2025,66,F,120
2025,66,M,41
2025,67,F,71
2025,67,M,19
2025,68,F,65
2025,68,M,30
2025,69,F,67
2025,69,M,26
2025,70,F,93
2025,70,M,17
2025,71,F,58
2025,71,M,22
2025,72,F,74
2025,72,M,29
2025,73,F,53
2025,73,M,27
2025,74,F,63
2025,74,M,33
2025,75,F,69
2025,75,M,46
2025,76,F,80
2025,76,M,34
2025,77,F,67
2025,77,M,28
2025,78,F,79
2025,78,M,24
2025,79,F,72
2025,79,M,17
2025,80,F,76
2025,80,M,42
2025,81,F,64
2025,81,M,35
2025,82,F,87
2025,82,M,32
2025,83,F,47
2025,83,M,29
2025,84,F,66
2025,84,M,24
2025,85,F,63
2025,85,M,22
2025,86,F,47
2025,86,M,8
2025,87,F,52
2025,87,M,25
2025,88,F,31
2025,88,M,18
2025,89,F,69
2025,89,M,3
2025,90,F,36
2025,90,M,15
2025,91,F,25
2025,91,M,11
2025,92,F,23
2025,92,M,12
2025,93,F,9
2025,93,M,5
2025,94,F,22
2025,94,M,5
2025,95,F,13
2025,95,M,6
2025,96,F,10
2025,96,M,1
2025,97,F,7
2025,97,M,5
2025,98,F,4
2025,98,M,1
2025,99,F,3
2025,99,M,2
2025,100,F,6
2025,100,M,2
2025,101,F,7
2025,101,M,0
2025,102,F,5
2025,102,M,0
2025,103,F,2
2025,103,M,2
2025,104,F,1
2025,104,M,0
2025,105,F,0
2025,105,M,0
2025,106,F,2
2025,106,M,0
2025,107,F,0
2025,107,M,0
2025,108,F,0
2025,108,M,0
2025,109,F,0
2025,109,M,0
2025,110,F,1
2025,110,M,0
2026,0,F,0
2026,0,M,0
2026,1,F,0
2026,1,M,0
2026,2,F,0
2026,2,M,0
2026,3,F,635
2026,3,M,1114
2026,4,F,279
2026,4,M,483
2026,5,F,234
2026,5,M,346
2026,6,F,169
2026,6,M,319
2026,7,F,160
2026,7,M,265
2026,8,F,140
2026,8,M,195
2026,9,F,104
2026,9,M,185
2026,10,F,89
2026,10,M,157
2026,11,F,81
2026,11,M,95
2026,12,F,83
2026,12,M,109
2026,13,F,49
2026,13,M,94
2026,14,F,55
2026,14,M,42
2026,15,F,70
2026,15,M,39
2026,16,F,84
2026,16,M,62
2026,17,F,35
2026,17,M,30
2026,18,F,39
2026,18,M,36
2026,19,F,55
2026,19,M,21
2026,20,F,63
2026,20,M,29
2026,21,F,56
2026,21,M,51
2026,22,F,45
2026,22,M,40
2026,23,F,48
2026,23,M,42
2026,24,F,45
2026,24,M,24
2026,25,F,27
2026,25,M,24
2026,26,F,36
2026,26,M,26
2026,27,F,60
2026,27,M,21
2026,28,F,43
2026,28,M,38
2026,29,F,41
2026,29,M,24
2026,30,F,28
2026,30,M,23
2026,31,F,65
2026,31,M,11
2026,32,F,60
2026,32,M,31
2026,33,F,48
2026,33,M,32
2026,34,F,39
2026,34,M,24
2026,35,F,35
2026,35,M,20
2026,36,F,71
2026,36,M,29
2026,37,F,66
2026,37,M,20
2026,38,F,90
2026,38,M,35
2026,39,F,65
2026,39,M,61
2026,40,F,86
2026,40,M,33
2026,41,F,100
2026,41,M,57
2026,42,F,72
2026,42,M,57
2026,43,F,77
2026,43,M,46
2026,44,F,60
2026,44,M,61
2026,45,F,74
2026,45,M,61
2026,46,F,118
2026,46,M,29
2026,47,F,89
2026,47,M,53
2026,48,F,55
2026,48,M,57
2026,49,F,69
2026,49,M,32
2026,50,F,54
2026,50,M,28
2026,51,F,61
2026,51,M,43
2026,52,F,89
2026,52,M,37
2026,53,F,77
2026,53,M,35
2026,54,F,75
2026,54,M,39
2026,55,F,72
2026,55,M,37
2026,56,F,74
2026,56,M,38
2026,57,F,62
2026,57,M,18
2026,58,F,68
2026,58,M,19
2026,59,F,70
2026,59,M,23
2026,60,F,72
2026,60,M,26
2026,61,F,83
2026,61,M,29
2026,62,F,68
2026,62,M,36
2026,63,F,73
2026,63,M,21
2026,64,F,87
2026,64,M,28
2026,65,F,84
2026,65,M,22
2026,66,F,96
2026,66,M,37
2026,67,F,69
2026,67,M,22
2026,68,F,80
2026,68,M,19
2026,69,F,62
2026,69,M,24
2026,70,F,91
2026,70,M,21
2026,71,F,69
2026,71,M,27
2026,72,F,82
2026,72,M,26
2026,73,F,74
2026,73,M,34
2026,74,F,70
2026,74,M,35
2026,75,F,58
2026,75,M,48
2026,76,F,97
2026,76,M,35
2026,77,F,74
2026,77,M,34
2026,78,F,97
2026,78,M,27
2026,79,F,92
2026,79,M,12
2026,80,F,73
2026,80,M,56
2026,81,F,39
2026,81,M,32
2026,82,F,92
2026,82,M,28
2026,83,F,52
2026,83,M,23
2026,84,F,60
2026,84,M,24
2026,85,F,70
2026,85,M,9
2026,86,F,41
2026,86,M,18
2026,87,F,48
2026,87,M,21
2026,88,F,54
2026,88,M,30
2026,89,F,41
2026,89,M,12
2026,90,F,34
2026,90,M,13
2026,91,F,30
2026,91,M,19
2026,92,F,33
2026,92,M,11
2026,93,F,20
2026,93,M,12
2026,94,F,14
2026,94,M,11
2026,95,F,16
2026,95,M,7
2026,96,F,11
2026,96,M,2
2026,97,F,2
2026,97,M,2
2026,98,F,6
2026,98,M,3
2026,99,F,7
2026,99,M,0
2026,100,F,2
2026,100,M,0
2026,101,F,6
2026,101,M,0
2026,102,F,1
2026,102,M,0
2026,103,F,3
2026,103,M,0
2026,104,F,1
2026,104,M,0
2026,105,F,1
2026,105,M,0
2026,106,F,1
2026,106,M,0
2026,107,F,0
2026,107,M,0
2026,108,F,0
2026,108,M,0
2026,109,F,0
2026,109,M,0
2026,110,F,0
2026,110,M,0
2027,0,F,0
2027,0,M,0
2027,1,F,0
2027,1,M,0
2027,2,F,0
2027,2,M,0
2027,3,F,540
2027,3,M,1301
2027,4,F,342
2027,4,M,461
2027,5,F,211
2027,5,M,371
2027,6,F,169
2027,6,M,276
2027,7,F,126
2027,7,M,246
2027,8,F,189
2027,8,M,197
2027,9,F,72
2027,9,M,177
2027,10,F,81
2027,10,M,182
2027,11,F,71
2027,11,M,105
2027,12,F,65
2027,12,M,101
2027,13,F,37
2027,13,M,93
2027,14,F,62
2027,14,M,44
2027,15,F,58
2027,15,M,46
2027,16,F,82
2027,16,M,56
2027,17,F,39
2027,17,M,40
2027,18,F,45
2027,18,M,30
2027,19,F,76
2027,19,M,18
2027,20,F,52
2027,20,M,28
2027,21,F,36
2027,21,M,43
2027,22,F,49
2027,22,M,36
2027,23,F,53
2027,23,M,32
2027,24,F,40
2027,24,M,12
2027,25,F,33
2027,25,M,26
2027,26,F,38
2027,26,M,17
2027,27,F,60
2027,27,M,17
2027,28,F,54
2027,28,M,42
2027,29,F,55
2027,29,M,21
2027,30,F,45
2027,30,M,23
2027,31,F,50
2027,31,M,17
2027,32,F,52
2027,32,M,40
2027,33,F,58
2027,33,M,31
2027,34,F,40
2027,34,M,35
2027,35,F,29
2027,35,M,18
2027,36,F,77
2027,36,M,24
2027,37,F,87
2027,37,M,28
2027,38,F,78
2027,38,M,22
2027,39,F,88
2027,39,M,51
2027,40,F,69
2027,40,M,31
2027,41,F,85
2027,41,M,61
2027,42,F,54
2027,42,M,44
2027,43,F,86
2027,43,M,45
2027,44,F,75
2027,44,M,66
2027,45,F,82
2027,45,M,38
2027,46,F,100
2027,46,M,43
2027,47,F,105
2027,47,M,43
2027,48,F,48
2027,48,M,45
2027,49,F,60
2027,49,M,43
2027,50,F,63
2027,50,M,30
2027,51,F,75
2027,51,M,39
2027,52,F,111
2027,52,M,41
2027,53,F,80
2027,53,M,30
2027,54,F,61
2027,54,M,44
2027,55,F,84
2027,55,M,35
2027,56,F,61
2027,56,M,39
2027,57,F,56
2027,57,M,24
2027,58,F,78
2027,58,M,25
2027,59,F,76
2027,59,M,30
2027,60,F,63
2027,60,M,28
2027,61,F,74
2027,61,M,30
2027,62,F,64
2027,62,M,43
2027,63,F,89
2027,63,M,23
2027,64,F,95
2027,64,M,29
2027,65,F,100
2027,65,M,24
2027,66,F,103
2027,66,M,33
2027,67,F,66
2027,67,M,15
2027,68,F,76
2027,68,M,28
2027,69,F,72
2027,69,M,26
2027,70,F,102
2027,70,M,20
2027,71,F,60
2027,71,M,28
2027,72,F,99
2027,72,M,29
2027,73,F,84
2027,73,M,38
2027,74,F,73
2027,74,M,35
2027,75,F,54
2027,75,M,56
2027,76,F,120
2027,76,M,36
2027,77,F,85
2027,77,M,28
2027,78,F,115
2027,78,M,31
2027,79,F,86
2027,79,M,20
2027,80,F,96
2027,80,M,50
2027,81,F,73
2027,81,M,29
2027,82,F,72
2027,82,M,45
2027,83,F,39
2027,83,M,30
2027,84,F,87
2027,84,M,43
2027,85,F,89
2027,85,M,19
2027,86,F,65
2027,86,M,13
2027,87,F,45
2027,87,M,20
2027,88,F,48
2027,88,M,25
2027,89,F,45
2027,89,M,14
2027,90,F,30
2027,90,M,10
2027,91,F,30
2027,91,M,10
2027,92,F,27
2027,92,M,12
2027,93,F,17
2027,93,M,12
2027,94,F,18
2027,94,M,7
2027,95,F,9
2027,95,M,6
2027,96,F,9
2027,96,M,6
2027,97,F,5
2027,97,M,0
2027,98,F,8
2027,98,M,1
2027,99,F,5
2027,99,M,1
2027,100,F,9
2027,100,M,0
2027,101,F,1
2027,101,M,1
2027,102,F,1
2027,102,M,1
2027,103,F,6
2027,103,M,0
2027,104,F,2
2027,104,M,0
2027,105,F,0
2027,105,M,0
2027,106,F,2
2027,106,M,0
2027,107,F,0
2027,107,M,0
2027,108,F,0
2027,108,M,0
2027,109,F,0
2027,109,M,0
2027,110,F,0
2027,110,M,0
2028,0,F,0
2028,0,M,0
2028,1,F,0
2028,1,M,0
2028,2,F,0
2028,2,M,0
2028,3,F,524
2028,3,M,1181
2028,4,F,283
2028,4,M,482
2028,5,F,254
2028,5,M,418
2028,6,F,147
2028,6,M,260
2028,7,F,118
2028,7,M,228
2028,8,F,163
2028,8,M,204
2028,9,F,106
2028,9,M,161
2028,10,F,74
2028,10,M,155
2028,11,F,66
2028,11,M,99
2028,12,F,57
2028,12,M,93
2028,13,F,42
2028,13,M,70
2028,14,F,44
2028,14,M,47
2028,15,F,67
2028,15,M,48
2028,16,F,86
2028,16,M,56
2028,17,F,26
2028,17,M,40
2028,18,F,51
2028,18,M,33
2028,19,F,62
2028,19,M,28
2028,20,F,74
2028,20,M,25
2028,21,F,58
2028,21,M,44
2028,22,F,52
2028,22,M,48
2028,23,F,66
2028,23,M,40
2028,24,F,54
2028,24,M,20
2028,25,F,34
2028,25,M,25
2028,26,F,40
2028,26,M,13
2028,27,F,49
2028,27,M,26
2028,28,F,40
2028,28,M,39
2028,29,F,41
2028,29,M,18
2028,30,F,38
2028,30,M,24
2028,31,F,56
2028,31,M,19
2028,32,F,50
2028,32,M,36
2028,33,F,65
2028,33,M,23
2028,34,F,50
2028,34,M,34
2028,35,F,32
2028,35,M,20
2028,36,F,70
2028,36,M,19
2028,37,F,85
2028,37,M,19
2028,38,F,80
2028,38,M,20
2028,39,F,68
2028,39,M,43
2028,40,F,79
2028,40,M,20
2028,41,F,76
2028,41,M,47
2028,42,F,61
2028,42,M,51
2028,43,F,73
2028,43,M,54
2028,44,F,36
2028,44,M,61
2028,45,F,68
2028,45,M,45
2028,46,F,100
2028,46,M,36
2028,47,F,116
2028,47,M,40
2028,48,F,64
2028,48,M,45
2028,49,F,75
2028,49,M,48
2028,50,F,46
2028,50,M,27
2028,51,F,65
2028,51,M,47
2028,52,F,114
2028,52,M,33
2028,53,F,82
2028,53,M,32
2028,54,F,64
2028,54,M,42
2028,55,F,80
2028,55,M,32
2028,56,F,75
2028,56,M,32
2028,57,F,58
2028,57,M,25
2028,58,F,79
2028,58,M,26
2028,59,F,68
2028,59,M,25
2028,60,F,64
2028,60,M,26
2028,61,F,55
2028,61,M,18
2028,62,F,56
2028,62,M,56
2028,63,F,75
2028,63,M,23
2028,64,F,89
2028,64,M,46
2028,65,F,90
2028,65,M,23
2028,66,F,112
2028,66,M,37
2028,67,F,75
2028,67,M,16
2028,68,F,85
2028,68,M,36
2028,69,F,67
2028,69,M,39
2028,70,F,112
2028,70,M,29
2028,71,F,68
2028,71,M,28
2028,72,F,83
2028,72,M,30
2028,73,F,89
2028,73,M,26
2028,74,F,49
2028,74,M,39
2028,75,F,61
2028,75,M,39
2028,76,F,107
2028,76,M,34
2028,77,F,78
2028,77,M,31
2028,78,F,125
2028,78,M,30
2028,79,F,87
2028,79,M,8
2028,80,F,98
2028,80,M,52
2028,81,F,67
2028,81,M,33
2028,82,F,112
2028,82,M,39
2028,83,F,49
2028,83,M,35
2028,84,F,80
2028,84,M,47
2028,85,F,72
2028,85,M,38
2028,86,F,59
2028,86,M,13
2028,87,F,58
2028,87,M,5
2028,88,F,63
2028,88,M,29
2028,89,F,50
2028,89,M,8
2028,90,F,25
2028,90,M,19
2028,91,F,27
2028,91,M,15
2028,92,F,39
2028,92,M,14
2028,93,F,18
2028,93,M,3
2028,94,F,13
2028,94,M,8
2028,95,F,8
2028,95,M,3
2028,96,F,17
2028,96,M,8
2028,97,F,8
2028,97,M,2
2028,98,F,7
2028,98,M,1
2028,99,F,6
2028,99,M,0
2028,100,F,6
2028,100,M,1
2028,101,F,3
2028,101,M,0
2028,102,F,3
2028,102,M,1
2028,103,F,1
2028,103,M,0
2028,104,F,3
2028,104,M,0
2028,105,F,0
2028,105,M,1
2028,106,F,0
2028,106,M,0
2028,107,F,1
2028,107,M,0
2028,108,F,0
2028,108,M,0
2028,109,F,0
2028,109,M,0
2028,110,F,0
2028,110,M,0
2029,0,F,0
2029,0,M,0
2029,1,F,0
2029,1,M,0
2029,2,F,0
2029,2,M,0
2029,3,F,527
2029,3,M,1204
2029,4,F,291
2029,4,M,527
2029,5,F,240
2029,5,M,356
2029,6,F,179
2029,6,M,310
2029,7,F,139
2029,7,M,221
2029,8,F,152
2029,8,M,170
2029,9,F,110
2029,9,M,187
2029,10,F,93
2029,10,M,163
2029,11,F,64
2029,11,M,99
2029,12,F,73
2029,12,M,92
2029,13,F,37
2029,13,M,70
2029,14,F,39
2029,14,M,44
2029,15,F,63
2029,15,M,43
2029,16,F,81
2029,16,M,59
2029,17,F,37
2029,17,M,49
2029,18,F,58
2029,18,M,30
2029,19,F,51
2029,19,M,29
2029,20,F,60
2029,20,M,35
2029,21,F,62
2029,21,M,53
2029,22,F,61
2029,22,M,37
2029,23,F,59
2029,23,M,37
2029,24,F,57
2029,24,M,21
2029,25,F,39
2029,25,M,33
2029,26,F,46
2029,26,M,12
2029,27,F,51
2029,27,M,27
2029,28,F,54
2029,28,M,36
2029,29,F,44
2029,29,M,27
2029,30,F,34
2029,30,M,30
2029,31,F,45
2029,31,M,17
2029,32,F,49
2029,32,M,27
2029,33,F,59
2029,33,M,24
2029,34,F,56
2029,34,M,31
2029,35,F,41
2029,35,M,24
2029,36,F,72
2029,36,M,28
2029,37,F,106
2029,37,M,31
2029,38,F,65
2029,38,M,17
2029,39,F,86
2029,39,M,53
2029,40,F,74
2029,40,M,32
2029,41,F,77
2029,41,M,50
2029,42,F,63
2029,42,M,52
2029,43,F,81
2029,43,M,59
2029,44,F,62
2029,44,M,68
2029,45,F,94
2029,45,M,52
2029,46,F,79
2029,46,M,37
2029,47,F,94
2029,47,M,60
2029,48,F,68
2029,48,M,52
2029,49,F,64
2029,49,M,31
2029,50,F,66
2029,50,M,32
2029,51,F,56
2029,51,M,44
2029,52,F,109
2029,52,M,33
2029,53,F,71
2029,53,M,34
2029,54,F,75
2029,54,M,45
2029,55,F,79
2029,55,M,31
2029,56,F,73
2029,56,M,42
2029,57,F,80
2029,57,M,16
2029,58,F,73
2029,58,M,22
2029,59,F,69
2029,59,M,34
2029,60,F,57
2029,60,M,18
2029,61,F,74
2029,61,M,26
2029,62,F,70
2029,62,M,38
2029,63,F,74
2029,63,M,35
2029,64,F,99
2029,64,M,34
2029,65,F,87
2029,65,M,21
2029,66,F,89
2029,66,M,46
2029,67,F,76
2029,67,M,18
2029,68,F,82
2029,68,M,30
2029,69,F,73
2029,69,M,30
2029,70,F,111
2029,70,M,26
2029,71,F,88
2029,71,M,31
2029,72,F,95
2029,72,M,29
2029,73,F,91
2029,73,M,36
2029,74,F,83
2029,74,M,28
2029,75,F,79
2029,75,M,55
2029,76,F,123
2029,76,M,36
2029,77,F,82
2029,77,M,28
2029,78,F,140
2029,78,M,24
2029,79,F,91
2029,79,M,17
2029,80,F,91
2029,80,M,52
2029,81,F,90
2029,81,M,41
2029,82,F,104
2029,82,M,43
2029,83,F,66
2029,83,M,32
2029,84,F,56
2029,84,M,32
2029,85,F,64
2029,85,M,28
2029,86,F,44
2029,86,M,21
2029,87,F,39
2029,87,M,16
2029,88,F,68
2029,88,M,20
2029,89,F,46
2029,89,M,6
2029,90,F,33
2029,90,M,18
2029,91,F,22
2029,91,M,17
2029,92,F,21
2029,92,M,11
2029,93,F,32
2029,93,M,15
2029,94,F,21
2029,94,M,11
2029,95,F,11
2029,95,M,9
2029,96,F,3
2029,96,M,2
2029,97,F,13
2029,97,M,5
2029,98,F,3
2029,98,M,2
2029,99,F,7
2029,99,M,2
2029,100,F,10
2029,100,M,1
2029,101,F,8
2029,101,M,0
2029,102,F,3
2029,102,M,0
2029,103,F,2
2029,103,M,0
2029,104,F,1
2029,104,M,0
2029,105,F,0
2029,105,M,1
2029,106,F,0
2029,106,M,0
2029,107,F,0
2029,107,M,0
2029,108,F,1
2029,108,M,0
2029,109,F,0
2029,109,M,0
2029,110,F,0
2029,110,M,0
2030,0,F,0
2030,0,M,0
2030,1,F,0
2030,1,M,0
2030,2,F,0
2030,2,M,0
2030,3,F,460
2030,3,M,1135
2030,4,F,287
2030,4,M,504
2030,5,F,217
2030,5,M,414
2030,6,F,182
2030,6,M,301
2030,7,F,153
2030,7,M,249
2030,8,F,166
2030,8,M,181
2030,9,F,116
2030,9,M,166
2030,10,F,59
2030,10,M,158
2030,11,F,83
2030,11,M,84
2030,12,F,55
2030,12,M,146
2030,13,F,44
2030,13,M,96
2030,14,F,66
2030,14,M,40
2030,15,F,60
2030,15,M,41
2030,16,F,84
2030,16,M,52
2030,17,F,37
2030,17,M,44
2030,18,F,47
2030,18,M,39
2030,19,F,48
2030,19,M,33
2030,20,F,65
2030,20,M,38
2030,21,F,42
2030,21,M,50
2030,22,F,61
2030,22,M,40
2030,23,F,68
2030,23,M,39
2030,24,F,53
2030,24,M,14
2030,25,F,34
2030,25,M,32
2030,26,F,47
2030,26,M,20
2030,27,F,48
2030,27,M,21
2030,28,F,60
2030,28,M,40
2030,29,F,60
2030,29,M,19
2030,30,F,38
2030,30,M,25
2030,31,F,67
2030,31,M,14
2030,32,F,53
2030,32,M,37
2030,33,F,37
2030,33,M,20
2030,34,F,54
2030,34,M,32
2030,35,F,51
2030,35,M,25
2030,36,F,78
2030,36,M,32
2030,37,F,70
2030,37,M,21
2030,38,F,81
2030,38,M,25
2030,39,F,72
2030,39,M,68
2030,40,F,78
2030,40,M,19
2030,41,F,74
2030,41,M,53
2030,42,F,59
2030,42,M,42
2030,43,F,58
2030,43,M,44
2030,44,F,52
2030,44,M,61
2030,45,F,89
2030,45,M,41
2030,46,F,88
2030,46,M,35
2030,47,F,117
2030,47,M,40
2030,48,F,73
2030,48,M,66
2030,49,F,63
2030,49,M,37
2030,50,F,61
2030,50,M,30
2030,51,F,68
2030,51,M,45
2030,52,F,93
2030,52,M,52
2030,53,F,78
2030,53,M,36
2030,54,F,66
2030,54,M,37
2030,55,F,88
2030,55,M,29
2030,56,F,78
2030,56,M,41
2030,57,F,65
2030,57,M,24
2030,58,F,83
2030,58,M,31
2030,59,F,78
2030,59,M,35
2030,60,F,47
2030,60,M,25
2030,61,F,92
2030,61,M,14
2030,62,F,58
2030,62,M,34
2030,63,F,84
2030,63,M,32
2030,64,F,94
2030,64,M,27
2030,65,F,97
2030,65,M,23
2030,66,F,97
2030,66,M,39
2030,67,F,72
2030,67,M,25
2030,68,F,102
2030,68,M,30
2030,69,F,72
2030,69,M,36
2030,70,F,117
2030,70,M,26
2030,71,F,72
2030,71,M,29
2030,72,F,88
2030,72,M,29
2030,73,F,86
2030,73,M,40
2030,74,F,65
2030,74,M,42
2030,75,F,90
2030,75,M,49
2030,76,F,98
2030,76,M,34
2030,77,F,88
2030,77,M,23
2030,78,F,117
2030,78,M,25
2030,79,F,103
2030,79,M,20
2030,80,F,105
2030,80,M,55
2030,81,F,83
2030,81,M,37
2030,82,F,129
2030,82,M,24
2030,83,F,86
2030,83,M,43
2030,84,F,96
2030,84,M,35
2030,85,F,62
2030,85,M,37
2030,86,F,60
2030,86,M,25
2030,87,F,50
2030,87,M,13
2030,88,F,74
2030,88,M,24
2030,89,F,53
2030,89,M,9
2030,90,F,40
2030,90,M,20
2030,91,F,42
2030,91,M,20
2030,92,F,33
2030,92,M,10
2030,93,F,21
2030,93,M,9
2030,94,F,18
2030,94,M,4
2030,95,F,12
2030,95,M,5
2030,96,F,10
2030,96,M,2
2030,97,F,7
2030,97,M,0
2030,98,F,12
2030,98,M,2
2030,99,F,4
2030,99,M,1
2030,100,F,6
2030,100,M,0
2030,101,F,4
2030,101,M,3
2030,102,F,3
2030,102,M,0
2030,103,F,2
2030,103,M,0
2030,104,F,1
2030,104,M,0
2030,105,F,0
2030,105,M,0
2030,106,F,0
2030,106,M,1
2030,107,F,0
2030,107,M,1
2030,108,F,0
2030,108,M,0
2030,109,F,0
2030,109,M,0
2030,110,F,0
2030,110,M,0
