fiscal_year,N,M,F,0,1,2,3,4,5,6,7,8,9,10,11,12,13,14,15,16,17,18,19,20,21,22,23,24,25,26,27,28,29,30,31,32,33,34,35,36,37,38,39,40,41,42,43,44,45,46,47,48,49,50,51,52,53,54,55,56,57,58,59,60,61,62,63,64,65,66,67,68,69,70,71,72,73,74,75,76,77,78,79,80,81,82,83,84,85,86,87,88,89,90,90+,F_0,F_1,F_10,F_11,F_12,F_13,F_14,F_15,F_16,F_17,F_18,F_19,F_2,F_20,F_21,F_22,F_23,F_24,F_25,F_26,F_27,F_28,F_29,F_3,F_30,F_31,F_32,F_33,F_34,F_35,F_36,F_37,F_38,F_39,F_4,F_40,F_41,F_42,F_43,F_44,F_45,F_46,F_47,F_48,F_49,F_5,F_50,F_51,F_52,F_53,F_54,F_55,F_56,F_57,F_58,F_59,F_6,F_60,F_61,F_62,F_63,F_64,F_65,F_66,F_67,F_68,F_69,F_7,F_70,F_71,F_72,F_73,F_74,F_75,F_76,F_77,F_78,F_79,F_8,F_80,F_81,F_82,F_83,F_84,F_85,F_86,F_87,F_88,F_89,F_9,F_90,F_90+,M_0,M_1,M_10,M_11,M_12,M_13,M_14,M_15,M_16,M_17,M_18,M_19,M_2,M_20,M_21,M_22,M_23,M_24,M_25,M_26,M_27,M_28,M_29,M_3,M_30,M_31,M_32,M_33,M_34,M_35,M_36,M_37,M_38,M_39,M_4,M_40,M_41,M_42,M_43,M_44,M_45,M_46,M_47,M_48,M_49,M_5,M_50,M_51,M_52,M_53,M_54,M_55,M_56,M_57,M_58,M_59,M_6,M_60,M_61,M_62,M_63,M_64,M_65,M_66,M_67,M_68,M_69,M_7,M_70,M_71,M_72,M_73,M_74,M_75,M_76,M_77,M_78,M_79,M_8,M_80,M_81,M_82,M_83,M_84,M_85,M_86,M_87,M_88,M_89,M_9,M_90,M_90+
1998,931835.9999999999,456647.99999999994,475187.99999999994,9807,10171.999999999998,10959.999999999998,10858.999999999998,11268.999999999998,11648.999999999998,11873,12536.999999999998,12707.999999999998,12371.999999999998,12133.999999999998,12467.999999999998,12584.999999999998,12607,12628.999999999998,12476.999999999998,12298.999999999998,12596.999999999998,12851.999999999998,12635.999999999998,12289.999999999998,12337.999999999998,12473.999999999998,12239.999999999998,12056.999999999998,12343.999999999998,12829.999999999998,13045.999999999998,12698.999999999998,12581.999999999998,12804.999999999998,13377.999999999998,14139.999999999998,15481,16291.999999999998,16456.999999999996,16433,16363.999999999996,15926.999999999998,15692.999999999996,15787,15671.999999999998,15269.999999999998,15192.999999999996,14896.999999999998,14152.999999999998,13698.999999999998,13747.999999999998,13440.999999999998,13494,13940.999999999998,13944.999999999998,11574.999999999998,10808,10526,10342.999999999998,9541,9202,8510,8587.999999999998,8205.999999999998,7973.999999999999,7774.999999999999,7627.999999999999,7384.999999999999,7407.999999999998,7384.999999999999,7183.999999999999,6752.999999999999,6656.999999999999,6493,6218.999999999999,6131.999999999999,5993,5751.999999999999,5445.999999999999,5549,5416.999999999999,5166,4387,4055.9999999999995,3832,3452.9999999999995,3196,2860.9999999999995,2613.9999999999995,2138.9999999999995,1831.9999999999998,1519.9999999999998,1242,0,4489,4777.999999999999,4876,6001.999999999999,6093.999999999999,6098.999999999999,6090.999999999999,6119.999999999999,6066.999999999999,6059.999999999999,6280.999999999999,6292.999999999999,6290.999999999999,5428,6126.999999999999,6061.999999999999,6122,6124.999999999999,6144.999999999999,6224.999999999999,6446.999999999999,6582.999999999999,6369.999999999999,6251.999999999999,5291.999999999999,6451.999999999999,6650.999999999999,7137.999999999999,7809.999999999998,8107.999999999998,8167.999999999999,8230.999999999998,8277,8072.999999999999,7963.999999999998,5501.999999999999,7991.999999999999,7855.999999999999,7726.999999999999,7656,7558,7161.999999999999,6991.999999999999,6945.999999999999,6620.999999999999,6782.999999999999,5718.999999999999,7003.999999999999,7038.999999999999,5745.999999999999,5374.999999999999,5280.999999999999,5210,4853.999999999999,4630.999999999999,4340,4376.999999999999,5825.999999999999,4122.999999999999,4022.9999999999995,3842.9999999999995,3840.999999999999,3807.999999999999,3796.9999999999995,3824,3788.9999999999995,3546.9999999999995,3606.9999999999995,6078.999999999999,3518.9999999999995,3480.9999999999995,3438.9999999999995,3381.9999999999995,3259.9999999999995,3122.9999999999995,3257.9999999999995,3184.9999999999995,3186,2647.9999999999995,6210.999999999999,2456,2386.9999999999995,2172.9999999999995,2081.9999999999995,1895.9999999999995,1762.9999999999998,1447.9999999999998,1281.9999999999998,1047.9999999999998,866.9999999999999,6086.999999999999,0,3426.9999999999995,5029,5295.999999999999,6131.999999999999,6373.999999999999,6485.999999999999,6515.999999999999,6509,6409.999999999999,6239,6315.999999999999,6558.999999999999,6344.999999999999,5531.999999999999,6162.999999999999,6275.999999999999,6351.999999999999,6114.999999999999,5912,6118.999999999999,6382.999999999999,6462.999999999999,6328.999999999999,6329.999999999999,5566.999999999999,6352.999999999999,6726.999999999999,7001.999999999999,7671,8183.999999999999,8288.999999999998,8202,8086.999999999999,7853.999999999999,7728.999999999998,5767,7794.999999999998,7815.999999999999,7543,7536.999999999998,7338.999999999999,6990.999999999999,6706.999999999999,6801.999999999999,6819.999999999999,6710.999999999999,5929.999999999999,6936.999999999999,6905.999999999999,5828.999999999999,5432.999999999999,5244.999999999999,5132.999999999999,4686.999999999999,4570.999999999999,4170,4211,6046.999999999999,4082.999999999999,3950.9999999999995,3931.9999999999995,3787,3576.9999999999995,3610.9999999999995,3560.9999999999995,3394.9999999999995,3205.9999999999995,3049.9999999999995,6457.999999999999,2973.9999999999995,2737.9999999999995,2692.9999999999995,2610.9999999999995,2491.9999999999995,2323,2291,2232,1979.9999999999998,1738.9999999999998,6497,1599.9999999999998,1444.9999999999998,1279.9999999999998,1114,965,850.9999999999999,690.9999999999999,550,471.9999999999999,374.99999999999994,6284.999999999999,0,1061.9999999999998
1999,933783.9999999998,457644.9999999999,476138.9999999998,9519.999999999996,9875.999999999996,10213.999999999996,10961.999999999996,10834.999999999996,11275.999999999998,11636.999999999996,11862.999999999998,12537.999999999996,12699.999999999996,12373.999999999996,12130.999999999996,12447.999999999996,12603.999999999996,12615.999999999996,12656.999999999996,12473.999999999996,12334.999999999996,12620.999999999996,12888.999999999996,12537.999999999996,12078.999999999996,12085.999999999998,12165.999999999996,11985.999999999996,11875.999999999996,12244.999999999998,12841.999999999996,13073.999999999996,12685.999999999996,12592.999999999996,12816.999999999998,13381.999999999996,14118.999999999996,15511.999999999998,16344.999999999996,16442.999999999996,16420.999999999996,16363.999999999995,15884.999999999998,15685.999999999998,15770.999999999995,15666.999999999995,15238.999999999995,15193.999999999998,14882.999999999996,14148.999999999996,13677.999999999996,13759.999999999996,13421.999999999996,13498.999999999996,13931.999999999996,14018.999999999996,11545.999999999996,10784.999999999998,10536.999999999996,10354.999999999996,9513.999999999996,9177.999999999998,8469.999999999998,8569.999999999998,8162.999999999998,7918.999999999997,7707.999999999997,7555.999999999998,7326.999999999998,7320.999999999998,7291.999999999998,7079.999999999998,6617.999999999998,6515.999999999998,6342.999999999998,6048.999999999998,5960.999999999998,5803.999999999998,5542.999999999999,5235.999999999999,5330.999999999998,5159.999999999999,4921.999999999998,4103.999999999999,3784.999999999999,3594.999999999999,3218.999999999999,2929.999999999999,2624.999999999999,2329.9999999999995,1912.9999999999998,1605.9999999999995,1306.9999999999998,0,4637.999999999999,4635.999999999999,4807.999999999999,6091.999999999999,6009.999999999998,6088.999999999999,6100.999999999998,6085.999999999998,6143.999999999999,6063.999999999998,6089.999999999998,6285.999999999998,6341.999999999999,4894.999999999999,6301.999999999998,6073.999999999998,5981.999999999999,6012.999999999998,6024.999999999998,6085.999999999998,6181.999999999998,6459.999999999998,6601.999999999998,6363.999999999998,5441.999999999998,6256.999999999998,6440.999999999998,6640.999999999998,7118.999999999998,7814.999999999997,8127.999999999998,8149.999999999997,8213.999999999998,8266.999999999998,8044.999999999998,5287.999999999999,7946.999999999999,7970.999999999997,7854.999999999997,7722.999999999998,7642.999999999998,7546.999999999998,7140.999999999998,6979.999999999998,6952.999999999998,6603.999999999998,5511.999999999998,6776.999999999998,6992.999999999998,7075.999999999998,5722.999999999998,5355.999999999999,5275.999999999998,5218.999999999999,4843.999999999998,4627.999999999999,4332.999999999999,5709.999999999998,4375.999999999999,4100.999999999999,4007.999999999999,3815.9999999999995,3818.9999999999986,3782.9999999999986,3778.999999999999,3794.999999999999,3753.9999999999986,3503.999999999999,5833.999999999998,3539.999999999999,3449.999999999999,3406.999999999999,3351.999999999999,3293.999999999999,3158.999999999999,3033.999999999999,3170.9999999999995,3071.9999999999995,3079.9999999999995,6083.999999999998,2514.9999999999995,2337.999999999999,2262.9999999999995,2046.9999999999993,1938.9999999999998,1754.9999999999995,1609.9999999999995,1310.9999999999995,1143.9999999999998,922.9999999999997,6212.999999999998,0,3517.999999999999,4883.999999999999,5067.999999999998,6281.999999999998,6120.999999999999,6358.999999999998,6502.999999999998,6529.999999999999,6512.999999999998,6409.999999999999,6244.999999999998,6334.999999999999,6546.999999999998,5318.999999999999,6235.999999999998,6004.999999999998,6103.999999999998,6152.999999999998,5960.999999999998,5789.999999999999,6062.999999999999,6381.999999999998,6471.999999999998,6321.999999999999,5519.999999999998,6335.999999999998,6375.999999999998,6740.999999999999,6999.999999999998,7696.999999999998,8216.999999999998,8292.999999999998,8206.999999999998,8096.999999999998,7839.999999999999,5546.999999999999,7738.999999999999,7799.999999999997,7811.999999999997,7515.999999999999,7550.999999999999,7335.999999999998,7007.999999999998,6697.999999999998,6806.999999999998,6817.999999999998,5763.999999999999,6721.999999999998,6938.999999999998,6942.999999999998,5822.999999999999,5428.999999999998,5260.999999999999,5135.999999999998,4669.999999999999,4549.999999999999,4136.999999999998,5926.999999999999,4193.999999999999,4061.9999999999986,3910.999999999999,3891.999999999999,3736.999999999999,3543.999999999999,3541.999999999999,3496.9999999999995,3325.999999999999,3113.9999999999995,6028.999999999998,2975.9999999999995,2892.999999999999,2641.9999999999995,2608.999999999999,2509.999999999999,2383.9999999999995,2201.9999999999995,2159.9999999999995,2087.999999999999,1841.9999999999995,6453.999999999998,1588.9999999999995,1446.9999999999995,1331.9999999999995,1171.9999999999998,990.9999999999998,869.9999999999998,719.9999999999998,601.9999999999999,461.99999999999994,383.99999999999994,6486.999999999998,0,1119.9999999999998
2000,933820.9999999997,457122.9999999998,476697.99999999977,9574.999999999996,9589.999999999996,9903.999999999996,10222.999999999996,10960.999999999995,10815.999999999995,11251.999999999996,11611.999999999996,11827.999999999996,12508.999999999995,12691.999999999996,12354.999999999995,12121.999999999996,12442.999999999996,12609.999999999995,12626.999999999996,12689.999999999995,12491.999999999996,12342.999999999996,12642.999999999996,12849.999999999995,12437.999999999996,11881.999999999996,11862.999999999996,11928.999999999996,11771.999999999996,11693.999999999996,12113.999999999996,12747.999999999996,12991.999999999996,12609.999999999995,12556.999999999996,12774.999999999995,13303.999999999995,14036.999999999995,15462.999999999995,16286.999999999995,16371.999999999995,16366.999999999995,16353.999999999995,15841.999999999995,15609.999999999993,15731.999999999995,15597.999999999996,15166.999999999995,15133.999999999995,14778.999999999996,14020.999999999995,13605.999999999995,13712.999999999995,13364.999999999995,13448.999999999995,13866.999999999996,14030.999999999995,11476.999999999996,10712.999999999996,10480.999999999996,10328.999999999996,9468.999999999996,9169.999999999996,8399.999999999996,8518.999999999996,8082.999999999997,7844.999999999996,7635.999999999997,7486.999999999997,7239.999999999997,7225.999999999997,7188.999999999997,6956.999999999997,6460.999999999998,6366.999999999997,6179.999999999997,5853.999999999998,5781.999999999998,5585.999999999998,5338.999999999998,5028.999999999998,5111.999999999998,4892.999999999998,4663.999999999998,3877.9999999999986,3515.9999999999986,3333.9999999999986,2941.999999999999,2693.9999999999986,2385.999999999999,2095.999999999999,1679.9999999999993,1383.9999999999995,0,4813.999999999998,4735.999999999998,4659.999999999998,6211.999999999998,6080.999999999998,6010.999999999998,6088.999999999998,6103.999999999998,6093.999999999998,6157.999999999997,6087.999999999997,6106.999999999998,6305.999999999998,4819.999999999998,6351.999999999997,6324.999999999997,6021.999999999998,5896.999999999998,5933.999999999998,5946.999999999998,6043.999999999998,6137.999999999997,6444.999999999997,6569.999999999997,4897.999999999998,6326.999999999997,6240.999999999998,6430.999999999998,6611.999999999997,7068.999999999997,7796.999999999997,8108.999999999996,8120.999999999997,8187.999999999997,8249.999999999996,5439.999999999998,8014.999999999996,7914.999999999996,7947.999999999997,7825.999999999997,7709.999999999996,7616.999999999997,7535.999999999997,7101.999999999997,6976.999999999997,6949.999999999997,5276.999999999998,6587.999999999997,6764.999999999997,6989.999999999997,7102.999999999997,5705.999999999998,5334.999999999998,5268.999999999998,5228.999999999998,4833.999999999998,4628.999999999998,5506.999999999998,4317.999999999998,4368.999999999999,4065.9999999999986,3973.9999999999986,3786.999999999999,3784.999999999998,3760.9999999999986,3751.999999999999,3753.9999999999986,3707.9999999999986,5698.999999999998,3435.9999999999986,3467.999999999999,3377.999999999999,3320.9999999999986,3274.9999999999986,3186.999999999999,3073.9999999999986,2934.9999999999986,3062.999999999999,2950.999999999999,5823.999999999998,2966.999999999999,2411.999999999999,2191.9999999999995,2139.999999999999,1896.9999999999993,1810.9999999999993,1612.9999999999993,1473.9999999999995,1179.9999999999995,992.9999999999995,6067.999999999997,0,3614.9999999999986,4838.999999999998,4929.999999999998,6479.999999999997,6273.999999999998,6110.999999999998,6353.999999999998,6505.999999999998,6532.999999999997,6531.999999999997,6403.999999999998,6235.999999999998,6336.999999999997,5083.999999999998,6497.999999999997,6112.999999999997,5859.999999999997,5965.999999999998,5994.999999999997,5824.999999999997,5649.999999999998,5975.999999999998,6302.999999999997,6421.999999999997,5324.999999999998,6282.999999999997,6315.999999999998,6343.999999999998,6691.999999999997,6967.999999999997,7665.999999999997,8177.999999999997,8250.999999999996,8178.999999999996,8103.999999999996,5520.999999999998,7826.999999999997,7694.999999999996,7783.999999999998,7771.999999999997,7456.999999999997,7516.999999999997,7242.999999999997,6918.999999999997,6628.999999999998,6762.999999999997,5538.999999999998,6776.999999999997,6683.999999999998,6876.999999999997,6927.999999999997,5770.999999999998,5377.999999999997,5211.999999999998,5099.999999999998,4634.999999999998,4540.999999999998,5744.999999999998,4081.999999999998,4149.999999999998,4016.999999999998,3870.9999999999986,3848.9999999999986,3701.999999999999,3478.9999999999986,3473.9999999999986,3434.9999999999986,3248.9999999999986,5912.999999999997,3024.9999999999986,2898.9999999999986,2801.999999999999,2532.999999999999,2506.999999999999,2398.999999999999,2264.999999999999,2093.999999999999,2048.999999999999,1941.9999999999993,6003.999999999998,1696.9999999999993,1465.9999999999995,1323.9999999999995,1193.9999999999995,1044.9999999999995,882.9999999999997,772.9999999999998,621.9999999999998,499.9999999999998,390.9999999999999,6440.999999999998,0,1198.9999999999995
2001,932493.9999999997,456353.9999999998,476139.99999999977,8973.999999999996,9617.999999999996,9634.999999999996,9886.999999999996,10277.999999999996,10835.999999999996,10825.999999999996,11220.999999999996,11549.999999999996,11864.999999999996,12434.999999999995,12630.999999999996,12346.999999999995,12192.999999999996,12402.999999999996,12614.999999999995,12663.999999999995,12741.999999999996,12442.999999999996,12338.999999999996,12536.999999999996,12608.999999999995,12166.999999999995,11618.999999999996,11627.999999999995,11611.999999999996,11553.999999999996,11574.999999999995,11984.999999999995,12653.999999999996,12874.999999999996,12556.999999999995,12550.999999999995,12723.999999999996,13236.999999999995,13988.999999999995,15328.999999999993,16181.999999999993,16262.999999999993,16305.999999999995,16308.999999999993,15792.999999999996,15612.999999999995,15661.999999999995,15456.999999999993,15118.999999999993,15040.999999999995,14648.999999999993,13977.999999999995,13612.999999999995,13649.999999999995,13400.999999999996,13437.999999999995,13781.999999999995,13835.999999999995,11583.999999999996,10712.999999999996,10462.999999999996,10227.999999999996,9465.999999999996,9103.999999999996,8419.999999999996,8425.999999999996,8040.999999999997,7756.999999999996,7548.999999999997,7376.999999999996,7163.999999999997,7116.999999999997,7045.999999999997,6782.999999999997,6322.999999999997,6179.999999999997,6015.999999999997,5703.999999999998,5575.999999999998,5378.999999999997,5109.999999999998,4821.999999999998,4880.999999999998,4596.999999999998,4333.999999999998,3658.999999999999,3273.9999999999986,3037.999999999999,2684.9999999999986,2399.999999999999,2119.9999999999995,1848.9999999999993,1464.9999999999995,0,5047.999999999998,4380.999999999998,4770.999999999998,6033.999999999998,6186.999999999998,6068.999999999997,6041.999999999997,6077.999999999998,6107.999999999998,6116.999999999998,6203.999999999998,6059.999999999997,6135.999999999997,4666.999999999998,6264.999999999998,6297.999999999998,6230.999999999998,5929.999999999998,5793.999999999997,5814.999999999998,5841.999999999998,6005.999999999998,6097.999999999997,6404.999999999997,4797.999999999998,6506.999999999997,6294.999999999998,6237.999999999997,6396.999999999998,6584.999999999997,7020.999999999997,7718.999999999997,8040.999999999997,8081.999999999997,8163.999999999997,4940.999999999998,8200.999999999996,7990.999999999996,7912.999999999997,7898.999999999997,7785.999999999996,7687.999999999996,7570.999999999996,7479.999999999997,7098.999999999997,6986.999999999998,5352.999999999998,6934.999999999997,6636.999999999997,6762.999999999997,6956.999999999997,6999.999999999997,5786.999999999998,5353.999999999998,5252.999999999998,5202.999999999998,4823.999999999998,5288.999999999998,4606.999999999998,4337.999999999998,4325.999999999998,4047.999999999998,3931.9999999999986,3776.9999999999986,3747.9999999999986,3734.999999999999,3713.9999999999986,3691.999999999998,5501.999999999998,3624.9999999999986,3386.999999999999,3371.9999999999986,3305.9999999999986,3248.9999999999986,3188.9999999999986,3087.9999999999986,2952.999999999999,2832.999999999999,2950.9999999999986,5660.999999999998,2815.999999999999,2795.9999999999986,2321.999999999999,2066.999999999999,1981.9999999999993,1755.9999999999993,1619.9999999999993,1452.9999999999995,1306.9999999999995,1044.9999999999995,5844.999999999998,0,3801.9999999999986,4592.999999999998,4846.999999999998,6400.999999999997,6443.999999999998,6277.999999999997,6150.999999999998,6324.999999999997,6506.999999999997,6546.999999999997,6537.999999999997,6382.999999999997,6202.999999999997,4967.999999999998,6271.999999999997,6310.999999999997,5935.999999999998,5688.999999999997,5833.999999999998,5796.999999999997,5711.999999999997,5568.999999999997,5886.999999999997,6248.999999999997,5088.999999999998,6367.999999999998,6261.999999999998,6312.999999999997,6326.999999999998,6651.999999999997,6967.999999999997,7609.999999999998,8140.999999999997,8180.999999999997,8141.999999999996,5336.999999999998,8107.999999999996,7801.999999999997,7699.999999999997,7762.999999999996,7670.999999999997,7430.999999999997,7469.999999999998,7168.999999999997,6878.999999999998,6625.999999999997,5482.999999999998,6714.999999999997,6763.999999999997,6674.999999999997,6824.999999999997,6835.999999999997,5796.999999999997,5358.999999999998,5209.999999999998,5024.999999999998,4641.999999999998,5536.999999999997,4496.999999999999,4081.9999999999986,4099.999999999999,3992.999999999998,3824.9999999999986,3771.9999999999986,3628.9999999999986,3428.9999999999986,3402.999999999999,3353.9999999999986,5718.999999999998,3157.9999999999986,2935.999999999999,2807.999999999999,2709.9999999999986,2454.999999999999,2386.999999999999,2290.999999999999,2156.999999999999,1988.999999999999,1929.9999999999993,5888.999999999998,1780.9999999999993,1537.9999999999995,1336.9999999999995,1206.9999999999995,1055.9999999999995,928.9999999999997,779.9999999999997,666.9999999999998,541.9999999999999,419.99999999999983,6019.999999999998,0,1245.9999999999995
2002,935179,457684,477495,8672,8995,9647,9617,9878,10275,10858,10839,11238,11586,11902,12478,12684,12362,12200,12409,12582,12701,12815,12594,12344,12518,12461,11916,11411,11452,11502,11476,11516,11977,12622,12902,12574,12563,12753,13286,14022,15399.000000000002,16223,16300,16341.000000000002,16326,15817,15632.999999999998,15737,15508.999999999998,15154.999999999998,15086.999999999998,14701.000000000002,14003,13612,13653,13420,13445,13797,13888,11565,10734,10502,10265,9507,9120,8392,8410,7996.999999999999,7693,7461,7261,7053,6968,6911,6636,6121,6052,5828,5518,5385,5151,4860,4588,4624,4316,4062,3410,3000,2746,2425,2151,1874,1619,0,5301,4261,4376,5875,6068,6213,6078,6058,6100,6130,6179,6244,6161,4780,6156,6317,6262,6132,5867,5722,5770,5805,5964,6081,4659,6375,6516,6287,6223,6410,6601,7022,7757.000000000001,8084,8120.999999999999,4796,8197,8224,7983.999999999999,7903,7903,7782,7699,7577,7505.000000000001,7120,4943,6986,6932,6638,6749,6968,7026,5763,5363,5283,5228,5379,4843,4608,4332,4312,4030,3908,3747,3699,3703,3653,5315,3633,3572,3320,3313,3235,3186,3121,2989,2844,2715,5524,2836,2674,2644,2189,1908.9999999999998,1815,1596,1477,1321,1151,5688,0,3991,4411,4619,6027,6410,6471,6284,6142,6309,6452,6522,6571,6433,4867,6188,6201,6199,5784,5544,5730,5732,5671,5552,5896,4958,6247,6386,6287,6340,6343,6685,7000,7641.999999999999,8139.000000000001,8179,5082,8144,8102,7832.999999999999,7730.000000000001,7833.999999999999,7727,7456.000000000001,7510,7196,6883,5332,6626,6721,6782,6696,6829,6862,5802,5371,5219,5037,5479,4664,4512,4059.9999999999995,4098,3967.0000000000005,3785,3714,3562,3350,3315,5524,3278,3064,2801,2739,2593,2332,2264,2162,2016.0000000000002,1872.9999999999998,5714,1788,1642,1418,1221,1091,931,829,674,553,468,5898,0,1310
2003,937716.9999999999,458271.99999999994,479444.9999999999,8614,8754.999999999998,9045,9693.999999999998,9621.999999999998,9898.999999999998,10289.999999999998,10869.999999999998,10860.999999999998,11258.999999999998,11614.999999999998,11936.999999999998,12530.999999999998,12743.999999999998,12430.999999999998,12240.999999999998,12465.999999999998,12646.999999999998,12777.999999999998,12961.999999999998,12706.999999999998,12386.999999999998,12418.999999999998,12327,11773.999999999998,11318.999999999998,11326.999999999998,11452,11441.999999999998,11447.999999999998,11962.999999999998,12545.999999999998,12910.999999999998,12560.999999999998,12593.999999999998,12748.999999999998,13296.999999999998,14037.999999999998,15432.999999999998,16261.999999999996,16310.999999999998,16352.999999999998,16303.999999999996,15793,15604,15744.999999999998,15491.999999999996,15146,15081.999999999998,14687.999999999996,13974.999999999998,13589.999999999998,13658.999999999998,13408.999999999998,13418,13808.999999999998,13923.999999999998,11533.999999999998,10737,10509,10277.999999999998,9487.999999999998,9104,8335.999999999998,8361.999999999998,7922.999999999998,7590.999999999999,7383.999999999999,7155.999999999999,6935.999999999999,6834.999999999999,6745.999999999999,6500.999999999999,5931,5902.999999999999,5646.999999999999,5313.999999999999,5179.999999999999,4910.999999999999,4618.999999999999,4360,4368.999999999999,4043.999999999999,3776.9999999999995,3156.9999999999995,2730.9999999999995,2490.9999999999995,2159,1905,1619.9999999999998,0,5659.999999999999,4199,4290.999999999999,5711.999999999999,5906.999999999999,6101.999999999999,6244.999999999999,6095.999999999999,6084.999999999999,6156.999999999999,6200.999999999999,6259.999999999999,6354.999999999999,4390.999999999999,6237.999999999999,6195.999999999999,6318.999999999999,6251.999999999999,6079.999999999999,5850.999999999999,5685.999999999999,5774.999999999999,5810.999999999999,5947.999999999999,4800.999999999999,6081,6365.999999999999,6529.999999999999,6296.999999999999,6240.999999999999,6437.999999999999,6618.999999999999,7048.999999999999,7815.999999999999,8130.999999999998,4665.999999999999,8157.999999999999,8221.999999999998,8238,7963.999999999999,7899,7916.999999999999,7786.999999999999,7714.999999999999,7600.999999999999,7528.999999999999,4812.999999999999,7123.999999999999,6974.999999999999,6926.999999999999,6629.999999999999,6746.999999999999,6979.999999999999,7059.999999999999,5751.999999999999,5372.999999999999,5303.999999999999,4950,5240.999999999999,4842.999999999999,4589.999999999999,4316.999999999999,4297.999999999999,4007.999999999999,3881.9999999999995,3721.9999999999995,3659.9999999999995,3664.9999999999995,5404.999999999999,3594.9999999999995,3574.9999999999995,3517.9999999999995,3245.9999999999995,3257.9999999999995,3156.9999999999995,3083.9999999999995,3023.9999999999995,2875.9999999999995,2718.9999999999995,5341.999999999999,2607,2711.9999999999995,2528.9999999999995,2490.9999999999995,2045.9999999999998,1765.9999999999998,1671.9999999999998,1438.9999999999998,1325.9999999999998,1159.9999999999998,5551.999999999999,0,4262.999999999999,4415,4463.999999999999,5902.999999999999,6029.999999999999,6428.999999999999,6498.999999999999,6334.999999999999,6155.999999999999,6308.999999999999,6445.999999999999,6517.999999999999,6606.999999999999,4654,6468.999999999999,6191,6100,6074.999999999999,5694,5468,5640.999999999999,5677,5630.999999999999,5499.999999999999,4893,5881.999999999999,6179.999999999999,6380.999999999999,6263.999999999999,6352.999999999999,6310.999999999999,6677.999999999999,6988.999999999999,7616.999999999999,8130.999999999998,4956,8152.999999999999,8130.999999999998,8065.999999999999,7828.999999999999,7704.999999999999,7827.999999999999,7704.999999999999,7430.999999999999,7480.999999999999,7158.999999999999,5085.999999999999,6850.999999999999,6614.999999999999,6731.999999999999,6778.999999999999,6670.999999999999,6828.999999999999,6863.999999999999,5781.999999999999,5363.999999999999,5204.999999999999,5339.999999999999,5036.999999999999,4644.999999999999,4514,4018.999999999999,4063.9999999999995,3914.999999999999,3708.9999999999995,3661.9999999999995,3495.9999999999995,3271,5464.999999999999,3239.9999999999995,3170.9999999999995,2982.9999999999995,2684.9999999999995,2645,2489.9999999999995,2229.9999999999995,2155.9999999999995,2035,1899.9999999999998,5518.999999999999,1752.9999999999998,1656.9999999999998,1515,1285.9999999999998,1110.9999999999998,964.9999999999998,818.9999999999999,719.9999999999999,578.9999999999999,459.99999999999994,5706.999999999999,0,1396.9999999999998
2004,939664,458748,480916,8663,8670,8813,9073,9729,9617,9907,10272,10877,10879,11270,11646,11946,12576,12853,12507,12312,12540,12666,12951,13006,12651,12219,12232,12128,11569,11193,11200,11419,11429,11444,11990,12522,12922,12564,12589,12745,13313,14044,15476.999999999998,16279.000000000002,16345.000000000002,16338.999999999998,16276.999999999998,15765.000000000002,15584.999999999998,15764,15520.999999999998,15125,15101,14722,13986,13580,13638,13407,13392,13808,13964,11508,10725,10510,10265,9472,9061,8257,8309,7855.000000000001,7496.999999999999,7264,7021,6799,6688,6588,6338,5774,5682,5439,5092,4947,4694,4380,4102,4080,3744.0000000000005,3500,2890,2467,2229,1914.9999999999998,1657,0,5894,4283,4251,5573,5722,5918,6128,6297,6133,6141,6218,6259,6376,4309,6415,6225,6129,6261,6195,6005,5812,5653,5767,5811,4400,5956,6092,6352,6527,6317,6240,6451,6633,7069,7847,4824,8160,8189.000000000001,8234,8249,7946,7902,7937.999999999999,7812.000000000001,7727.000000000001,7610,4670,7549,7122,6957,6904,6626,6739,7001,7096,5739,5379,4822,5317,5239,4843,4568,4294,4275,3979.9999999999995,3850.9999999999995,3688,3610,4947,3618,3535,3521,3466,3185,3160,3064,2991,2923,2758,5423,2607,2471,2572,2386,2348,1905,1626,1526,1289,1176,5362,0,4432,4380,4419,5697,5924,6028,6448,6556,6374,6171,6322,6407,6575,4504,6591,6426,6090,5971,5933,5564,5381,5547,5652,5618,4673,5488,5898,6170,6395,6247,6349,6294,6680,6975,7630.000000000001,4905,8119,8156.000000000001,8105,8028.000000000001,7819,7683.000000000001,7826,7709,7398,7491,4947,7173,6864,6623,6734,6781,6653,6807,6868,5769,5346,5085,5193,5026,4629,4493,3963,4033.9999999999995,3875,3646,3576,3411,5325,3181,3153,3067,2872,2589,2522,2375,2101,2024,1935.9999999999998,5454,1773,1631,1508,1358,1152,985,841,703,626,481,5517,0,1462
2005,937925.9999999995,456938.99999999977,480986.99999999977,8470.999999999996,8646.999999999996,8648.999999999995,8822.999999999996,9068.999999999995,9729.999999999996,9587.999999999995,9877.999999999995,10210.999999999995,10857.999999999995,10863.999999999995,11252.999999999995,11632.999999999995,11945.999999999993,12635.999999999995,12910.999999999993,12596.999999999995,12424.999999999995,12594.999999999993,12721.999999999995,12884.999999999993,12929.999999999995,12416.999999999993,11949.999999999995,11873.999999999995,11834.999999999995,11233.999999999995,10936.999999999995,10991.999999999995,11315.999999999995,11322.999999999995,11315.999999999995,11912.999999999993,12420.999999999995,12881.999999999995,12500.999999999995,12491.999999999993,12670.999999999993,13231.999999999993,14002.999999999995,15464.999999999993,16264.99999999999,16315.999999999993,16305.999999999993,16201.999999999993,15711.99999999999,15526.999999999993,15710.999999999993,15473.999999999995,15060.999999999995,15043.999999999993,14693.99999999999,13936.999999999993,13520.999999999993,13608.999999999993,13368.999999999993,13329.999999999993,13775.999999999993,13968.999999999993,11451.999999999993,10697.999999999995,10496.999999999995,10237.999999999995,9450.999999999996,9005.999999999996,8151.999999999995,8219.999999999995,7744.999999999996,7383.999999999995,7130.999999999996,6906.999999999996,6663.999999999996,6520.999999999997,6419.999999999997,6162.999999999996,5596.999999999997,5490.999999999997,5242.999999999997,4877.999999999997,4728.999999999997,4451.999999999998,4116.999999999998,3852.9999999999977,3795.9999999999986,3452.999999999998,3198.9999999999986,2622.999999999999,2207.9999999999986,1955.9999999999989,1642.9999999999993,0,6120.999999999997,4128.999999999997,4309.999999999998,5371.999999999997,5577.999999999997,5717.999999999996,5923.999999999997,6155.999999999997,6327.999999999997,6160.999999999996,6204.999999999997,6250.999999999997,6317.999999999997,4257.999999999997,6390.999999999996,6428.999999999996,6136.999999999997,6027.999999999997,6152.999999999996,6110.999999999997,5858.999999999997,5726.999999999997,5571.999999999997,5742.999999999997,4310.999999999997,5777.999999999997,5919.999999999997,6068.999999999997,6322.999999999997,6531.999999999997,6307.999999999996,6219.999999999996,6454.999999999996,6623.999999999996,7074.999999999996,4393.999999999997,7852.999999999996,8166.999999999995,8192.999999999995,8219.999999999995,8244.999999999996,7929.999999999996,7899.999999999995,7945.999999999996,7821.999999999996,7725.999999999996,4840.999999999998,7597.999999999995,7545.999999999996,7110.999999999996,6926.999999999996,6886.999999999996,6612.999999999997,6725.999999999996,6997.999999999996,7118.999999999996,5716.999999999997,4667.999999999997,5375.999999999997,5319.999999999997,5224.999999999997,4828.999999999997,4532.999999999998,4266.999999999998,4242.999999999998,3946.9999999999977,3820.9999999999977,3640.999999999998,4817.999999999997,3562.999999999998,3573.999999999998,3466.999999999998,3455.999999999998,3404.999999999998,3115.9999999999986,3071.9999999999986,2976.999999999998,2883.9999999999986,2820.9999999999986,4928.999999999997,2637.9999999999986,2494.9999999999986,2355.999999999999,2430.9999999999986,2222.9999999999986,2175.9999999999986,1744.9999999999993,1478.9999999999993,1351.9999999999993,1123.9999999999993,5430.999999999997,0,4632.999999999997,4341.999999999998,4336.999999999998,5491.999999999997,5674.999999999997,5914.999999999997,6021.999999999997,6479.999999999996,6582.999999999997,6435.999999999997,6219.999999999996,6343.999999999997,6403.999999999997,4390.999999999998,6493.999999999997,6500.999999999996,6279.999999999997,5921.999999999996,5720.999999999997,5723.999999999997,5374.999999999997,5209.999999999997,5419.999999999997,5572.999999999997,4511.999999999997,5544.999999999997,5395.999999999997,5843.999999999996,6097.999999999997,6349.999999999997,6192.999999999996,6271.999999999997,6215.999999999997,6607.999999999996,6927.999999999996,4674.999999999998,7611.999999999996,8097.999999999995,8122.999999999996,8085.999999999995,7956.999999999997,7781.999999999995,7626.999999999996,7764.999999999995,7651.999999999995,7334.999999999997,4888.999999999998,7445.999999999996,7147.999999999996,6825.999999999996,6593.999999999997,6721.999999999996,6755.999999999996,6603.999999999997,6777.999999999996,6849.999999999996,5734.999999999997,4919.999999999997,5321.999999999997,5176.999999999997,5012.999999999998,4621.999999999997,4472.999999999998,3884.9999999999977,3976.999999999998,3797.999999999998,3562.999999999998,3489.9999999999986,5059.999999999997,3343.9999999999986,3089.9999999999986,3053.9999999999986,2963.9999999999986,2757.9999999999986,2480.999999999999,2418.999999999999,2265.999999999999,1993.999999999999,1907.999999999999,5281.999999999997,1813.999999999999,1621.999999999999,1496.9999999999993,1364.9999999999993,1229.9999999999993,1022.9999999999994,877.9999999999995,728.9999999999997,603.9999999999997,518.9999999999998,5426.999999999997,0,1487.9999999999993
2006,937881.9999999998,456419.9999999999,481461.9999999998,8442.999999999998,8410.999999999998,8608.999999999996,8644.999999999998,8893.999999999996,9110.999999999998,9676.999999999996,9589.999999999998,9889.999999999996,10208.999999999998,10800.999999999998,10912.999999999998,11227.999999999996,11657.999999999996,12031.999999999996,12657.999999999998,12977.999999999996,12784.999999999996,12510.999999999998,12695.999999999996,12601.999999999996,12684.999999999996,12570.999999999998,12087.999999999998,11592.999999999998,11525.999999999998,11514.999999999998,11025.999999999998,10842.999999999996,10907.999999999998,11281.999999999998,11305.999999999996,11331.999999999996,11910.999999999996,12340.999999999998,12841.999999999998,12513.999999999998,12494.999999999996,12673.999999999996,13236.999999999996,14083.999999999996,15440.999999999996,16216.999999999996,16305.999999999996,16313.999999999998,16099.999999999996,15708.999999999996,15513.999999999998,15672.999999999995,15448.999999999995,15076.999999999996,15004.999999999995,14681.999999999996,13961.999999999996,13550.999999999996,13551.999999999996,13397.999999999996,13313.999999999998,13742.999999999996,13757.999999999996,11529.999999999996,10715.999999999996,10467.999999999998,10166.999999999998,9451.999999999998,8931.999999999998,8135.999999999998,8133.999999999999,7656.999999999997,7273.999999999998,7007.999999999998,6772.999999999998,6527.999999999998,6377.999999999998,6216.999999999998,5980.999999999998,5410.999999999998,5279.999999999999,5021.999999999999,4655.999999999999,4491.999999999999,4200.999999999998,3871.999999999999,3631.999999999999,3494.999999999999,3185.9999999999995,2893.999999999999,2383.999999999999,1988.9999999999993,1731.9999999999995,0,6405.999999999998,4122.999999999999,4092.9999999999986,5400.999999999998,5408.999999999999,5565.999999999999,5729.999999999999,5954.999999999998,6183.999999999998,6360.999999999998,6253.999999999999,6238.999999999998,6320.999999999998,4297.999999999999,6310.999999999998,6347.999999999998,6267.999999999998,6006.999999999998,5886.999999999999,6022.999999999998,6011.999999999999,5755.999999999999,5688.999999999998,5569.999999999998,4270.999999999999,5748.999999999999,5793.999999999998,5899.999999999999,6079.999999999999,6293.999999999998,6526.999999999998,6330.999999999998,6253.999999999999,6472.999999999998,6657.999999999998,4349.999999999999,7105.999999999998,7828.999999999999,8150.999999999998,8196.999999999998,8217.999999999998,8227.999999999998,7939.999999999998,7921.999999999997,7957.999999999998,7838.999999999998,4429.999999999999,7708.999999999998,7587.999999999997,7508.999999999998,7127.999999999998,6906.999999999998,6852.999999999998,6656.999999999999,6723.999999999998,6996.999999999998,7003.999999999998,4805.999999999999,5766.999999999998,5388.999999999999,5307.999999999998,5195.999999999999,4825.999999999999,4521.999999999998,4254.999999999999,4210.999999999998,3916.999999999999,3785.999999999999,4689.999999999999,3608.999999999999,3518.999999999999,3514.999999999999,3417.999999999999,3365.999999999999,3328.999999999999,3034.9999999999995,2964.9999999999995,2878.999999999999,2765.999999999999,4818.999999999999,2701.999999999999,2523.9999999999995,2390.9999999999995,2275.999999999999,2264.9999999999995,2085.9999999999995,1977.9999999999995,1631.9999999999995,1354.9999999999995,1198.9999999999998,4943.999999999999,0,4836.999999999999,4319.999999999999,4317.999999999999,5399.999999999998,5503.999999999999,5661.999999999998,5927.999999999998,6076.999999999999,6473.999999999998,6616.999999999998,6530.999999999998,6271.999999999998,6374.999999999999,4310.999999999999,6290.999999999998,6336.999999999998,6302.999999999999,6080.999999999998,5705.999999999998,5502.999999999999,5502.999999999999,5269.999999999998,5153.999999999999,5337.999999999998,4373.999999999999,5532.999999999999,5511.999999999998,5431.999999999999,5830.999999999999,6046.999999999998,6314.999999999998,6182.999999999998,6240.999999999999,6200.999999999998,6578.999999999998,4543.999999999999,6977.999999999998,7611.999999999998,8065.999999999997,8108.999999999997,8095.999999999998,7871.999999999999,7768.999999999997,7591.999999999998,7714.999999999998,7609.999999999999,4680.999999999999,7367.999999999999,7416.999999999999,7172.999999999998,6833.999999999999,6643.999999999999,6698.999999999998,6740.999999999998,6589.999999999998,6745.999999999998,6753.999999999998,4870.999999999999,5762.999999999999,5326.999999999999,5159.999999999999,4970.999999999998,4625.999999999999,4409.999999999999,3880.999999999999,3922.9999999999995,3739.999999999999,3487.999999999999,4899.999999999999,3398.9999999999995,3253.999999999999,3012.999999999999,2959.9999999999995,2850.999999999999,2651.9999999999995,2375.999999999999,2314.999999999999,2142.9999999999995,1889.9999999999995,5070.999999999999,1789.9999999999995,1676.9999999999995,1480.9999999999995,1355.9999999999995,1229.9999999999998,1099.9999999999998,915.9999999999999,751.9999999999998,633.9999999999999,532.9999999999999,5264.999999999999,0,1568.9999999999995
2007,935114.9999999998,455063.9999999999,480050.9999999999,8636.999999999996,8531.999999999998,8461.999999999998,8658.999999999998,8666.999999999998,8938.999999999998,9128.999999999996,9699.999999999998,9603.999999999998,9935.999999999996,10241.999999999998,10850.999999999996,10937.999999999996,11250.999999999998,11672.999999999996,12017.999999999996,12675.999999999996,13027.999999999996,12737.999999999998,12468.999999999996,12538.999999999996,12397.999999999996,12300.999999999996,12115.999999999996,11695.999999999998,11249.999999999996,11270.999999999998,11319.999999999998,10900.999999999996,10736.999999999996,10863.999999999996,11255.999999999996,11292.999999999998,11344.999999999996,11906.999999999998,12370.999999999998,12848.999999999996,12519.999999999996,12460.999999999996,12645.999999999996,13166.999999999996,13992.999999999996,15336.999999999998,16062.999999999995,16174.999999999996,16161.999999999996,16063.999999999996,15635.999999999998,15452.999999999998,15624.999999999998,15393.999999999996,15007.999999999996,14976.999999999996,14630.999999999996,13879.999999999996,13475.999999999996,13502.999999999996,13336.999999999996,13240.999999999996,13690.999999999996,13726.999999999996,11404.999999999996,10582.999999999996,10349.999999999998,10071.999999999996,9306.999999999998,8806.999999999998,7994.999999999998,8025.999999999998,7504.999999999998,7115.999999999998,6843.999999999998,6585.999999999998,6323.999999999998,6154.999999999998,5992.999999999999,5733.999999999998,5139.999999999999,5031.999999999998,4777.999999999999,4395.999999999999,4215.999999999999,3908.9999999999995,3603.999999999999,3339.999999999999,3221.999999999999,2876.999999999999,2584.9999999999995,2125.9999999999995,1750.9999999999995,0,6606.999999999998,4156.999999999999,4179.999999999999,4942.999999999999,5404.999999999999,5374.999999999999,5544.999999999999,5704.999999999998,5934.999999999999,6186.999999999998,6383.999999999998,6218.999999999999,6222.999999999998,4120.999999999999,6259.999999999998,6203.999999999998,6131.999999999999,6009.999999999998,5816.999999999998,5693.999999999999,5895.999999999999,5918.999999999998,5731.999999999999,5668.999999999999,4322.999999999998,5592.999999999999,5766.999999999999,5795.999999999999,5908.999999999998,6060.999999999999,6308.999999999998,6532.999999999998,6337.999999999998,6243.999999999999,6469.999999999999,4272.999999999999,6626.999999999998,7091.999999999998,7809.999999999998,8106.999999999999,8152.999999999997,8164.999999999999,8218.999999999998,7923.999999999999,7921.999999999997,7960.999999999997,4369.999999999999,7817.999999999999,7692.999999999999,7591.999999999998,7499.999999999999,7109.999999999998,6894.999999999998,6859.999999999998,6639.999999999998,6700.999999999999,6969.999999999998,4422.999999999999,7013.999999999998,5717.999999999999,5335.999999999998,5258.999999999999,5164.999999999999,4772.999999999999,4476.999999999998,4188.999999999999,4168.999999999998,3848.999999999999,4807.999999999999,3717.999999999999,3535.999999999999,3455.999999999999,3436.999999999999,3333.999999999999,3279.999999999999,3215.999999999999,2917.999999999999,2848.9999999999995,2770.999999999999,4680.999999999999,2635.999999999999,2565.999999999999,2378.9999999999995,2253.9999999999995,2118.9999999999995,2101.9999999999995,1908.9999999999995,1777.9999999999995,1476.9999999999995,1208.9999999999998,4823.999999999998,0,4964.999999999999,4479.999999999999,4351.999999999998,5298.999999999999,5445.999999999998,5562.999999999999,5705.999999999998,5967.999999999999,6082.999999999998,6488.999999999999,6643.999999999998,6518.999999999998,6245.999999999998,4340.999999999999,6278.999999999998,6193.999999999998,6168.999999999998,6105.999999999998,5878.999999999998,5555.999999999998,5374.999999999999,5400.999999999999,5168.999999999999,5067.999999999999,4335.999999999999,5270.999999999999,5488.999999999998,5496.999999999999,5435.999999999998,5845.999999999998,6061.999999999998,6315.999999999999,6181.999999999998,6216.999999999998,6175.999999999999,4393.999999999999,6539.999999999998,6900.999999999998,7526.999999999997,7955.999999999998,8021.999999999998,7996.999999999998,7844.999999999997,7711.999999999999,7530.999999999998,7663.999999999999,4568.999999999998,7575.999999999997,7314.999999999997,7384.999999999999,7130.999999999998,6769.999999999998,6580.999999999999,6642.999999999998,6696.999999999998,6539.999999999998,6720.999999999998,4705.999999999999,6712.999999999998,5686.999999999998,5246.999999999999,5090.999999999999,4906.999999999999,4533.999999999999,4329.999999999999,3805.999999999999,3856.999999999999,3655.999999999999,4891.999999999998,3397.999999999999,3307.999999999999,3129.999999999999,2886.999999999999,2820.9999999999995,2712.999999999999,2517.999999999999,2221.9999999999995,2182.9999999999995,2006.9999999999993,4922.999999999999,1759.9999999999995,1649.9999999999998,1529.9999999999995,1349.9999999999998,1220.9999999999998,1119.9999999999998,967.9999999999998,806.9999999999998,648.9999999999999,541.9999999999999,5111.999999999999,0,1641.9999999999995
2008,935896.9999999998,456243.9999999999,479652.9999999999,9081.999999999998,8665.999999999998,8578.999999999998,8499.999999999998,8707.999999999998,8696.999999999996,8985.999999999998,9147.999999999998,9737.999999999998,9648.999999999998,9979.999999999996,10292.999999999998,10893.999999999996,10967.999999999998,11298.999999999996,11657.999999999996,12022.999999999996,12735.999999999996,13013.999999999996,12855.999999999996,12432.999999999996,12408.999999999996,12157.999999999996,12015.999999999998,11743.999999999996,11416.999999999998,11069.999999999996,11163.999999999996,11297.999999999996,10942.999999999996,10784.999999999996,10873.999999999998,11319.999999999996,11376.999999999998,11438.999999999996,11959.999999999996,12406.999999999996,12923.999999999996,12570.999999999996,12499.999999999996,12658.999999999996,13167.999999999996,13929.999999999996,15285.999999999995,15960.999999999996,16081.999999999996,16094.999999999996,16071.999999999996,15625.999999999996,15435.999999999996,15609.999999999995,15364.999999999998,14987.999999999995,14938.999999999995,14605.999999999996,13842.999999999996,13429.999999999998,13461.999999999996,13286.999999999996,13167.999999999996,13648.999999999996,13717.999999999998,11328.999999999996,10484.999999999998,10247.999999999998,9948.999999999998,9167.999999999998,8678.999999999996,7858.999999999997,7895.999999999999,7380.999999999998,6995.999999999998,6658.999999999998,6397.999999999998,6113.999999999999,5960.999999999999,5773.999999999999,5516.999999999998,4887.999999999999,4790.999999999999,4530.999999999999,4127.999999999999,3989.9999999999986,3605.999999999999,3312.999999999999,3054.999999999999,2976.9999999999995,2596.9999999999995,2298.999999999999,1848.9999999999998,0,6796.999999999998,4409.999999999999,4177.999999999999,4832.999999999999,4948.999999999998,5404.999999999999,5356.999999999998,5541.999999999999,5667.999999999999,5935.999999999999,6217.999999999998,6351.999999999998,6270.999999999998,4196.999999999999,6190.999999999998,6187.999999999999,6014.999999999999,5955.999999999998,5788.999999999998,5662.999999999998,5588.999999999998,5813.999999999998,5884.999999999998,5747.999999999998,4141.999999999999,5682.999999999998,5599.999999999998,5779.999999999998,5817.999999999998,5948.999999999998,6063.999999999998,6316.999999999998,6551.999999999998,6342.999999999998,6248.999999999999,4339.999999999999,6472.999999999998,6620.999999999998,7066.999999999998,7804.999999999997,8064.999999999998,8114.999999999997,8131.999999999998,8214.999999999998,7935.999999999997,7928.999999999998,4272.999999999999,7966.999999999997,7797.999999999998,7695.999999999998,7581.999999999998,7498.999999999997,7096.999999999998,6889.999999999998,6858.999999999999,6621.999999999998,6674.999999999998,4383.999999999999,6946.999999999998,7011.999999999998,5691.999999999998,5301.999999999999,5214.999999999998,5123.999999999999,4715.999999999999,4420.999999999999,4133.999999999999,4104.999999999999,4419.999999999999,3798.9999999999986,3659.9999999999995,3451.9999999999995,3381.999999999999,3345.999999999999,3250.999999999999,3191.9999999999995,3121.999999999999,2812.9999999999995,2731.9999999999995,4812.999999999999,2650.9999999999995,2518.9999999999995,2454.9999999999995,2227.9999999999995,2100.9999999999995,1968.9999999999995,1966.9999999999993,1733.9999999999995,1602.9999999999995,1301.9999999999995,4691.999999999999,0,5090.999999999998,4671.999999999999,4487.999999999998,5146.999999999998,5343.999999999999,5488.999999999998,5610.999999999998,5756.999999999998,5989.999999999999,6086.999999999999,6517.999999999998,6661.999999999998,6584.999999999998,4381.999999999999,6241.999999999998,6220.999999999998,6142.999999999999,6059.999999999999,5954.999999999998,5753.999999999999,5480.999999999998,5349.999999999998,5412.999999999998,5194.999999999998,4357.999999999999,5101.999999999998,5273.999999999999,5539.999999999999,5558.999999999998,5489.999999999998,5895.999999999999,6089.999999999998,6371.999999999998,6227.999999999998,6250.999999999998,4367.999999999999,6185.999999999999,6546.999999999998,6862.999999999998,7480.999999999997,7895.999999999999,7966.999999999997,7962.999999999997,7856.999999999998,7689.999999999998,7506.999999999998,4423.999999999999,7642.999999999997,7566.999999999999,7291.999999999998,7356.999999999998,7106.999999999998,6745.999999999998,6539.999999999998,6602.999999999998,6664.999999999998,6492.999999999998,4601.999999999999,6701.999999999998,6705.999999999999,5636.999999999999,5182.999999999998,5032.999999999998,4824.999999999999,4451.999999999998,4257.999999999999,3724.9999999999995,3790.999999999999,4727.999999999999,3581.999999999999,3335.999999999999,3206.999999999999,3015.999999999999,2767.9999999999995,2709.999999999999,2581.9999999999995,2394.9999999999995,2074.9999999999995,2058.9999999999995,4924.999999999999,1879.9999999999995,1608.9999999999998,1534.9999999999995,1377.9999999999995,1211.9999999999995,1085.9999999999995,1009.9999999999997,862.9999999999999,695.9999999999998,546.9999999999999,4956.999999999999,0,1705.9999999999995
2009,938207.9999999995,458097.99999999977,480109.9999999998,8886.999999999996,9126.999999999995,8693.999999999996,8631.999999999996,8552.999999999996,8785.999999999996,8750.999999999995,9035.999999999996,9168.999999999995,9809.999999999995,9700.999999999996,10025.999999999996,10339.999999999995,10949.999999999995,11015.999999999995,11324.999999999993,11693.999999999995,12063.999999999993,12804.999999999995,13185.999999999995,12958.999999999995,12415.999999999995,12283.999999999995,11998.999999999995,11800.999999999993,11574.999999999995,11311.999999999995,11038.999999999995,11185.999999999995,11344.999999999995,11068.999999999995,10890.999999999995,10971.999999999995,11441.999999999993,11521.999999999995,11544.999999999995,12017.999999999993,12441.999999999995,13011.999999999993,12612.999999999995,12529.999999999995,12716.999999999995,13145.999999999993,13878.999999999995,15224.999999999995,15887.999999999993,16009.999999999993,16041.99999999999,16067.999999999993,15612.999999999993,15401.999999999993,15579.99999999999,15347.99999999999,14933.999999999993,14927.999999999995,14539.999999999993,13787.999999999993,13387.999999999993,13400.999999999993,13212.999999999993,13103.999999999993,13596.999999999993,13676.999999999993,11214.999999999995,10362.999999999995,10131.999999999995,9823.999999999995,9033.999999999995,8540.999999999996,7698.999999999995,7754.999999999996,7248.999999999996,6818.999999999996,6469.999999999997,6220.999999999997,5889.999999999996,5743.999999999996,5543.999999999997,5292.999999999998,4673.999999999997,4549.999999999998,4286.999999999998,3868.999999999998,3698.9999999999977,3306.999999999998,3068.9999999999986,2781.9999999999986,2717.9999999999986,2329.999999999999,2019.999999999999,0,7097.999999999996,4335.999999999998,4421.999999999998,4710.999999999997,4836.999999999997,4947.999999999997,5415.999999999997,5348.999999999997,5544.999999999997,5688.999999999997,5954.999999999996,6239.999999999997,6419.999999999996,4183.999999999998,6305.999999999996,6188.999999999996,6096.999999999996,5908.999999999996,5816.999999999996,5685.999999999997,5613.999999999997,5560.999999999997,5789.999999999997,5869.999999999997,4201.999999999997,5795.999999999996,5705.999999999997,5628.999999999997,5829.999999999997,5866.999999999996,5995.999999999997,6070.999999999997,6332.999999999996,6596.999999999997,6359.999999999996,4162.999999999998,6268.999999999997,6499.999999999996,6602.999999999997,7052.999999999996,7798.999999999995,8040.999999999995,8086.999999999995,8108.999999999996,8215.999999999995,7929.999999999996,4370.999999999997,7918.999999999996,7960.999999999995,7786.999999999995,7666.999999999996,7586.999999999996,7478.999999999996,7069.999999999996,6874.999999999996,6848.999999999996,6587.999999999996,4280.999999999997,6652.999999999997,6921.999999999996,7015.999999999996,5641.999999999997,5244.999999999998,5162.999999999997,5080.999999999997,4659.999999999998,4351.999999999997,4068.9999999999977,4400.999999999998,4053.9999999999977,3744.9999999999977,3590.999999999998,3361.9999999999986,3299.999999999998,3250.999999999998,3163.9999999999986,3101.9999999999986,3030.9999999999986,2702.9999999999986,4420.999999999997,2623.9999999999986,2523.9999999999986,2399.999999999999,2301.999999999999,2077.9999999999986,1973.999999999999,1806.999999999999,1832.999999999999,1581.9999999999993,1427.9999999999993,4835.999999999998,0,5311.999999999997,4550.999999999997,4704.999999999997,4989.999999999998,5188.999999999997,5391.999999999997,5533.999999999997,5666.999999999997,5779.999999999997,6004.999999999996,6108.999999999996,6564.999999999996,6765.999999999997,4509.999999999998,6652.999999999997,6226.999999999997,6186.999999999997,6089.999999999997,5983.999999999996,5888.999999999997,5697.999999999996,5477.999999999997,5395.999999999997,5474.999999999997,4429.999999999997,5272.999999999997,5184.999999999997,5342.999999999997,5611.999999999997,5654.999999999997,5548.999999999997,5946.999999999997,6108.999999999996,6414.999999999997,6252.999999999996,4389.999999999997,6260.999999999997,6216.999999999997,6542.999999999997,6825.999999999996,7425.999999999997,7846.999999999996,7922.999999999996,7932.999999999995,7851.999999999996,7682.999999999996,4414.999999999997,7482.999999999996,7618.999999999995,7560.999999999995,7266.999999999996,7340.999999999996,7060.999999999996,6717.999999999997,6512.999999999997,6551.999999999996,6624.999999999996,4469.999999999998,6450.999999999997,6674.999999999996,6660.999999999996,5572.999999999997,5117.999999999997,4968.999999999997,4742.999999999997,4373.999999999998,4188.999999999998,3629.999999999998,4634.999999999998,3700.9999999999977,3503.999999999998,3227.999999999998,3107.999999999998,2920.999999999998,2638.9999999999986,2579.9999999999986,2441.999999999999,2261.9999999999986,1970.999999999999,4747.999999999998,1925.999999999999,1762.9999999999993,1468.9999999999993,1396.9999999999993,1228.9999999999993,1094.9999999999995,974.9999999999995,884.9999999999995,747.9999999999995,591.9999999999997,4973.999999999997,0,1785.999999999999
2010,942107,461382,480725,9004,8891,9134,8684,8675,8599,8852,8788,9081,9203,9849,9759,10104,10391,11033,11063,11409,11766,12108,13081,13401,13042,12399,12228,11953,11747,11489,11330,11091,11299,11499,11240,11063,11112,11587,11639,11652,12050,12502,13083,12659,12578,12754,13129,13864,15217.000000000002,15845,15971,16037,16123.999999999998,15596.999999999998,15381.999999999998,15568,15366.000000000002,14910,14892,14498,13756,13310,13342,13162,13046,13542,13643,11115,10235,9999,9684,8879,8360,7555.000000000001,7621,7120,6644,6291,5993,5675,5528,5273,5032,4411,4295,4050,3588,3406,2999,2784,2531,2434,2065,0,7468,4303,4330,4851,4723,4866,4966,5448,5366,5573,5708,5952,6324,4413,6479,6301,6121,5990,5809,5720,5597,5618,5556,5792,4166,5884,5857,5738,5671,5894,5904,6042,6081,6370,6637,4207,6380,6292,6509,6591,7056,7800.000000000001,8026,8080,8104,8240,4177,7929,7932,7973,7775.999999999999,7651.000000000001,7577.000000000001,7461.000000000001,7061,6834,6840,4389,6571,6650,6903,7014,5603,5191,5100,5013,4590,4268,4280,4013,3993.9999999999995,3695,3523,3280,3200,3160,3069,2981,2904,4412,2582,2501,2403,2246,2152,1919.9999999999998,1813,1658,1663,1422,4424,0,5592,4701,4561,4998,5036,5238,5425,5585,5697,5836,6058,6156,6757,4721,6922,6741,6278,6238,6144,6027,5892,5712,5535,5507,4518,5615,5383,5325,5441,5693,5735,5610,5969,6132,6446,4468,6279,6286,6245,6538,6808,7417.000000000001,7818.999999999999,7891,7933,7884.000000000001,4422,7668,7450.000000000001,7594.999999999999,7590,7259,7315,7037,6695,6476,6502,4463,6591,6396,6639,6629,5512,5044,4899,4671,4289,4092,4508,3542,3627,3425,3121,3011,2793,2515,2459,2292,2128,4669,1829,1794,1647,1342,1254,1079,971.0000000000001,873,771,643,4779,0,1876
2011,944273.9999999999,463316.99999999994,480956.9999999999,8846.999999999998,8913,8913,9046,8687.999999999998,8718.999999999998,8663.999999999998,8866.999999999998,8831.999999999998,9134,9240.999999999998,9821.999999999998,9839.999999999998,10141.999999999998,10471.999999999998,11008.999999999998,11154.999999999998,11475.999999999998,11892,12397.999999999998,13262.999999999998,13456.999999999998,13016.999999999998,12325.999999999998,12106.999999999998,11807.999999999998,11622.999999999998,11320.999999999998,11332.999999999998,11183.999999999998,11400.999999999998,11572,11425.999999999998,11193.999999999998,11269.999999999998,11606.999999999998,11710.999999999998,11812.999999999998,12039.999999999998,12549.999999999998,13008.999999999998,12711.999999999998,12590,12798.999999999998,13138.999999999998,13919.999999999998,15129.999999999998,15737.999999999998,15899.999999999998,15986.999999999998,16085.999999999998,15603.999999999996,15398.999999999998,15512.999999999998,15291.999999999998,14902,14827.999999999998,14393.999999999998,13758.999999999998,13283.999999999998,13273.999999999998,13112,13045.999999999998,13438.999999999998,13353.999999999998,11157.999999999998,10153.999999999998,9845,9471.999999999998,8717.999999999998,8165.999999999998,7481.999999999998,7394.999999999998,6949.999999999999,6475.999999999999,6086.999999999999,5782.999999999999,5462.999999999999,5290.999999999999,5014.999999999999,4749,4207.999999999999,3981.999999999999,3770.999999999999,3311.9999999999995,3111,2702.9999999999995,2477.9999999999995,2247.9999999999995,2114.9999999999995,0,7838.999999999999,4357,4241,4459.999999999999,4809.999999999999,4771,4872.999999999999,5013.999999999999,5416,5409.999999999999,5620.999999999999,5754.999999999999,6065.999999999999,4326,6353,6462.999999999999,6267.999999999999,5998.999999999999,5903.999999999999,5707.999999999999,5613,5529.999999999999,5638.999999999999,5583,4355,5763.999999999999,5881.999999999999,5899.999999999999,5729.999999999999,5758,5903.999999999999,5936.999999999999,6106,6094.999999999999,6395.999999999999,4177.999999999999,6602.999999999999,6408.999999999999,6315.999999999999,6508.999999999999,6598.999999999999,7085.999999999999,7757,7983.999999999999,8061,8091,4204,8209.999999999998,7960.999999999998,7942.999999999999,7954.999999999999,7737.999999999999,7633.999999999999,7573.999999999999,7393,7070.999999999999,6820.999999999999,4217,6818.999999999999,6587.999999999999,6650.999999999999,6844.999999999999,6874.999999999999,5654.999999999999,5156.999999999999,5032.999999999999,4909,4516,4364,4213.999999999999,3965.999999999999,3886.999999999999,3632.9999999999995,3439.9999999999995,3189.9999999999995,3122,3040.9999999999995,2951.9999999999995,2864,4288.999999999999,2764.9999999999995,2481.9999999999995,2354.9999999999995,2272,2087,2001.9999999999995,1762.9999999999998,1639,1503,1474,4437.999999999999,0,5845.999999999999,4489.999999999999,4671.999999999999,4780.999999999999,5011.999999999999,5068.999999999999,5268.999999999999,5457.999999999999,5592.999999999999,5744.999999999999,5854.999999999999,6136.999999999999,6331.999999999999,4586.999999999999,6909.999999999999,6993.999999999999,6748.999999999999,6326.999999999999,6202.999999999999,6099.999999999999,6009.999999999999,5790.999999999999,5693.999999999999,5600.999999999999,4691,5636.999999999999,5689.999999999999,5525.999999999999,5463.999999999999,5511.999999999999,5702.999999999999,5773.999999999999,5707,5944.999999999999,6153.999999999999,4510,6405.999999999999,6302.999999999999,6273.999999999999,6289.999999999999,6539.999999999999,6833.999999999999,7372.999999999999,7753.999999999999,7838.999999999999,7895.999999999999,4515,7875.999999999998,7642.999999999998,7455.999999999999,7557.999999999999,7554,7267.999999999999,7253.999999999999,7000.999999999999,6687.999999999999,6462.999999999999,4446.999999999999,6454.999999999999,6523.999999999999,6394.999999999999,6593.999999999999,6478.999999999999,5503,4996.999999999999,4811.999999999999,4562.999999999999,4201.999999999999,4502.999999999999,3951.999999999999,3515.9999999999995,3507.9999999999995,3316.9999999999995,3035.9999999999995,2897,2661,2421.9999999999995,2338.9999999999995,2150.9999999999995,4542.999999999999,1983.9999999999998,1725.9999999999998,1626.9999999999998,1498.9999999999998,1225,1109,939.9999999999999,838.9999999999999,744.9999999999999,640.9999999999999,4695.999999999999,0,1992.9999999999998
2012,943634.9999999999,462837.99999999994,480796.99999999994,8852.999999999998,8795,8944,8925.999999999998,9077.999999999998,8708.999999999998,8761,8687.999999999998,8901.999999999998,8850,9153.999999999998,9253,9837.999999999998,9831.999999999998,10120,10452.999999999998,11058.999999999998,11205.999999999998,11639,12180.999999999998,12487.999999999998,13326.999999999998,13327.999999999998,12766.999999999998,12051.999999999998,11834.999999999998,11567.999999999998,11394.999999999998,11202,11239.999999999998,10999.999999999998,11211.999999999998,11431.999999999998,11328.999999999998,11072.999999999998,11133.999999999998,11548.999999999998,11616.999999999998,11695.999999999998,11990.999999999998,12494.999999999998,12944.999999999998,12640.999999999998,12517.999999999998,12752.999999999998,13102.999999999998,13901.999999999998,15159.999999999996,15741.999999999998,15903.999999999998,16000.999999999998,16045,15591.999999999998,15398.999999999998,15507.999999999998,15269.999999999998,14892.999999999998,14829,14398.999999999998,13718.999999999998,13238.999999999998,13230.999999999998,13044.999999999998,12947.999999999998,13387.999999999998,13295.999999999998,10987.999999999998,10013.999999999998,9710,9315.999999999998,8581,8002,7322.999999999999,7204.999999999999,6774.999999999999,6324.999999999999,5914.999999999999,5565.999999999999,5229.999999999999,5067.999999999999,4751.999999999999,4462.999999999999,3954.9999999999995,3707.999999999999,3512.9999999999995,3045.9999999999995,2858.9999999999995,2448.9999999999995,2202,1974.9999999999995,0,8253.999999999998,4267,4312.999999999999,4459,4469.999999999999,4809.999999999999,4742,4842,5002,5455.999999999999,5441.999999999999,5696.999999999999,5902.999999999999,4257.999999999999,6093.999999999999,6340.999999999999,6380.999999999999,6134,5871,5792.999999999999,5625.999999999999,5547.999999999999,5503.999999999999,5618.999999999999,4337.999999999999,5533.999999999999,5730.999999999999,5855.999999999999,5886.999999999999,5700.999999999999,5713.999999999999,5895,5918.999999999999,6074.999999999999,6105.999999999999,4387.999999999999,6395.999999999999,6596.999999999999,6400.999999999999,6297.999999999999,6506.999999999999,6594.999999999999,7085.999999999999,7756.999999999998,7964.999999999999,8048.999999999999,4196.999999999999,8087.999999999999,8198,7941.999999999998,7951.999999999999,7948.999999999998,7729,7626,7564.999999999998,7387,7031.999999999999,4233.999999999999,6808.999999999999,6799.999999999999,6552.999999999999,6607.999999999999,6823.999999999999,6854.999999999999,5574.999999999999,5095.999999999999,4992,4846.999999999999,4238.999999999999,4449.999999999999,4135.999999999999,3903.9999999999995,3820,3556.9999999999995,3384.9999999999995,3112.9999999999995,3016.9999999999995,2932,2838.9999999999995,4397.999999999999,2740.9999999999995,2610.9999999999995,2351,2219,2142,1958.9999999999998,1862.9999999999998,1623.9999999999998,1469.9999999999998,1332.9999999999998,4313.999999999999,0,6154.999999999999,4585.999999999999,4482,4695,4783,5027.999999999999,5089.999999999999,5277.999999999999,5450.999999999999,5602.999999999999,5763.999999999999,5941.999999999999,6277.999999999999,4685.999999999999,6394,6985.999999999999,6946.999999999999,6632.999999999999,6180.999999999999,6042,5941.999999999999,5847,5697.999999999999,5621,4588,5465.999999999999,5481,5575.999999999999,5441.999999999999,5372,5419.999999999999,5653.999999999999,5697.999999999999,5621,5884.999999999999,4689.999999999999,6098.999999999999,6347.999999999999,6240,6219.999999999999,6245.999999999999,6507.999999999999,6815.999999999999,7402.999999999999,7776.999999999998,7854.999999999999,4511.999999999999,7913,7846.999999999998,7649.999999999999,7446.999999999999,7558.999999999998,7540.999999999999,7266.999999999999,7263.999999999999,7011.999999999999,6686.999999999999,4527,6429.999999999999,6430.999999999999,6491.999999999999,6339.999999999999,6563.999999999999,6440.999999999999,5413,4917.999999999999,4718,4469,4449,4131,3865.9999999999995,3418.9999999999995,3384.9999999999995,3217.9999999999995,2939.9999999999995,2802,2549,2298,2228.9999999999995,4503.999999999999,2010.9999999999995,1851.9999999999995,1603.9999999999998,1488.9999999999998,1370.9999999999998,1086.9999999999998,996,824.9999999999999,731.9999999999999,642,4535.999999999999,0,2098.9999999999995
2013,940434,460746,479688.00000000006,8446,8796,8730,8989,8930,9102,8709,8782,8692,8956,8867,9190,9250,9863,9823,10117,10436,11079,11269,11829,12224,12397,13010,12954,12351,11674,11530,11318,11162,11037,11075,10837,11012,11245,11166,10892,10980,11428,11514,11611,11908,12423,12862,12592,12447,12705,13075,13924,15171.000000000002,15734.000000000002,15905,16004.000000000002,16019,15566,15402.000000000002,15515.000000000002,15240,14878,14844,14397,13694,13187,13200,12969,12822,13284,13206,10808,9839,9547,9170,8408,7832.000000000001,7110,7007,6595,6123,5719,5348,4986,4843,4497,4213,3675.0000000000005,3437,3209,2767,2558,2181,1965.9999999999998,0,8351,4142,4238,4326,4481,4462,4818,4729,4840,4977,5465,5496,5807,4275,5959,6078,6211,6199,5952,5729,5661,5549,5479,5456,4285,5582,5503,5665,5799,5832,5627,5655,5858,5875,6045,4349,6086,6379,6595,6392,6276,6498,6594,7109,7746.999999999999,7947,4413,8038.999999999999,8098.000000000001,8196,7924,7955.000000000001,7947,7720,7620,7561,7378,4197,7020,6792,6791,6514,6552,6788,6831,5487,5035,4935,4244,4787,4370,4070,3817,3738.0000000000005,3490,3298,3033,2915,2811,4240,2750,2605,2491,2230,2081,2010.0000000000002,1783,1694,1466,1335,4445,0,6165,4304,4558,4541,4709,4788,5045,5094,5277,5459,5614,5773,6022,4455,6265,6319,6799,6755,6399,5945,5869,5769,5683,5581,4704,5493,5334,5347,5446,5334,5265,5325,5570,5639,5566,4581,5822,6044,6267,6200,6171,6207,6481,6815,7424,7787,4689,7866,7906,7822.999999999999,7641.999999999999,7447,7568,7520,7258,7283,7019,4512,6674,6395,6409,6455,6270,6496,6375,5321,4804,4612,4538,4383,4038,3762,3293,3269,3105,2825,2686,2433,2175,4452,2093,1892,1722,1445,1356,1199,984,864,715,631,4511,0,2186
2014,938544.9999999995,459202.99999999977,479341.99999999977,8305.999999999996,8403.999999999996,8791.999999999995,8733.999999999996,9081.999999999995,8989.999999999996,9179.999999999996,8750.999999999996,8831.999999999995,8749.999999999996,9041.999999999995,8897.999999999995,9239.999999999996,9279.999999999996,9933.999999999996,9892.999999999995,10197.999999999995,10511.999999999995,11189.999999999995,11488.999999999995,11878.999999999995,12243.999999999995,12208.999999999995,12671.999999999993,12606.999999999993,11974.999999999995,11335.999999999995,11240.999999999995,11107.999999999995,11009.999999999995,10908.999999999995,10977.999999999995,10699.999999999995,10852.999999999995,11114.999999999995,11037.999999999995,10764.999999999995,10834.999999999995,11322.999999999995,11431.999999999995,11560.999999999995,11847.999999999993,12367.999999999993,12811.999999999993,12540.999999999995,12401.999999999995,12628.999999999995,13052.999999999993,13916.999999999993,15175.99999999999,15731.999999999993,15897.999999999993,15997.999999999993,16001.999999999993,15553.99999999999,15418.999999999993,15515.99999999999,15205.99999999999,14865.99999999999,14822.999999999993,14358.999999999993,13660.999999999993,13122.999999999993,13148.999999999995,12874.999999999995,12706.999999999993,13136.999999999993,13097.999999999993,10632.999999999995,9665.999999999995,9398.999999999996,9002.999999999995,8208.999999999996,7651.999999999995,6910.999999999996,6825.999999999996,6378.999999999996,5919.999999999997,5503.999999999997,5100.999999999997,4735.999999999997,4589.999999999998,4259.999999999998,3967.999999999998,3410.999999999998,3175.9999999999986,2935.9999999999986,2491.9999999999986,2273.999999999999,1926.9999999999989,0,8415.999999999996,4072.999999999998,4115.999999999998,4506.999999999998,4353.999999999997,4502.999999999998,4466.999999999998,4850.999999999997,4765.999999999997,4900.999999999997,5027.999999999997,5535.999999999997,5582.999999999997,4248.999999999997,5840.999999999997,5992.999999999997,5979.999999999997,6042.999999999997,6044.999999999997,5826.999999999997,5622.999999999997,5573.999999999997,5496.999999999997,5452.999999999997,4287.999999999998,5436.999999999997,5565.999999999997,5486.999999999997,5629.999999999997,5774.999999999997,5789.999999999997,5588.999999999997,5608.999999999997,5826.999999999997,5861.999999999997,4335.999999999997,6050.999999999997,6076.999999999997,6375.999999999996,6591.999999999997,6388.999999999996,6256.999999999997,6482.999999999997,6593.999999999996,7113.999999999996,7751.999999999995,4376.999999999998,7929.999999999996,8028.999999999996,8097.999999999995,8189.999999999996,7911.999999999995,7962.999999999995,7944.999999999996,7700.999999999996,7596.999999999995,7550.999999999996,4464.999999999998,7370.999999999996,6997.999999999996,6769.999999999997,6764.999999999997,6471.999999999997,6509.999999999997,6730.999999999996,6789.999999999997,5412.999999999997,4952.999999999997,4222.999999999998,4879.999999999998,4705.999999999997,4295.999999999997,4005.9999999999977,3733.9999999999977,3662.999999999998,3392.999999999998,3210.9999999999986,2938.9999999999986,2791.9999999999986,4268.999999999997,2698.9999999999986,2631.9999999999986,2499.9999999999986,2375.999999999999,2103.999999999999,1936.9999999999989,1857.999999999999,1623.999999999999,1531.9999999999993,1307.9999999999995,4272.999999999998,0,6164.999999999996,4232.999999999998,4287.999999999998,4534.999999999998,4543.999999999997,4736.999999999998,4812.999999999997,5082.999999999997,5126.999999999998,5296.999999999998,5483.999999999997,5653.999999999997,5905.999999999997,4542.999999999998,6037.999999999997,6250.999999999996,6228.999999999996,6628.999999999996,6561.999999999997,6147.999999999997,5712.999999999997,5666.999999999997,5610.999999999997,5556.999999999997,4445.999999999997,5471.999999999997,5411.999999999997,5212.999999999997,5222.999999999997,5339.999999999997,5247.999999999997,5175.999999999997,5225.999999999997,5495.999999999997,5569.999999999997,4745.999999999997,5509.999999999997,5770.999999999997,5991.999999999997,6219.999999999997,6151.999999999997,6144.999999999997,6145.999999999997,6458.999999999996,6802.999999999996,7423.999999999997,4612.999999999997,7801.999999999995,7868.999999999996,7899.999999999996,7811.999999999995,7641.999999999995,7455.999999999996,7570.999999999996,7504.999999999996,7268.999999999996,7271.999999999996,4714.999999999998,6987.999999999996,6662.999999999996,6352.999999999997,6383.999999999996,6402.999999999997,6196.999999999997,6405.999999999996,6307.999999999997,5219.999999999997,4712.999999999997,4527.999999999998,4518.999999999997,4296.999999999998,3912.999999999998,3645.999999999998,3176.999999999998,3162.999999999998,2985.9999999999986,2708.9999999999986,2564.9999999999986,2308.9999999999986,4562.999999999998,2036.9999999999989,1957.9999999999989,1759.999999999999,1591.9999999999993,1306.9999999999993,1238.9999999999993,1077.9999999999995,867.9999999999995,741.9999999999997,618.9999999999998,4476.999999999998,0,2250.999999999999
2015,936525,457662,478863,8423,8219,8397,8826,8761,9194,9079,9281,8811,8911,8839,9127,8960,9302,9346,10092,10009,10282,10670,11450,11597,11902,12086,11908,12261,12166,11558,11037,11021,10922,10830,10837,10879,10607,10693,10985,10930,10611,10700,11255,11371,11506,11788,12334,12770,12474,12343,12594,13041,13918,15192,15741,15881.999999999998,16016,16005,15547.000000000002,15445,15499.000000000002,15184,14836.000000000002,14779.999999999998,14334,13610,13058,13083,12769,12550,13001,12956,10447,9481,9224,8801,8008,7457,6711,6570,6126,5675,5278,4858,4487,4311,3996,3666,3117,2878,2643,2206,1981.9999999999998,0,8212,4072.0000000000005,4044,4320,4572,4385,4532,4498,4925,4830,4945,5104,5629,4118,5645,5876,5944,5869,5902,5911,5683,5526,5511,5449,4285,5397,5429,5565,5496,5593,5752,5760,5522,5567,5815,4310,5848,6044,6074,6371,6589,6363,6228,6471,6599,7118,4411,7750,7921.000000000001,8010.999999999999,8107.000000000001,8193,7884.000000000001,7962,7938,7682.999999999999,7582.000000000001,4427,7542,7365.999999999999,6975,6745,6738,6428,6442,6678,6732,5317,4530,4878,4829,4638,4197,3907.0000000000005,3654,3541,3286,3100,2838,4256,2671,2585,2499,2365,2221,1952.9999999999998,1765,1694,1455,1354,4314,0,6015,4351,4175,4519,4555,4575,4770,4848,5167,5179,5337,5566,5821,4279,5952,6026,6142,6039,6359,6255,5875,5511,5510,5473,4541,5433,5408,5314,5111,5100,5233,5170,5089,5133,5440,4451,5523,5462,5714,5963,6181,6111,6115,6123,6442,6800,4783,7442.000000000001,7820,7870.999999999999,7909,7811.999999999999,7663.000000000001,7483,7561,7501.000000000001,7254,4652,7238,6968,6635,6313,6345,6341,6108,6323,6224,5130,4751,4603,4395,4163,3810.9999999999995,3550,3057,3029,2840,2575,2440,4555,2187,1902,1812,1631,1445,1164,1113,949,751,628,4597,0,2197
2016,942789.9999999998,460664.9999999999,482124.9999999998,8416.999999999998,8394.999999999998,8310.999999999998,8548.999999999998,8930.999999999998,8915.999999999998,9417.999999999998,9284.999999999998,9384.999999999998,8993.999999999998,9026.999999999998,8997.999999999998,9221.999999999996,9093.999999999996,9439.999999999998,9556.999999999998,10346.999999999996,10352.999999999996,10632.999999999998,11168.999999999998,11697.999999999996,11857.999999999996,11970.999999999996,12114.999999999996,11932.999999999996,12154.999999999996,12053.999999999998,11533.999999999996,11143.999999999998,11088.999999999996,11036.999999999998,10969.999999999998,10986.999999999996,10986.999999999996,10744.999999999998,10736.999999999996,11001.999999999996,10941.999999999996,10658.999999999998,10774.999999999998,11272.999999999996,11420.999999999998,11575.999999999996,11876.999999999996,12346.999999999998,12689.999999999996,12517.999999999996,12383.999999999996,12608.999999999996,13105.999999999996,13996.999999999996,15163.999999999996,15724.999999999995,15898.999999999995,16040.999999999996,15944.999999999996,15605.999999999996,15505.999999999995,15466.999999999996,15140.999999999995,14827.999999999996,14753.999999999996,14282.999999999996,13573.999999999996,13071.999999999996,12987.999999999996,12633.999999999996,12469.999999999996,12802.999999999996,12573.999999999996,10385.999999999998,9369.999999999996,9023.999999999998,8568.999999999998,7811.999999999998,7212.999999999998,6512.999999999998,6285.999999999999,5873.999999999999,5419.999999999998,5044.999999999999,4621.999999999999,4283.999999999999,4049.9999999999986,3730.9999999999995,3371.999999999999,2877.9999999999995,2614.999999999999,2344.9999999999995,1944.9999999999995,0,8330.999999999998,4120.999999999999,4031.999999999999,4371.999999999999,4394.999999999999,4619.999999999999,4455.999999999999,4601.999999999999,4613.999999999999,5050.999999999998,5023.999999999999,5121.999999999999,5349.999999999998,4093.9999999999986,5747.999999999999,5810.999999999998,5917.999999999998,5979.999999999998,5886.999999999999,5883.999999999999,5899.999999999998,5736.999999999998,5604.999999999999,5575.999999999998,4186.999999999999,5551.999999999999,5505.999999999998,5531.999999999998,5627.999999999999,5607.999999999999,5622.999999999999,5789.999999999998,5773.999999999999,5556.999999999999,5619.999999999999,4365.999999999999,5821.999999999998,5899.999999999998,6045.999999999998,6153.999999999998,6372.999999999999,6539.999999999998,6396.999999999998,6262.999999999999,6463.999999999998,6665.999999999998,4358.999999999999,7152.999999999998,7702.999999999999,7907.999999999998,8009.999999999999,8126.999999999997,8144.999999999998,7907.999999999998,7951.999999999997,7898.999999999998,7675.999999999997,4570.999999999999,7558.999999999999,7530.999999999998,7346.999999999998,6966.999999999998,6754.999999999998,6675.999999999998,6408.999999999998,6405.999999999999,6594.999999999998,6525.999999999998,4524.999999999999,5319.999999999998,4840.999999999998,4742.999999999999,4511.999999999999,4096.999999999999,3796.9999999999986,3546.999999999999,3408.9999999999995,3172.999999999999,2968.9999999999995,4594.999999999999,2749.9999999999995,2569.9999999999995,2485.999999999999,2376.9999999999995,2211.9999999999995,2064.999999999999,1803.9999999999995,1626.9999999999995,1518.9999999999998,1306.9999999999995,4350.999999999999,0,6079.999999999998,4295.999999999999,4362.999999999998,4654.999999999999,4602.999999999999,4601.999999999999,4637.999999999999,4837.999999999999,4942.999999999999,5295.999999999999,5328.999999999999,5510.999999999999,5818.999999999998,4216.999999999998,5949.999999999998,6046.999999999998,6052.999999999999,6134.999999999999,6045.999999999998,6270.999999999998,6153.999999999998,5796.999999999999,5538.999999999999,5512.999999999999,4361.999999999999,5484.999999999999,5463.999999999999,5454.999999999998,5358.999999999999,5136.999999999999,5113.999999999999,5211.999999999998,5167.999999999999,5101.999999999998,5154.999999999999,4564.999999999998,5450.999999999999,5520.999999999999,5529.999999999998,5722.999999999999,5973.999999999999,6149.999999999999,6120.999999999998,6120.999999999998,6144.999999999999,6439.999999999998,4556.999999999999,6843.999999999998,7460.999999999997,7816.999999999998,7888.999999999998,7913.999999999998,7799.999999999999,7697.999999999998,7553.999999999999,7567.999999999997,7464.999999999998,4846.999999999999,7268.999999999998,7222.999999999998,6935.999999999998,6606.999999999998,6316.999999999998,6311.999999999998,6224.999999999998,6063.999999999998,6207.999999999998,6047.999999999999,4759.999999999999,5065.999999999999,4528.999999999998,4280.999999999998,4056.999999999999,3714.9999999999986,3415.999999999999,2965.999999999999,2876.9999999999995,2700.999999999999,2450.9999999999995,4789.999999999998,2294.9999999999995,2051.9999999999995,1797.9999999999995,1672.9999999999995,1518.9999999999998,1306.9999999999995,1073.9999999999998,987.9999999999998,825.9999999999999,637.9999999999999,4642.999999999999,0,2250.999999999999
2017,950107.9999999999,464435.99999999994,485671.99999999994,8227,8573.999999999998,8523.999999999998,8451.999999999998,8704.999999999998,9065,9047,9528.999999999998,9411,9474,9088,9109.999999999998,9080.999999999998,9285.999999999998,9178.999999999998,9578.999999999998,9817.999999999998,10582,10688.999999999998,11188.999999999998,11537,11993.999999999998,12028.999999999998,12073.999999999998,12147.999999999998,11983,12217,12162.999999999998,11663.999999999998,11322.999999999998,11300.999999999998,11269.999999999998,11180.999999999998,11221,11235.999999999998,10934,10916,11158.999999999998,11057.999999999998,10743.999999999998,10822,11332,11499.999999999998,11623.999999999998,11904.999999999998,12370.999999999998,12703.999999999998,12536.999999999998,12394.999999999998,12598.999999999998,13103.999999999998,13995.999999999998,15154,15718.999999999998,15875.999999999998,16005.999999999998,15928,15588.999999999998,15470.999999999998,15419.999999999998,15108,14777.999999999998,14694.999999999998,14177.999999999998,13460.999999999998,12981.999999999998,12877.999999999998,12516.999999999998,12346,12643.999999999998,12411.999999999998,10223.999999999998,9197.999999999998,8862.999999999998,8374,7614.999999999999,7002.999999999999,6344.999999999999,6094.999999999999,5666,5171,4811,4368.999999999999,4015.9999999999995,3766.9999999999995,3404.9999999999995,3078.9999999999995,2604.9999999999995,2308.9999999999995,2083.9999999999995,0,8296.999999999998,3996.999999999999,4196.999999999999,4392,4416.999999999999,4434.999999999999,4644,4494,4679.999999999999,4718.999999999999,5184.999999999999,5186,5356.999999999999,4091.9999999999995,5535.999999999999,5890.999999999999,5860.999999999999,5980.999999999999,6007.999999999999,5933,5922.999999999999,5972.999999999999,5818.999999999999,5701.999999999999,4169.999999999999,5686.999999999999,5698.999999999999,5615.999999999999,5663,5752.999999999999,5707,5714.999999999999,5861.999999999999,5823.999999999999,5578.999999999999,4258.999999999999,5625,5848.999999999999,5938.999999999999,6088,6176.999999999999,6397.999999999999,6551.999999999999,6405.999999999999,6262.999999999999,6463.999999999999,4428.999999999999,6674,7160.999999999999,7700.999999999998,7915.999999999999,8005,8120.999999999999,8134.999999999998,7899.999999999998,7936.999999999999,7874.999999999999,4428.999999999999,7673.999999999999,7543.999999999999,7516.999999999999,7307.999999999999,6921.999999999999,6722.999999999999,6633.999999999999,6369.999999999999,6354.999999999999,6524.999999999999,4629.999999999999,6461.999999999999,5247.999999999999,4767.999999999999,4685.999999999999,4434.999999999999,4011.999999999999,3718,3473.9999999999995,3321.9999999999995,3074.9999999999995,4585.999999999999,2864.9999999999995,2625,2456.9999999999995,2360.9999999999995,2231.9999999999995,2045.9999999999998,1912.9999999999998,1642.9999999999998,1470,1375.9999999999998,4639.999999999999,0,6056,4230,4377,4696,4693,4645.999999999999,4641.999999999999,4685,4899,5098.999999999999,5397,5502.999999999999,5831.999999999999,4431.999999999999,6000.999999999999,6102.999999999999,6167.999999999999,6092.999999999999,6139.999999999999,6050,6293.999999999999,6189.999999999999,5845,5620.999999999999,4281.999999999999,5613.999999999999,5570.999999999999,5564.999999999999,5558,5482.999999999999,5227,5200.999999999999,5297,5233.999999999999,5165,4445.999999999999,5196.999999999999,5482.999999999999,5561,5535.999999999999,5728,5972.999999999999,6151.999999999999,6130.999999999999,6132,6135,4635.999999999999,6429.999999999999,6834.999999999999,7452.999999999999,7802.999999999999,7870.999999999998,7884.999999999999,7792.999999999999,7689,7533.999999999999,7544.999999999999,4617.999999999999,7433.999999999999,7233.999999999999,7177.999999999999,6869.999999999999,6538.999999999999,6258.999999999999,6243.999999999999,6146.999999999999,5990.999999999999,6118.999999999999,4899,5949.999999999999,4975.999999999999,4430,4176.999999999999,3938.999999999999,3602.9999999999995,3284.9999999999995,2870.9999999999995,2773,2590.9999999999995,4825,2305.9999999999995,2185.9999999999995,1912,1654.9999999999998,1534.9999999999998,1358.9999999999998,1166,961.9999999999998,838.9999999999999,707.9999999999999,4834,0,2240.9999999999995
