province,projection_scenario,timepoint,N,prop_male
BC,FA,2022-01-01T00:00:00Z,42300,0.5130023640661938
BC,FA,2023-01-01T00:00:00Z,42100,0.5130641330166271
BC,FA,2024-01-01T00:00:00Z,42100,0.5130641330166271
BC,FA,2025-01-01T00:00:00Z,42000,0.5142857142857142
BC,FA,2026-01-01T00:00:00Z,42000,0.5119047619047619
BC,FA,2027-01-01T00:00:00Z,41900,0.513126491646778
BC,FA,2028-01-01T00:00:00Z,41800,0.5119617224880383
BC,FA,2029-01-01T00:00:00Z,41600,0.5120192307692307
BC,FA,2030-01-01T00:00:00Z,41400,0.5120772946859904
BC,FA,2031-01-01T00:00:00Z,41100,0.51338199513382
BC,FA,2032-01-01T00:00:00Z,40900,0.5134474327628362
BC,FA,2033-01-01T00:00:00Z,40700,0.5135135135135135
BC,FA,2034-01-01T00:00:00Z,40600,0.5123152709359606
BC,FA,2035-01-01T00:00:00Z,40600,0.5123152709359606
BC,FA,2036-01-01T00:00:00Z,40600,0.5123152709359606
BC,FA,2037-01-01T00:00:00Z,40800,0.5122549019607843
BC,FA,2038-01-01T00:00:00Z,41000,0.5121951219512195
BC,FA,2039-01-01T00:00:00Z,41400,0.5120772946859904
BC,FA,2040-01-01T00:00:00Z,41800,0.5119617224880383
BC,FA,2041-01-01T00:00:00Z,42300,0.5130023640661938
BC,FA,2042-01-01T00:00:00Z,42800,0.5116822429906542
BC,FA,2043-01-01T00:00:00Z,43300,0.5127020785219399
BC,HG,2022-01-01T00:00:00Z,46400,0.5129310344827587
BC,HG,2023-01-01T00:00:00Z,47900,0.5135699373695198
BC,HG,2024-01-01T00:00:00Z,49300,0.513184584178499
BC,HG,2025-01-01T00:00:00Z,50700,0.5128205128205128
BC,HG,2026-01-01T00:00:00Z,51900,0.51252408477842
BC,HG,2027-01-01T00:00:00Z,53100,0.512241054613936
BC,HG,2028-01-01T00:00:00Z,54100,0.512014787430684
BC,HG,2029-01-01T00:00:00Z,55000,0.5127272727272727
BC,HG,2030-01-01T00:00:00Z,55900,0.5116279069767442
BC,HG,2031-01-01T00:00:00Z,56700,0.5114638447971781
BC,HG,2032-01-01T00:00:00Z,57400,0.5121951219512195
BC,HG,2033-01-01T00:00:00Z,58200,0.5120274914089347
BC,HG,2034-01-01T00:00:00Z,59100,0.5126903553299492
BC,HG,2035-01-01T00:00:00Z,60100,0.5124792013311148
BC,HG,2036-01-01T00:00:00Z,61100,0.5122749590834698
BC,HG,2037-01-01T00:00:00Z,62300,0.5136436597110754
BC,HG,2038-01-01T00:00:00Z,63700,0.5117739403453689
BC,HG,2039-01-01T00:00:00Z,65100,0.5130568356374808
BC,HG,2040-01-01T00:00:00Z,66700,0.512743628185907
BC,HG,2041-01-01T00:00:00Z,68300,0.5124450951683748
BC,HG,2042-01-01T00:00:00Z,70000,0.5128571428571429
BC,HG,2043-01-01T00:00:00Z,71800,0.5125348189415042
BC,LG,2022-01-01T00:00:00Z,42300,0.5130023640661938
BC,LG,2023-01-01T00:00:00Z,42100,0.5130641330166271
BC,LG,2024-01-01T00:00:00Z,42000,0.5119047619047619
BC,LG,2025-01-01T00:00:00Z,42000,0.5119047619047619
BC,LG,2026-01-01T00:00:00Z,42000,0.5119047619047619
BC,LG,2027-01-01T00:00:00Z,41900,0.513126491646778
BC,LG,2028-01-01T00:00:00Z,41700,0.513189448441247
BC,LG,2029-01-01T00:00:00Z,41500,0.5132530120481927
BC,LG,2030-01-01T00:00:00Z,41300,0.513317191283293
BC,LG,2031-01-01T00:00:00Z,41100,0.51338199513382
BC,LG,2032-01-01T00:00:00Z,40900,0.511002444987775
BC,LG,2033-01-01T00:00:00Z,40700,0.5110565110565111
BC,LG,2034-01-01T00:00:00Z,40600,0.5123152709359606
BC,LG,2035-01-01T00:00:00Z,40500,0.5135802469135803
BC,LG,2036-01-01T00:00:00Z,40600,0.5123152709359606
BC,LG,2037-01-01T00:00:00Z,40700,0.5135135135135135
BC,LG,2038-01-01T00:00:00Z,40900,0.5134474327628362
BC,LG,2039-01-01T00:00:00Z,41300,0.5108958837772397
BC,LG,2040-01-01T00:00:00Z,41700,0.513189448441247
BC,LG,2041-01-01T00:00:00Z,42100,0.5130641330166271
BC,LG,2042-01-01T00:00:00Z,42600,0.5140845070422535
BC,LG,2043-01-01T00:00:00Z,43200,0.5115740740740741
BC,M1,2022-01-01T00:00:00Z,43600,0.5114678899082569
BC,M1,2023-01-01T00:00:00Z,44500,0.5123595505617977
BC,M1,2024-01-01T00:00:00Z,45200,0.5132743362831859
BC,M1,2025-01-01T00:00:00Z,46000,0.5130434782608696
BC,M1,2026-01-01T00:00:00Z,46600,0.5128755364806867
BC,M1,2027-01-01T00:00:00Z,47200,0.5127118644067796
BC,M1,2028-01-01T00:00:00Z,47800,0.5125523012552301
BC,M1,2029-01-01T00:00:00Z,48300,0.5113871635610766
BC,M1,2030-01-01T00:00:00Z,48700,0.5133470225872689
BC,M1,2031-01-01T00:00:00Z,49100,0.5132382892057027
BC,M1,2032-01-01T00:00:00Z,49400,0.5121457489878543
BC,M1,2033-01-01T00:00:00Z,49800,0.5120481927710844
BC,M1,2034-01-01T00:00:00Z,50100,0.5129740518962076
BC,M1,2035-01-01T00:00:00Z,50600,0.5118577075098815
BC,M1,2036-01-01T00:00:00Z,51100,0.512720156555773
BC,M1,2037-01-01T00:00:00Z,51700,0.5125725338491296
BC,M1,2038-01-01T00:00:00Z,52300,0.5124282982791587
BC,M1,2039-01-01T00:00:00Z,53000,0.5132075471698113
BC,M1,2040-01-01T00:00:00Z,53800,0.5130111524163569
BC,M1,2041-01-01T00:00:00Z,54700,0.5118829981718465
BC,M1,2042-01-01T00:00:00Z,55500,0.5135135135135135
BC,M1,2043-01-01T00:00:00Z,56400,0.5124113475177305
BC,M2,2022-01-01T00:00:00Z,43300,0.5127020785219399
BC,M2,2023-01-01T00:00:00Z,43900,0.5125284738041003
BC,M2,2024-01-01T00:00:00Z,44400,0.5135135135135135
BC,M2,2025-01-01T00:00:00Z,45000,0.5111111111111111
BC,M2,2026-01-01T00:00:00Z,45500,0.512087912087912
BC,M2,2027-01-01T00:00:00Z,45900,0.5119825708061002
BC,M2,2028-01-01T00:00:00Z,46400,0.5129310344827587
BC,M2,2029-01-01T00:00:00Z,46800,0.5128205128205128
BC,M2,2030-01-01T00:00:00Z,47200,0.5127118644067796
BC,M2,2031-01-01T00:00:00Z,47600,0.5126050420168067
BC,M2,2032-01-01T00:00:00Z,48000,0.5125
BC,M2,2033-01-01T00:00:00Z,48400,0.512396694214876
BC,M2,2034-01-01T00:00:00Z,48800,0.5122950819672131
BC,M2,2035-01-01T00:00:00Z,49300,0.513184584178499
BC,M2,2036-01-01T00:00:00Z,49900,0.5130260521042084
BC,M2,2037-01-01T00:00:00Z,50500,0.5128712871287129
BC,M2,2038-01-01T00:00:00Z,51200,0.51171875
BC,M2,2039-01-01T00:00:00Z,51900,0.51252408477842
BC,M2,2040-01-01T00:00:00Z,52700,0.5123339658444023
BC,M2,2041-01-01T00:00:00Z,53600,0.5130597014925373
BC,M2,2042-01-01T00:00:00Z,54400,0.5128676470588235
BC,M2,2043-01-01T00:00:00Z,55300,0.5135623869801085
BC,M3,2022-01-01T00:00:00Z,43400,0.511520737327189
BC,M3,2023-01-01T00:00:00Z,44100,0.5124716553287982
BC,M3,2024-01-01T00:00:00Z,44800,0.5111607142857143
BC,M3,2025-01-01T00:00:00Z,45400,0.513215859030837
BC,M3,2026-01-01T00:00:00Z,46000,0.5130434782608696
BC,M3,2027-01-01T00:00:00Z,46600,0.5128755364806867
BC,M3,2028-01-01T00:00:00Z,47100,0.5116772823779193
BC,M3,2029-01-01T00:00:00Z,47700,0.5115303983228512
BC,M3,2030-01-01T00:00:00Z,48200,0.5124481327800829
BC,M3,2031-01-01T00:00:00Z,48700,0.5112936344969199
BC,M3,2032-01-01T00:00:00Z,49200,0.5121951219512195
BC,M3,2033-01-01T00:00:00Z,49700,0.5110663983903421
BC,M3,2034-01-01T00:00:00Z,50200,0.5119521912350598
BC,M3,2035-01-01T00:00:00Z,50800,0.5118110236220472
BC,M3,2036-01-01T00:00:00Z,51400,0.5116731517509727
BC,M3,2037-01-01T00:00:00Z,52100,0.5124760076775432
BC,M3,2038-01-01T00:00:00Z,52900,0.5122873345935728
BC,M3,2039-01-01T00:00:00Z,53700,0.5121042830540037
BC,M3,2040-01-01T00:00:00Z,54600,0.5128205128205128
BC,M3,2041-01-01T00:00:00Z,55500,0.5117117117117117
BC,M3,2042-01-01T00:00:00Z,56500,0.511504424778761
BC,M3,2043-01-01T00:00:00Z,57500,0.5130434782608696
BC,M4,2022-01-01T00:00:00Z,43400,0.511520737327189
BC,M4,2023-01-01T00:00:00Z,44100,0.5124716553287982
BC,M4,2024-01-01T00:00:00Z,44700,0.5123042505592841
BC,M4,2025-01-01T00:00:00Z,45300,0.5121412803532008
BC,M4,2026-01-01T00:00:00Z,45900,0.5119825708061002
BC,M4,2027-01-01T00:00:00Z,46400,0.5129310344827587
BC,M4,2028-01-01T00:00:00Z,46900,0.511727078891258
BC,M4,2029-01-01T00:00:00Z,47400,0.5126582278481012
BC,M4,2030-01-01T00:00:00Z,47800,0.5125523012552301
BC,M4,2031-01-01T00:00:00Z,48300,0.5113871635610766
BC,M4,2032-01-01T00:00:00Z,48700,0.5112936344969199
BC,M4,2033-01-01T00:00:00Z,49100,0.5132382892057027
BC,M4,2034-01-01T00:00:00Z,49600,0.5120967741935484
BC,M4,2035-01-01T00:00:00Z,50100,0.5129740518962076
BC,M4,2036-01-01T00:00:00Z,50700,0.5128205128205128
BC,M4,2037-01-01T00:00:00Z,51400,0.5116731517509727
BC,M4,2038-01-01T00:00:00Z,52100,0.5124760076775432
BC,M4,2039-01-01T00:00:00Z,52900,0.5122873345935728
BC,M4,2040-01-01T00:00:00Z,53700,0.5121042830540037
BC,M4,2041-01-01T00:00:00Z,54600,0.5128205128205128
BC,M4,2042-01-01T00:00:00Z,55600,0.512589928057554
BC,M4,2043-01-01T00:00:00Z,56500,0.5132743362831859
BC,M5,2022-01-01T00:00:00Z,43500,0.5126436781609195
BC,M5,2023-01-01T00:00:00Z,44400,0.5135135135135135
BC,M5,2024-01-01T00:00:00Z,45200,0.5132743362831859
BC,M5,2025-01-01T00:00:00Z,46000,0.5108695652173914
BC,M5,2026-01-01T00:00:00Z,46700,0.5117773019271948
BC,M5,2027-01-01T00:00:00Z,47400,0.5126582278481012
BC,M5,2028-01-01T00:00:00Z,48100,0.5114345114345115
BC,M5,2029-01-01T00:00:00Z,48700,0.5133470225872689
BC,M5,2030-01-01T00:00:00Z,49300,0.513184584178499
BC,M5,2031-01-01T00:00:00Z,49900,0.5130260521042084
BC,M5,2032-01-01T00:00:00Z,50500,0.5128712871287129
BC,M5,2033-01-01T00:00:00Z,51100,0.512720156555773
BC,M5,2034-01-01T00:00:00Z,51700,0.5125725338491296
BC,M5,2035-01-01T00:00:00Z,52400,0.5114503816793893
BC,M5,2036-01-01T00:00:00Z,53100,0.512241054613936
BC,M5,2037-01-01T00:00:00Z,53900,0.5120593692022264
BC,M5,2038-01-01T00:00:00Z,54800,0.5127737226277372
BC,M5,2039-01-01T00:00:00Z,55700,0.5134649910233393
BC,M5,2040-01-01T00:00:00Z,56800,0.5123239436619719
BC,M5,2041-01-01T00:00:00Z,57800,0.5121107266435986
BC,M5,2042-01-01T00:00:00Z,58900,0.5127334465195246
BC,M5,2043-01-01T00:00:00Z,60100,0.5124792013311148
BC,M6,2022-01-01T00:00:00Z,43600,0.5114678899082569
BC,M6,2023-01-01T00:00:00Z,44500,0.5123595505617977
BC,M6,2024-01-01T00:00:00Z,45300,0.5121412803532008
BC,M6,2025-01-01T00:00:00Z,46100,0.5140997830802603
BC,M6,2026-01-01T00:00:00Z,46900,0.5138592750533049
BC,M6,2027-01-01T00:00:00Z,47700,0.5115303983228512
BC,M6,2028-01-01T00:00:00Z,48400,0.512396694214876
BC,M6,2029-01-01T00:00:00Z,49100,0.5132382892057027
BC,M6,2030-01-01T00:00:00Z,49800,0.5120481927710844
BC,M6,2031-01-01T00:00:00Z,50500,0.5128712871287129
BC,M6,2032-01-01T00:00:00Z,51100,0.512720156555773
BC,M6,2033-01-01T00:00:00Z,51700,0.5125725338491296
BC,M6,2034-01-01T00:00:00Z,52400,0.5133587786259542
BC,M6,2035-01-01T00:00:00Z,53100,0.512241054613936
BC,M6,2036-01-01T00:00:00Z,53900,0.5120593692022264
BC,M6,2037-01-01T00:00:00Z,54700,0.5118829981718465
BC,M6,2038-01-01T00:00:00Z,55600,0.512589928057554
BC,M6,2039-01-01T00:00:00Z,56600,0.5123674911660777
BC,M6,2040-01-01T00:00:00Z,57600,0.5121527777777778
BC,M6,2041-01-01T00:00:00Z,58700,0.5127768313458262
BC,M6,2042-01-01T00:00:00Z,59800,0.5117056856187291
BC,M6,2043-01-01T00:00:00Z,60900,0.5123152709359606
BC,SA,2022-01-01T00:00:00Z,46400,0.5129310344827587
BC,SA,2023-01-01T00:00:00Z,47900,0.5135699373695198
BC,SA,2024-01-01T00:00:00Z,49300,0.513184584178499
BC,SA,2025-01-01T00:00:00Z,50700,0.5128205128205128
BC,SA,2026-01-01T00:00:00Z,51900,0.51252408477842
BC,SA,2027-01-01T00:00:00Z,53000,0.5132075471698113
BC,SA,2028-01-01T00:00:00Z,54000,0.512962962962963
BC,SA,2029-01-01T00:00:00Z,55000,0.5127272727272727
BC,SA,2030-01-01T00:00:00Z,55800,0.5125448028673835
BC,SA,2031-01-01T00:00:00Z,56600,0.5123674911660777
BC,SA,2032-01-01T00:00:00Z,57300,0.5130890052356021
BC,SA,2033-01-01T00:00:00Z,58100,0.5129087779690189
BC,SA,2034-01-01T00:00:00Z,59000,0.511864406779661
BC,SA,2035-01-01T00:00:00Z,59900,0.5125208681135225
BC,SA,2036-01-01T00:00:00Z,61000,0.5131147540983606
BC,SA,2037-01-01T00:00:00Z,62200,0.5128617363344051
BC,SA,2038-01-01T00:00:00Z,63500,0.5118110236220472
BC,SA,2039-01-01T00:00:00Z,64900,0.5130970724191063
BC,SA,2040-01-01T00:00:00Z,66400,0.5120481927710844
BC,SA,2041-01-01T00:00:00Z,68100,0.5124816446402349
BC,SA,2042-01-01T00:00:00Z,69700,0.5121951219512195
BC,SA,2043-01-01T00:00:00Z,71500,0.5118881118881119
BC,past,2000-01-01T00:00:00Z,41433,0.514420872251587
BC,past,2001-01-01T00:00:00Z,40236,0.513420817178646
BC,past,2002-01-01T00:00:00Z,39775,0.5152985543683218
BC,past,2003-01-01T00:00:00Z,40391,0.5149662053427744
BC,past,2004-01-01T00:00:00Z,40161,0.5137073280047808
BC,past,2005-01-01T00:00:00Z,40542,0.515687435252331
BC,past,2006-01-01T00:00:00Z,41198,0.5102917617360067
BC,past,2007-01-01T00:00:00Z,42394,0.5168420059442373
BC,past,2008-01-01T00:00:00Z,44090,0.5154456792923565
BC,past,2009-01-01T00:00:00Z,44558,0.5166748956416356
BC,past,2010-01-01T00:00:00Z,44428,0.5184343206986585
BC,past,2011-01-01T00:00:00Z,43969,0.5114285064477245
BC,past,2012-01-01T00:00:00Z,43672,0.5142196372962081
BC,past,2013-01-01T00:00:00Z,44172,0.513039934800326
BC,past,2014-01-01T00:00:00Z,43991,0.5149235070809939
BC,past,2015-01-01T00:00:00Z,44819,0.5177714808451773
BC,past,2016-01-01T00:00:00Z,44941,0.5153645891279678
BC,past,2017-01-01T00:00:00Z,45081,0.5135644728377808
BC,past,2018-01-01T00:00:00Z,44347,0.5108575551897535
BC,past,2019-01-01T00:00:00Z,43439,0.5139621077833283
BC,past,2020-01-01T00:00:00Z,43134,0.5180831826401446
BC,past,2021-01-01T00:00:00Z,42653,0.5134926030994302
CA,FA,2022-01-01T00:00:00Z,351900,0.5120772946859904
CA,FA,2023-01-01T00:00:00Z,348700,0.5121881273300831
CA,FA,2024-01-01T00:00:00Z,346900,0.5119631017584318
CA,FA,2025-01-01T00:00:00Z,346300,0.5119838290499567
CA,FA,2026-01-01T00:00:00Z,346000,0.511849710982659
CA,FA,2027-01-01T00:00:00Z,345600,0.5121527777777778
CA,FA,2028-01-01T00:00:00Z,345200,0.5121668597914253
CA,FA,2029-01-01T00:00:00Z,345000,0.5118840579710144
CA,FA,2030-01-01T00:00:00Z,344800,0.5121809744779582
CA,FA,2031-01-01T00:00:00Z,344900,0.512032473180632
CA,FA,2032-01-01T00:00:00Z,345300,0.5120185346075876
CA,FA,2033-01-01T00:00:00Z,346000,0.5121387283236994
CA,FA,2034-01-01T00:00:00Z,347300,0.5119493233515693
CA,FA,2035-01-01T00:00:00Z,349000,0.5120343839541547
CA,FA,2036-01-01T00:00:00Z,351500,0.5120910384068279
CA,FA,2037-01-01T00:00:00Z,354400,0.5121331828442438
CA,FA,2038-01-01T00:00:00Z,357900,0.512154233025985
CA,FA,2039-01-01T00:00:00Z,361800,0.5121614151464897
CA,FA,2040-01-01T00:00:00Z,366000,0.5120218579234973
CA,FA,2041-01-01T00:00:00Z,370400,0.5121490280777538
CA,FA,2042-01-01T00:00:00Z,374800,0.5120064034151548
CA,FA,2043-01-01T00:00:00Z,379100,0.5120021102611448
CA,FA,2044-01-01T00:00:00Z,379600,0.512118018967334
CA,FA,2045-01-01T00:00:00Z,379800,0.5121116377040548
CA,FA,2046-01-01T00:00:00Z,379700,0.5119831445878325
CA,FA,2047-01-01T00:00:00Z,379200,0.5121308016877637
CA,FA,2048-01-01T00:00:00Z,378400,0.5121564482029598
CA,FA,2049-01-01T00:00:00Z,377200,0.5119300106044539
CA,FA,2050-01-01T00:00:00Z,375700,0.5121107266435986
CA,FA,2051-01-01T00:00:00Z,374000,0.5120320855614974
CA,FA,2052-01-01T00:00:00Z,372100,0.5119591507659231
CA,FA,2053-01-01T00:00:00Z,370100,0.512023777357471
CA,FA,2054-01-01T00:00:00Z,368200,0.5119500271591526
CA,FA,2055-01-01T00:00:00Z,366300,0.5121485121485122
CA,FA,2056-01-01T00:00:00Z,364500,0.5122085048010974
CA,FA,2057-01-01T00:00:00Z,363000,0.5121212121212121
CA,FA,2058-01-01T00:00:00Z,361600,0.5121681415929203
CA,FA,2059-01-01T00:00:00Z,360600,0.511924570160843
CA,FA,2060-01-01T00:00:00Z,359800,0.5119510839355197
CA,FA,2061-01-01T00:00:00Z,359300,0.512106874478152
CA,FA,2062-01-01T00:00:00Z,359000,0.5122562674094707
CA,FA,2063-01-01T00:00:00Z,359100,0.5121136173767753
CA,FA,2064-01-01T00:00:00Z,359400,0.5122426265998887
CA,FA,2065-01-01T00:00:00Z,360000,0.5122222222222222
CA,FA,2066-01-01T00:00:00Z,360800,0.5121951219512195
CA,FA,2067-01-01T00:00:00Z,361900,0.5120198949986184
CA,FA,2068-01-01T00:00:00Z,363100,0.5122555769760396
CA,HG,2022-01-01T00:00:00Z,387600,0.512125902992776
CA,HG,2023-01-01T00:00:00Z,397100,0.5122135482246286
CA,HG,2024-01-01T00:00:00Z,406400,0.5120570866141733
CA,HG,2025-01-01T00:00:00Z,415600,0.5120307988450433
CA,HG,2026-01-01T00:00:00Z,424600,0.5120113047574187
CA,HG,2027-01-01T00:00:00Z,433400,0.5119981541301338
CA,HG,2028-01-01T00:00:00Z,441800,0.5119963784517881
CA,HG,2029-01-01T00:00:00Z,450000,0.512
CA,HG,2030-01-01T00:00:00Z,458100,0.5121152586771447
CA,HG,2031-01-01T00:00:00Z,466100,0.5121218622613173
CA,HG,2032-01-01T00:00:00Z,474300,0.5121231288214211
CA,HG,2033-01-01T00:00:00Z,482900,0.5121143093808241
CA,HG,2034-01-01T00:00:00Z,492100,0.5120910384068279
CA,HG,2035-01-01T00:00:00Z,502000,0.5121513944223107
CA,HG,2036-01-01T00:00:00Z,512800,0.5120904836193447
CA,HG,2037-01-01T00:00:00Z,524200,0.5120183136207554
CA,HG,2038-01-01T00:00:00Z,536300,0.5120268506432967
CA,HG,2039-01-01T00:00:00Z,549000,0.5120218579234973
CA,HG,2040-01-01T00:00:00Z,562100,0.512186443693293
CA,HG,2041-01-01T00:00:00Z,575600,0.5121612230715775
CA,HG,2042-01-01T00:00:00Z,589400,0.5120461486257211
CA,HG,2043-01-01T00:00:00Z,603300,0.5121829935355544
CA,HG,2044-01-01T00:00:00Z,609900,0.5120511559272012
CA,HG,2045-01-01T00:00:00Z,616300,0.5120882687003083
CA,HG,2046-01-01T00:00:00Z,622600,0.5120462576292965
CA,HG,2047-01-01T00:00:00Z,628800,0.5120865139949109
CA,HG,2048-01-01T00:00:00Z,635100,0.512045347189419
CA,HG,2049-01-01T00:00:00Z,641400,0.5121608980355472
CA,HG,2050-01-01T00:00:00Z,648100,0.5121123283443912
CA,HG,2051-01-01T00:00:00Z,655100,0.5121355518241489
CA,HG,2052-01-01T00:00:00Z,662600,0.5120736492604889
CA,HG,2053-01-01T00:00:00Z,670800,0.5120751341681574
CA,HG,2054-01-01T00:00:00Z,679500,0.5121412803532008
CA,HG,2055-01-01T00:00:00Z,688900,0.5121207722456089
CA,HG,2056-01-01T00:00:00Z,698800,0.5121637092157985
CA,HG,2057-01-01T00:00:00Z,709300,0.5120541378824193
CA,HG,2058-01-01T00:00:00Z,720200,0.5120799777839489
CA,HG,2059-01-01T00:00:00Z,731500,0.5120984278879016
CA,HG,2060-01-01T00:00:00Z,743200,0.5121097954790097
CA,HG,2061-01-01T00:00:00Z,755100,0.5121176003178387
CA,HG,2062-01-01T00:00:00Z,767300,0.5121855858204092
CA,HG,2063-01-01T00:00:00Z,779800,0.5121826109258785
CA,HG,2064-01-01T00:00:00Z,792600,0.512112036336109
CA,HG,2065-01-01T00:00:00Z,805500,0.5121042830540037
CA,HG,2066-01-01T00:00:00Z,818800,0.5120908646800195
CA,HG,2067-01-01T00:00:00Z,832200,0.5121365056476809
CA,HG,2068-01-01T00:00:00Z,845900,0.5121172715450999
CA,LG,2022-01-01T00:00:00Z,351800,0.5119386014781125
CA,LG,2023-01-01T00:00:00Z,348500,0.5121951219512195
CA,LG,2024-01-01T00:00:00Z,346700,0.511970002884338
CA,LG,2025-01-01T00:00:00Z,346000,0.5121387283236994
CA,LG,2026-01-01T00:00:00Z,345700,0.5120046282904253
CA,LG,2027-01-01T00:00:00Z,345200,0.5121668597914253
CA,LG,2028-01-01T00:00:00Z,344800,0.5121809744779582
CA,LG,2029-01-01T00:00:00Z,344500,0.5120464441219158
CA,LG,2030-01-01T00:00:00Z,344400,0.5119047619047619
CA,LG,2031-01-01T00:00:00Z,344400,0.5119047619047619
CA,LG,2032-01-01T00:00:00Z,344700,0.5120394545982013
CA,LG,2033-01-01T00:00:00Z,345400,0.5118702953097858
CA,LG,2034-01-01T00:00:00Z,346500,0.511976911976912
CA,LG,2035-01-01T00:00:00Z,348200,0.5120620333141872
CA,LG,2036-01-01T00:00:00Z,350600,0.5119794637763834
CA,LG,2037-01-01T00:00:00Z,353500,0.512022630834512
CA,LG,2038-01-01T00:00:00Z,356900,0.5119080975063043
CA,LG,2039-01-01T00:00:00Z,360700,0.512059883559745
CA,LG,2040-01-01T00:00:00Z,364800,0.5120614035087719
CA,LG,2041-01-01T00:00:00Z,369100,0.5120563532917909
CA,LG,2042-01-01T00:00:00Z,373400,0.5120514193893948
CA,LG,2043-01-01T00:00:00Z,377600,0.511917372881356
CA,LG,2044-01-01T00:00:00Z,378000,0.5121693121693122
CA,LG,2045-01-01T00:00:00Z,378200,0.5118984664198837
CA,LG,2046-01-01T00:00:00Z,378000,0.5119047619047619
CA,LG,2047-01-01T00:00:00Z,377400,0.5121886592474828
CA,LG,2048-01-01T00:00:00Z,376500,0.5120849933598938
CA,LG,2049-01-01T00:00:00Z,375200,0.5119936034115139
CA,LG,2050-01-01T00:00:00Z,373700,0.5119079475515119
CA,LG,2051-01-01T00:00:00Z,371900,0.5119655821457381
CA,LG,2052-01-01T00:00:00Z,369900,0.5120302784536361
CA,LG,2053-01-01T00:00:00Z,367800,0.5122349102773246
CA,LG,2054-01-01T00:00:00Z,365800,0.5120284308365227
CA,LG,2055-01-01T00:00:00Z,363800,0.5120945574491479
CA,LG,2056-01-01T00:00:00Z,362000,0.5121546961325967
CA,LG,2057-01-01T00:00:00Z,360300,0.5120732722731057
CA,LG,2058-01-01T00:00:00Z,358900,0.5121203677904709
CA,LG,2059-01-01T00:00:00Z,357700,0.5121610287950796
CA,LG,2060-01-01T00:00:00Z,356800,0.5120515695067265
CA,LG,2061-01-01T00:00:00Z,356200,0.5120718697361033
CA,LG,2062-01-01T00:00:00Z,355900,0.5122225344197808
CA,LG,2063-01-01T00:00:00Z,355900,0.5119415566170272
CA,LG,2064-01-01T00:00:00Z,356100,0.5122156697556866
CA,LG,2065-01-01T00:00:00Z,356600,0.5120583286595626
CA,LG,2066-01-01T00:00:00Z,357300,0.5121746431570109
CA,LG,2067-01-01T00:00:00Z,358300,0.512140664247837
CA,LG,2068-01-01T00:00:00Z,359400,0.5122426265998887
CA,M1,2022-01-01T00:00:00Z,362400,0.5121412803532008
CA,M1,2023-01-01T00:00:00Z,367000,0.5119891008174386
CA,M1,2024-01-01T00:00:00Z,371700,0.5119720204465967
CA,M1,2025-01-01T00:00:00Z,376500,0.5120849933598938
CA,M1,2026-01-01T00:00:00Z,381500,0.5119266055045871
CA,M1,2027-01-01T00:00:00Z,386400,0.5121635610766045
CA,M1,2028-01-01T00:00:00Z,391300,0.5121390237669308
CA,M1,2029-01-01T00:00:00Z,396100,0.5119919212320121
CA,M1,2030-01-01T00:00:00Z,400800,0.5122255489021956
CA,M1,2031-01-01T00:00:00Z,405600,0.5120808678500987
CA,M1,2032-01-01T00:00:00Z,410300,0.5120643431635389
CA,M1,2033-01-01T00:00:00Z,415200,0.5120423892100193
CA,M1,2034-01-01T00:00:00Z,420400,0.5121313035204567
CA,M1,2035-01-01T00:00:00Z,426000,0.5122065727699531
CA,M1,2036-01-01T00:00:00Z,432000,0.5120370370370371
CA,M1,2037-01-01T00:00:00Z,438400,0.5120894160583942
CA,M1,2038-01-01T00:00:00Z,445200,0.5121293800539084
CA,M1,2039-01-01T00:00:00Z,452200,0.5121627598407784
CA,M1,2040-01-01T00:00:00Z,459400,0.5119721375707444
CA,M1,2041-01-01T00:00:00Z,466700,0.5121062781229913
CA,M1,2042-01-01T00:00:00Z,473900,0.5121333614686643
CA,M1,2043-01-01T00:00:00Z,481100,0.5121596341716899
CA,M1,2044-01-01T00:00:00Z,482700,0.512119328775637
CA,M1,2045-01-01T00:00:00Z,484100,0.5120842801074158
CA,M1,2046-01-01T00:00:00Z,485300,0.512054399340614
CA,M1,2047-01-01T00:00:00Z,486300,0.5120296113510179
CA,M1,2048-01-01T00:00:00Z,487100,0.5122151508930405
CA,M1,2049-01-01T00:00:00Z,487900,0.511990161918426
CA,M1,2050-01-01T00:00:00Z,488500,0.5121801432958035
CA,M1,2051-01-01T00:00:00Z,489300,0.5119558553034947
CA,M1,2052-01-01T00:00:00Z,490100,0.5121403795143848
CA,M1,2053-01-01T00:00:00Z,491200,0.5120114006514658
CA,M1,2054-01-01T00:00:00Z,492600,0.511977263499797
CA,M1,2055-01-01T00:00:00Z,494300,0.5120372243576775
CA,M1,2056-01-01T00:00:00Z,496300,0.5119887165021156
CA,M1,2057-01-01T00:00:00Z,498700,0.512131542009224
CA,M1,2058-01-01T00:00:00Z,501400,0.5121659353809334
CA,M1,2059-01-01T00:00:00Z,504400,0.5120935765265662
CA,M1,2060-01-01T00:00:00Z,507800,0.5120126033871603
CA,M1,2061-01-01T00:00:00Z,511400,0.5121235823230348
CA,M1,2062-01-01T00:00:00Z,515300,0.5121288569765186
CA,M1,2063-01-01T00:00:00Z,519500,0.5120307988450433
CA,M1,2064-01-01T00:00:00Z,523800,0.5120274914089347
CA,M1,2065-01-01T00:00:00Z,528300,0.5122089721749006
CA,M1,2066-01-01T00:00:00Z,533000,0.5121951219512195
CA,M1,2067-01-01T00:00:00Z,537900,0.5121769845696226
CA,M1,2068-01-01T00:00:00Z,542800,0.5121591746499632
CA,M2,2022-01-01T00:00:00Z,362400,0.5121412803532008
CA,M2,2023-01-01T00:00:00Z,367200,0.5119825708061002
CA,M2,2024-01-01T00:00:00Z,371900,0.5119655821457381
CA,M2,2025-01-01T00:00:00Z,376800,0.5119426751592356
CA,M2,2026-01-01T00:00:00Z,381800,0.5120481927710844
CA,M2,2027-01-01T00:00:00Z,386800,0.5118924508790073
CA,M2,2028-01-01T00:00:00Z,391700,0.5121266275210621
CA,M2,2029-01-01T00:00:00Z,396500,0.5119798234552333
CA,M2,2030-01-01T00:00:00Z,401200,0.5122133599202393
CA,M2,2031-01-01T00:00:00Z,406000,0.5120689655172413
CA,M2,2032-01-01T00:00:00Z,410700,0.5120525931336742
CA,M2,2033-01-01T00:00:00Z,415600,0.5120307988450433
CA,M2,2034-01-01T00:00:00Z,420900,0.5119980993110003
CA,M2,2035-01-01T00:00:00Z,426500,0.5120750293083236
CA,M2,2036-01-01T00:00:00Z,432500,0.5121387283236994
CA,M2,2037-01-01T00:00:00Z,438900,0.5121895648211438
CA,M2,2038-01-01T00:00:00Z,445700,0.5120035898586494
CA,M2,2039-01-01T00:00:00Z,452700,0.5120388778440468
CA,M2,2040-01-01T00:00:00Z,459900,0.5120678408349641
CA,M2,2041-01-01T00:00:00Z,467200,0.511986301369863
CA,M2,2042-01-01T00:00:00Z,474500,0.512118018967334
CA,M2,2043-01-01T00:00:00Z,481700,0.5121444882707079
CA,M2,2044-01-01T00:00:00Z,483300,0.5121042830540037
CA,M2,2045-01-01T00:00:00Z,484700,0.5120693212296266
CA,M2,2046-01-01T00:00:00Z,485900,0.5120395143033546
CA,M2,2047-01-01T00:00:00Z,486900,0.512014787430684
CA,M2,2048-01-01T00:00:00Z,487700,0.5122001230264507
CA,M2,2049-01-01T00:00:00Z,488400,0.512080262080262
CA,M2,2050-01-01T00:00:00Z,489100,0.5121652013903087
CA,M2,2051-01-01T00:00:00Z,489900,0.5119412124923454
CA,M2,2052-01-01T00:00:00Z,490700,0.5121255349500713
CA,M2,2053-01-01T00:00:00Z,491800,0.5119967466449776
CA,M2,2054-01-01T00:00:00Z,493200,0.5121654501216545
CA,M2,2055-01-01T00:00:00Z,494900,0.512022630834512
CA,M2,2056-01-01T00:00:00Z,496900,0.5121754880257597
CA,M2,2057-01-01T00:00:00Z,499300,0.512116963749249
CA,M2,2058-01-01T00:00:00Z,502100,0.5120493925512846
CA,M2,2059-01-01T00:00:00Z,505200,0.5120744259699129
CA,M2,2060-01-01T00:00:00Z,508600,0.5119937082186394
CA,M2,2061-01-01T00:00:00Z,512200,0.5121046466224132
CA,M2,2062-01-01T00:00:00Z,516200,0.5120108485083301
CA,M2,2063-01-01T00:00:00Z,520300,0.512204497405343
CA,M2,2064-01-01T00:00:00Z,524700,0.5121021536115876
CA,M2,2065-01-01T00:00:00Z,529200,0.5120937263794406
CA,M2,2066-01-01T00:00:00Z,534000,0.5119850187265917
CA,M2,2067-01-01T00:00:00Z,538800,0.5120638455827765
CA,M2,2068-01-01T00:00:00Z,543800,0.5121368150055168
CA,M3,2022-01-01T00:00:00Z,362400,0.5121412803532008
CA,M3,2023-01-01T00:00:00Z,367200,0.5119825708061002
CA,M3,2024-01-01T00:00:00Z,371900,0.5119655821457381
CA,M3,2025-01-01T00:00:00Z,376800,0.5119426751592356
CA,M3,2026-01-01T00:00:00Z,381800,0.5120481927710844
CA,M3,2027-01-01T00:00:00Z,386700,0.5120248254460822
CA,M3,2028-01-01T00:00:00Z,391600,0.5120020429009193
CA,M3,2029-01-01T00:00:00Z,396500,0.5119798234552333
CA,M3,2030-01-01T00:00:00Z,401200,0.5119641076769691
CA,M3,2031-01-01T00:00:00Z,406000,0.5120689655172413
CA,M3,2032-01-01T00:00:00Z,410700,0.5120525931336742
CA,M3,2033-01-01T00:00:00Z,415600,0.5120307988450433
CA,M3,2034-01-01T00:00:00Z,420900,0.5119980993110003
CA,M3,2035-01-01T00:00:00Z,426500,0.5120750293083236
CA,M3,2036-01-01T00:00:00Z,432500,0.5121387283236994
CA,M3,2037-01-01T00:00:00Z,438900,0.5121895648211438
CA,M3,2038-01-01T00:00:00Z,445700,0.5120035898586494
CA,M3,2039-01-01T00:00:00Z,452800,0.5119257950530035
CA,M3,2040-01-01T00:00:00Z,460000,0.5119565217391304
CA,M3,2041-01-01T00:00:00Z,467300,0.512090734003852
CA,M3,2042-01-01T00:00:00Z,474500,0.512118018967334
CA,M3,2043-01-01T00:00:00Z,481800,0.5120381901203819
CA,M3,2044-01-01T00:00:00Z,483400,0.5119983450558544
CA,M3,2045-01-01T00:00:00Z,484800,0.511963696369637
CA,M3,2046-01-01T00:00:00Z,486000,0.5121399176954733
CA,M3,2047-01-01T00:00:00Z,487000,0.5121149897330596
CA,M3,2048-01-01T00:00:00Z,487800,0.5120951209512095
CA,M3,2049-01-01T00:00:00Z,488500,0.5121801432958035
CA,M3,2050-01-01T00:00:00Z,489200,0.5120605069501226
CA,M3,2051-01-01T00:00:00Z,489900,0.5121453357828128
CA,M3,2052-01-01T00:00:00Z,490800,0.5120211898940505
CA,M3,2053-01-01T00:00:00Z,491900,0.5120959544622891
CA,M3,2054-01-01T00:00:00Z,493300,0.512061625785526
CA,M3,2055-01-01T00:00:00Z,495000,0.5121212121212121
CA,M3,2056-01-01T00:00:00Z,497000,0.5120724346076458
CA,M3,2057-01-01T00:00:00Z,499400,0.5122146575891069
CA,M3,2058-01-01T00:00:00Z,502200,0.5121465551573079
CA,M3,2059-01-01T00:00:00Z,505300,0.5119730852958638
CA,M3,2060-01-01T00:00:00Z,508700,0.512089640259485
CA,M3,2061-01-01T00:00:00Z,512300,0.5121998828811244
CA,M3,2062-01-01T00:00:00Z,516200,0.5122045718713677
CA,M3,2063-01-01T00:00:00Z,520400,0.5121060722521138
CA,M3,2064-01-01T00:00:00Z,524800,0.5120045731707317
CA,M3,2065-01-01T00:00:00Z,529300,0.5121859059134706
CA,M3,2066-01-01T00:00:00Z,534100,0.5120763901891031
CA,M3,2067-01-01T00:00:00Z,538900,0.5121543885693078
CA,M3,2068-01-01T00:00:00Z,543900,0.5120426548997977
CA,M4,2022-01-01T00:00:00Z,362500,0.512
CA,M4,2023-01-01T00:00:00Z,367200,0.5119825708061002
CA,M4,2024-01-01T00:00:00Z,371900,0.5119655821457381
CA,M4,2025-01-01T00:00:00Z,376800,0.5122080679405521
CA,M4,2026-01-01T00:00:00Z,381800,0.5120481927710844
CA,M4,2027-01-01T00:00:00Z,386800,0.5121509824198552
CA,M4,2028-01-01T00:00:00Z,391700,0.5121266275210621
CA,M4,2029-01-01T00:00:00Z,396600,0.5121028744326778
CA,M4,2030-01-01T00:00:00Z,401300,0.5120857214054323
CA,M4,2031-01-01T00:00:00Z,406100,0.5119428712139867
CA,M4,2032-01-01T00:00:00Z,410800,0.5121713729308666
CA,M4,2033-01-01T00:00:00Z,415700,0.5121481837863844
CA,M4,2034-01-01T00:00:00Z,420900,0.5119980993110003
CA,M4,2035-01-01T00:00:00Z,426500,0.5120750293083236
CA,M4,2036-01-01T00:00:00Z,432600,0.5120203421174295
CA,M4,2037-01-01T00:00:00Z,439000,0.5120728929384966
CA,M4,2038-01-01T00:00:00Z,445700,0.5120035898586494
CA,M4,2039-01-01T00:00:00Z,452700,0.5120388778440468
CA,M4,2040-01-01T00:00:00Z,459900,0.5120678408349641
CA,M4,2041-01-01T00:00:00Z,467200,0.511986301369863
CA,M4,2042-01-01T00:00:00Z,474400,0.5120151770657673
CA,M4,2043-01-01T00:00:00Z,481600,0.5120431893687708
CA,M4,2044-01-01T00:00:00Z,483200,0.5120033112582781
CA,M4,2045-01-01T00:00:00Z,484600,0.5121749896822121
CA,M4,2046-01-01T00:00:00Z,485800,0.5121449156031289
CA,M4,2047-01-01T00:00:00Z,486800,0.5121199671322926
CA,M4,2048-01-01T00:00:00Z,487600,0.5121000820344545
CA,M4,2049-01-01T00:00:00Z,488300,0.5119803399549457
CA,M4,2050-01-01T00:00:00Z,489000,0.5120654396728016
CA,M4,2051-01-01T00:00:00Z,489700,0.5121502960996529
CA,M4,2052-01-01T00:00:00Z,490500,0.5121304791029562
CA,M4,2053-01-01T00:00:00Z,491600,0.5122050447518307
CA,M4,2054-01-01T00:00:00Z,493000,0.5121703853955375
CA,M4,2055-01-01T00:00:00Z,494700,0.5120274914089347
CA,M4,2056-01-01T00:00:00Z,496800,0.5120772946859904
CA,M4,2057-01-01T00:00:00Z,499200,0.5120192307692307
CA,M4,2058-01-01T00:00:00Z,501900,0.5120541940625623
CA,M4,2059-01-01T00:00:00Z,505000,0.5120792079207921
CA,M4,2060-01-01T00:00:00Z,508400,0.5121951219512195
CA,M4,2061-01-01T00:00:00Z,512100,0.5120093731693028
CA,M4,2062-01-01T00:00:00Z,516000,0.5122093023255814
CA,M4,2063-01-01T00:00:00Z,520200,0.5121107266435986
CA,M4,2064-01-01T00:00:00Z,524500,0.5121067683508103
CA,M4,2065-01-01T00:00:00Z,529100,0.5121905121905121
CA,M4,2066-01-01T00:00:00Z,533800,0.5121768452603972
CA,M4,2067-01-01T00:00:00Z,538700,0.5121589010581028
CA,M4,2068-01-01T00:00:00Z,543600,0.5121412803532008
CA,M5,2022-01-01T00:00:00Z,362400,0.5121412803532008
CA,M5,2023-01-01T00:00:00Z,367000,0.5119891008174386
CA,M5,2024-01-01T00:00:00Z,371700,0.5119720204465967
CA,M5,2025-01-01T00:00:00Z,376600,0.5119490175252257
CA,M5,2026-01-01T00:00:00Z,381500,0.5119266055045871
CA,M5,2027-01-01T00:00:00Z,386400,0.5121635610766045
CA,M5,2028-01-01T00:00:00Z,391300,0.5121390237669308
CA,M5,2029-01-01T00:00:00Z,396100,0.5119919212320121
CA,M5,2030-01-01T00:00:00Z,400800,0.5119760479041916
CA,M5,2031-01-01T00:00:00Z,405500,0.511960542540074
CA,M5,2032-01-01T00:00:00Z,410100,0.5120702267739575
CA,M5,2033-01-01T00:00:00Z,415000,0.5120481927710844
CA,M5,2034-01-01T00:00:00Z,420200,0.5118990956687292
CA,M5,2035-01-01T00:00:00Z,425700,0.512097721400047
CA,M5,2036-01-01T00:00:00Z,431600,0.5120481927710844
CA,M5,2037-01-01T00:00:00Z,438000,0.5121004566210046
CA,M5,2038-01-01T00:00:00Z,444700,0.5120305824151113
CA,M5,2039-01-01T00:00:00Z,451600,0.5119574844995571
CA,M5,2040-01-01T00:00:00Z,458700,0.5120994113799869
CA,M5,2041-01-01T00:00:00Z,465900,0.5121270658939686
CA,M5,2042-01-01T00:00:00Z,473100,0.5119425068695836
CA,M5,2043-01-01T00:00:00Z,480200,0.5120783007080383
CA,M5,2044-01-01T00:00:00Z,481700,0.5121444882707079
CA,M5,2045-01-01T00:00:00Z,483100,0.5121092941419996
CA,M5,2046-01-01T00:00:00Z,484200,0.5119785212722016
CA,M5,2047-01-01T00:00:00Z,485100,0.5120593692022264
CA,M5,2048-01-01T00:00:00Z,485800,0.5121449156031289
CA,M5,2049-01-01T00:00:00Z,486500,0.5120246659815005
CA,M5,2050-01-01T00:00:00Z,487100,0.512009854239376
CA,M5,2051-01-01T00:00:00Z,487700,0.5119950789419725
CA,M5,2052-01-01T00:00:00Z,488500,0.5119754350051177
CA,M5,2053-01-01T00:00:00Z,489500,0.5119509703779367
CA,M5,2054-01-01T00:00:00Z,490700,0.5121255349500713
CA,M5,2055-01-01T00:00:00Z,492300,0.5120861263457241
CA,M5,2056-01-01T00:00:00Z,494300,0.5120372243576775
CA,M5,2057-01-01T00:00:00Z,496600,0.5120821586790173
CA,M5,2058-01-01T00:00:00Z,499200,0.5120192307692307
CA,M5,2059-01-01T00:00:00Z,502200,0.5121465551573079
CA,M5,2060-01-01T00:00:00Z,505400,0.5120696478037198
CA,M5,2061-01-01T00:00:00Z,509000,0.5119842829076621
CA,M5,2062-01-01T00:00:00Z,512800,0.5120904836193447
CA,M5,2063-01-01T00:00:00Z,516800,0.5119969040247678
CA,M5,2064-01-01T00:00:00Z,521000,0.5120921305182342
CA,M5,2065-01-01T00:00:00Z,525400,0.5121811952797868
CA,M5,2066-01-01T00:00:00Z,530000,0.5120754716981132
CA,M5,2067-01-01T00:00:00Z,534700,0.5120628389751263
CA,M5,2068-01-01T00:00:00Z,539500,0.5121408711770158
CA,M6,2022-01-01T00:00:00Z,362400,0.5121412803532008
CA,M6,2023-01-01T00:00:00Z,367000,0.5119891008174386
CA,M6,2024-01-01T00:00:00Z,371700,0.5119720204465967
CA,M6,2025-01-01T00:00:00Z,376500,0.5120849933598938
CA,M6,2026-01-01T00:00:00Z,381400,0.5120608285264814
CA,M6,2027-01-01T00:00:00Z,386300,0.5120372767279316
CA,M6,2028-01-01T00:00:00Z,391100,0.5121452313986192
CA,M6,2029-01-01T00:00:00Z,395800,0.5121273370389086
CA,M6,2030-01-01T00:00:00Z,400500,0.5121098626716605
CA,M6,2031-01-01T00:00:00Z,405200,0.5120927936821322
CA,M6,2032-01-01T00:00:00Z,409800,0.5119570522205954
CA,M6,2033-01-01T00:00:00Z,414600,0.5120598166907863
CA,M6,2034-01-01T00:00:00Z,419800,0.5119104335397808
CA,M6,2035-01-01T00:00:00Z,425300,0.5121090994592052
CA,M6,2036-01-01T00:00:00Z,431200,0.5120593692022264
CA,M6,2037-01-01T00:00:00Z,437500,0.512
CA,M6,2038-01-01T00:00:00Z,444200,0.5119315623592976
CA,M6,2039-01-01T00:00:00Z,451100,0.5120815783639991
CA,M6,2040-01-01T00:00:00Z,458200,0.5120034919249236
CA,M6,2041-01-01T00:00:00Z,465300,0.5121427036320654
CA,M6,2042-01-01T00:00:00Z,472400,0.5120660457239627
CA,M6,2043-01-01T00:00:00Z,479500,0.5122002085505735
CA,M6,2044-01-01T00:00:00Z,481100,0.511951777177302
CA,M6,2045-01-01T00:00:00Z,482400,0.5120232172470979
CA,M6,2046-01-01T00:00:00Z,483500,0.5120992761116856
CA,M6,2047-01-01T00:00:00Z,484300,0.5120792896964691
CA,M6,2048-01-01T00:00:00Z,485100,0.5120593692022264
CA,M6,2049-01-01T00:00:00Z,485700,0.5120444718962323
CA,M6,2050-01-01T00:00:00Z,486300,0.5120296113510179
CA,M6,2051-01-01T00:00:00Z,486900,0.512014787430684
CA,M6,2052-01-01T00:00:00Z,487700,0.5119950789419725
CA,M6,2053-01-01T00:00:00Z,488600,0.5120753172329103
CA,M6,2054-01-01T00:00:00Z,489900,0.5121453357828128
CA,M6,2055-01-01T00:00:00Z,491500,0.5121057985757884
CA,M6,2056-01-01T00:00:00Z,493400,0.5121605188488042
CA,M6,2057-01-01T00:00:00Z,495600,0.5121065375302664
CA,M6,2058-01-01T00:00:00Z,498200,0.5120433560818948
CA,M6,2059-01-01T00:00:00Z,501100,0.5120734384354421
CA,M6,2060-01-01T00:00:00Z,504400,0.5120935765265662
CA,M6,2061-01-01T00:00:00Z,507900,0.5121086828115771
CA,M6,2062-01-01T00:00:00Z,511600,0.5121188428459734
CA,M6,2063-01-01T00:00:00Z,515600,0.5120248254460822
CA,M6,2064-01-01T00:00:00Z,519800,0.5121200461716044
CA,M6,2065-01-01T00:00:00Z,524100,0.5121160083953444
CA,M6,2066-01-01T00:00:00Z,528600,0.512107453651154
CA,M6,2067-01-01T00:00:00Z,533300,0.5120945059066192
CA,M6,2068-01-01T00:00:00Z,538100,0.5121724586508084
CA,SA,2022-01-01T00:00:00Z,387500,0.512
CA,SA,2023-01-01T00:00:00Z,397000,0.5120906801007556
CA,SA,2024-01-01T00:00:00Z,406200,0.5120630231413097
CA,SA,2025-01-01T00:00:00Z,415300,0.5121598844209005
CA,SA,2026-01-01T00:00:00Z,424300,0.5119019561630922
CA,SA,2027-01-01T00:00:00Z,432900,0.5121275121275122
CA,SA,2028-01-01T00:00:00Z,441300,0.5121232721504645
CA,SA,2029-01-01T00:00:00Z,449400,0.5120160213618158
CA,SA,2030-01-01T00:00:00Z,457400,0.5120244862264975
CA,SA,2031-01-01T00:00:00Z,465300,0.5119277885235332
CA,SA,2032-01-01T00:00:00Z,473300,0.5121487428692162
CA,SA,2033-01-01T00:00:00Z,481800,0.5120381901203819
CA,SA,2034-01-01T00:00:00Z,490900,0.5121205948258301
CA,SA,2035-01-01T00:00:00Z,500700,0.512083083682844
CA,SA,2036-01-01T00:00:00Z,511200,0.5121283255086072
CA,SA,2037-01-01T00:00:00Z,522500,0.5121531100478469
CA,SA,2038-01-01T00:00:00Z,534400,0.5121631736526946
CA,SA,2039-01-01T00:00:00Z,546900,0.5121594441396965
CA,SA,2040-01-01T00:00:00Z,559900,0.5120557242364708
CA,SA,2041-01-01T00:00:00Z,573200,0.5120376831821354
CA,SA,2042-01-01T00:00:00Z,586700,0.5120163627066644
CA,SA,2043-01-01T00:00:00Z,600400,0.5119920053297802
CA,SA,2044-01-01T00:00:00Z,606800,0.5120303230059328
CA,SA,2045-01-01T00:00:00Z,613000,0.5120717781402936
CA,SA,2046-01-01T00:00:00Z,619100,0.5120335971571637
CA,SA,2047-01-01T00:00:00Z,625100,0.5120780675091985
CA,SA,2048-01-01T00:00:00Z,631100,0.5119632387894153
CA,SA,2049-01-01T00:00:00Z,637200,0.5120841180163214
CA,SA,2050-01-01T00:00:00Z,643600,0.512119328775637
CA,SA,2051-01-01T00:00:00Z,650400,0.5119926199261993
CA,SA,2052-01-01T00:00:00Z,657700,0.5120875779230653
CA,SA,2053-01-01T00:00:00Z,665600,0.5120192307692307
CA,SA,2054-01-01T00:00:00Z,674100,0.512090194333185
CA,SA,2055-01-01T00:00:00Z,683200,0.5120023419203747
CA,SA,2056-01-01T00:00:00Z,692800,0.5121247113163973
CA,SA,2057-01-01T00:00:00Z,703000,0.5120910384068279
CA,SA,2058-01-01T00:00:00Z,713600,0.5120515695067265
CA,SA,2059-01-01T00:00:00Z,724600,0.5121446315208391
CA,SA,2060-01-01T00:00:00Z,736000,0.5120923913043478
CA,SA,2061-01-01T00:00:00Z,747600,0.5120385232744783
CA,SA,2062-01-01T00:00:00Z,759500,0.5120473996050033
CA,SA,2063-01-01T00:00:00Z,771600,0.512182477967859
CA,SA,2064-01-01T00:00:00Z,784000,0.5121173469387755
CA,SA,2065-01-01T00:00:00Z,796700,0.5121124639136437
CA,SA,2066-01-01T00:00:00Z,809500,0.5121680049413218
CA,SA,2067-01-01T00:00:00Z,822600,0.5121565767079991
CA,SA,2068-01-01T00:00:00Z,836000,0.5120813397129187
CA,past,2000-01-01T00:00:00Z,338738,0.5124137238809936
CA,past,2001-01-01T00:00:00Z,328494,0.5133122674995586
CA,past,2002-01-01T00:00:00Z,327964,0.5124007513019722
CA,past,2003-01-01T00:00:00Z,330200,0.5128134463961236
CA,past,2004-01-01T00:00:00Z,338047,0.5138457078453588
CA,past,2005-01-01T00:00:00Z,339184,0.5139540780225482
CA,past,2006-01-01T00:00:00Z,344791,0.5128556139806434
CA,past,2007-01-01T00:00:00Z,360064,0.5129865801635265
CA,past,2008-01-01T00:00:00Z,372788,0.5112932819725957
CA,past,2009-01-01T00:00:00Z,377768,0.5133759344359501
CA,past,2010-01-01T00:00:00Z,377867,0.5127280233521319
CA,past,2011-01-01T00:00:00Z,376475,0.5122172787037652
CA,past,2012-01-01T00:00:00Z,377796,0.5124035193596544
CA,past,2013-01-01T00:00:00Z,380501,0.5139960210354243
CA,past,2014-01-01T00:00:00Z,381145,0.5118498209342901
CA,past,2015-01-01T00:00:00Z,382102,0.5123579567759394
CA,past,2016-01-01T00:00:00Z,383216,0.5119227798421778
CA,past,2017-01-01T00:00:00Z,378918,0.5136177220401248
CA,past,2018-01-01T00:00:00Z,376127,0.5130554307454663
CA,past,2019-01-01T00:00:00Z,372056,0.5120035693551508
CA,past,2020-01-01T00:00:00Z,369322,0.5125175321264371
CA,past,2021-01-01T00:00:00Z,358001,0.5131689576286099
